Unieke identiticatie meetpunt;Datum staalname;Geanalyseerde fractie;Unieke identificatie gemeten parameter;Aanpak kwantificeringsgrens;Resultaat;Unieke identificatie van de eenheid
NL89_HANSWGL;04/01/2023;EB;1082;=;0.0032;µg/L
NL89_HANSWGL;30/01/2023;EB;1082;=;0.0032;µg/L
NL89_HANSWGL;28/02/2023;EB;1082;=;0.0055;µg/L
NL89_HANSWGL;27/03/2023;EB;1082;<;0.0030;µg/L
NL89_HANSWGL;24/04/2023;EB;1082;<;0.0030;µg/L
NL89_HANSWGL;22/06/2023;EB;1082;<;0.0030;µg/L
NL89_HANSWGL;17/07/2023;EB;1082;<;0.0030;µg/L
NL89_HANSWGL;14/08/2023;EB;1082;<;0.0030;µg/L
NL89_HANSWGL;12/09/2023;EB;1082;<;0.0030;µg/L
NL89_HANSWGL;11/10/2023;EB;1082;<;0.0030;µg/L
NL89_HANSWGL;08/11/2023;EB;1082;<;0.0030;µg/L
NL89_HANSWGL;05/12/2023;EB;1082;=;0.0247;µg/L
NL89_HANSWGL;04/01/2023;EB;1083;<;0.0002;µg/L
NL89_HANSWGL;30/01/2023;EB;1083;<;0.0002;µg/L
NL89_HANSWGL;28/02/2023;EB;1083;<;0.0002;µg/L
NL89_HANSWGL;27/03/2023;EB;1083;<;0.0002;µg/L
NL89_HANSWGL;24/04/2023;EB;1083;<;0.0002;µg/L
NL89_HANSWGL;22/06/2023;EB;1083;<;0.0002;µg/L
NL89_HANSWGL;17/07/2023;EB;1083;<;0.0002;µg/L
NL89_HANSWGL;14/08/2023;EB;1083;<;0.0002;µg/L
NL89_HANSWGL;12/09/2023;EB;1083;<;0.0002;µg/L
NL89_HANSWGL;11/10/2023;EB;1083;<;0.0002;µg/L
NL89_HANSWGL;08/11/2023;EB;1083;<;0.0002;µg/L
NL89_HANSWGL;05/12/2023;EB;1083;<;0.0002;µg/L
NL89_HANSWGL;04/01/2023;EB;1101;<;0.0006;µg/L
NL89_HANSWGL;30/01/2023;EB;1101;<;0.0006;µg/L
NL89_HANSWGL;28/02/2023;EB;1101;<;0.0006;µg/L
NL89_HANSWGL;27/03/2023;EB;1101;<;0.0006;µg/L
NL89_HANSWGL;24/04/2023;EB;1101;<;0.0006;µg/L
NL89_HANSWGL;22/06/2023;EB;1101;<;0.0006;µg/L
NL89_HANSWGL;17/07/2023;EB;1101;<;0.0006;µg/L
NL89_HANSWGL;14/08/2023;EB;1101;<;0.0006;µg/L
NL89_HANSWGL;12/09/2023;EB;1101;<;0.0006;µg/L
NL89_HANSWGL;11/10/2023;EB;1101;<;0.0006;µg/L
NL89_HANSWGL;08/11/2023;EB;1101;<;0.0006;µg/L
NL89_HANSWGL;05/12/2023;EB;1101;<;0.0006;µg/L
NL89_HANSWGL;04/01/2023;EB;1103;<;0.0003;µg/L
NL89_HANSWGL;30/01/2023;EB;1103;<;0.0003;µg/L
NL89_HANSWGL;28/02/2023;EB;1103;<;0.0003;µg/L
NL89_HANSWGL;27/03/2023;EB;1103;<;0.0003;µg/L
NL89_HANSWGL;24/04/2023;EB;1103;<;0.0003;µg/L
NL89_HANSWGL;22/06/2023;EB;1103;<;0.0003;µg/L
NL89_HANSWGL;17/07/2023;EB;1103;<;0.0003;µg/L
NL89_HANSWGL;14/08/2023;EB;1103;<;0.0003;µg/L
NL89_HANSWGL;12/09/2023;EB;1103;<;0.0003;µg/L
NL89_HANSWGL;11/10/2023;EB;1103;<;0.0003;µg/L
NL89_HANSWGL;08/11/2023;EB;1103;<;0.0003;µg/L
NL89_HANSWGL;05/12/2023;EB;1103;<;0.0003;µg/L
NL89_HANSWGL;04/01/2023;EB;1107;=;0.0018;µg/L
NL89_HANSWGL;30/01/2023;EB;1107;=;0.0019;µg/L
NL89_HANSWGL;28/02/2023;EB;1107;=;0.0016;µg/L
NL89_HANSWGL;27/03/2023;EB;1107;=;0.0016;µg/L
NL89_HANSWGL;24/04/2023;EB;1107;=;0.0016;µg/L
NL89_HANSWGL;22/06/2023;EB;1107;=;0.0013;µg/L
NL89_HANSWGL;17/07/2023;EB;1107;<;0.0006;µg/L
NL89_HANSWGL;14/08/2023;EB;1107;=;0.0013;µg/L
NL89_HANSWGL;12/09/2023;EB;1107;=;0.0013;µg/L
NL89_HANSWGL;11/10/2023;EB;1107;=;0.0012;µg/L
NL89_HANSWGL;08/11/2023;EB;1107;=;0.0015;µg/L
NL89_HANSWGL;05/12/2023;EB;1107;=;0.0016;µg/L
NL89_HANSWGL;04/01/2023;EB;1114;<;0.0100;µg/L
NL89_HANSWGL;30/01/2023;EB;1114;<;0.0100;µg/L
NL89_HANSWGL;28/02/2023;EB;1114;=;0.0200;µg/L
NL89_HANSWGL;27/03/2023;EB;1114;=;0.0600;µg/L
NL89_HANSWGL;24/04/2023;EB;1114;<;0.0100;µg/L
NL89_HANSWGL;22/06/2023;EB;1114;<;0.0100;µg/L
NL89_HANSWGL;17/07/2023;EB;1114;<;0.0100;µg/L
NL89_HANSWGL;14/08/2023;EB;1114;<;0.0100;µg/L
NL89_HANSWGL;12/09/2023;EB;1114;<;0.0100;µg/L
NL89_HANSWGL;11/10/2023;EB;1114;<;0.0100;µg/L
NL89_HANSWGL;08/11/2023;EB;1114;<;0.0100;µg/L
NL89_HANSWGL;05/12/2023;EB;1114;<;0.0100;µg/L
NL89_HANSWGL;04/01/2023;EB;1115;=;0.0045;µg/L
NL89_HANSWGL;30/01/2023;EB;1115;=;0.0035;µg/L
NL89_HANSWGL;28/02/2023;EB;1115;=;0.0043;µg/L
NL89_HANSWGL;27/03/2023;EB;1115;=;0.0032;µg/L
NL89_HANSWGL;24/04/2023;EB;1115;<;0.0020;µg/L
NL89_HANSWGL;22/06/2023;EB;1115;<;0.0020;µg/L
NL89_HANSWGL;17/07/2023;EB;1115;<;0.0020;µg/L
NL89_HANSWGL;14/08/2023;EB;1115;<;0.0020;µg/L
NL89_HANSWGL;12/09/2023;EB;1115;<;0.0020;µg/L
NL89_HANSWGL;11/10/2023;EB;1115;<;0.0020;µg/L
NL89_HANSWGL;08/11/2023;EB;1115;<;0.0020;µg/L
NL89_HANSWGL;05/12/2023;EB;1115;=;0.0266;µg/L
NL89_HANSWGL;04/01/2023;EB;1117;=;0.0035;µg/L
NL89_HANSWGL;30/01/2023;EB;1117;=;0.0027;µg/L
NL89_HANSWGL;28/02/2023;EB;1117;=;0.0031;µg/L
NL89_HANSWGL;27/03/2023;EB;1117;=;0.0024;µg/L
NL89_HANSWGL;24/04/2023;EB;1117;=;0.0017;µg/L
NL89_HANSWGL;22/06/2023;EB;1117;=;0.0006;µg/L
NL89_HANSWGL;17/07/2023;EB;1117;=;0.0010;µg/L
NL89_HANSWGL;14/08/2023;EB;1117;=;0.0008;µg/L
NL89_HANSWGL;12/09/2023;EB;1117;=;0.0006;µg/L
NL89_HANSWGL;11/10/2023;EB;1117;=;0.0008;µg/L
NL89_HANSWGL;08/11/2023;EB;1117;=;0.0010;µg/L
NL89_HANSWGL;05/12/2023;EB;1117;=;0.0151;µg/L
NL89_HANSWGL;04/01/2023;EB;1118;=;0.0048;µg/L
NL89_HANSWGL;30/01/2023;EB;1118;=;0.0036;µg/L
NL89_HANSWGL;28/02/2023;EB;1118;=;0.0036;µg/L
NL89_HANSWGL;27/03/2023;EB;1118;=;0.0036;µg/L
NL89_HANSWGL;24/04/2023;EB;1118;=;0.0025;µg/L
NL89_HANSWGL;22/06/2023;EB;1118;=;0.0010;µg/L
NL89_HANSWGL;17/07/2023;EB;1118;=;0.0013;µg/L
NL89_HANSWGL;14/08/2023;EB;1118;=;0.0008;µg/L
NL89_HANSWGL;12/09/2023;EB;1118;=;0.0010;µg/L
NL89_HANSWGL;11/10/2023;EB;1118;=;0.0011;µg/L
NL89_HANSWGL;08/11/2023;EB;1118;=;0.0012;µg/L
NL89_HANSWGL;05/12/2023;EB;1118;=;0.0266;µg/L
NL89_HANSWGL;04/01/2023;EB;1119;<;0.0004;µg/L
NL89_HANSWGL;30/01/2023;EB;1119;<;0.0004;µg/L
NL89_HANSWGL;28/02/2023;EB;1119;<;0.0004;µg/L
NL89_HANSWGL;27/03/2023;EB;1119;<;0.0004;µg/L
NL89_HANSWGL;24/04/2023;EB;1119;<;0.0004;µg/L
NL89_HANSWGL;22/06/2023;EB;1119;<;0.0004;µg/L
NL89_HANSWGL;17/07/2023;EB;1119;<;0.0004;µg/L
NL89_HANSWGL;14/08/2023;EB;1119;<;0.0004;µg/L
NL89_HANSWGL;12/09/2023;EB;1119;<;0.0004;µg/L
NL89_HANSWGL;11/10/2023;EB;1119;<;0.0004;µg/L
NL89_HANSWGL;08/11/2023;EB;1119;<;0.0004;µg/L
NL89_HANSWGL;05/12/2023;EB;1119;<;0.0004;µg/L
NL89_HANSWGL;04/01/2023;EB;1135;=;0.0200;µg/L
NL89_HANSWGL;30/01/2023;EB;1135;<;0.0100;µg/L
NL89_HANSWGL;28/02/2023;EB;1135;<;0.0100;µg/L
NL89_HANSWGL;27/03/2023;EB;1135;=;0.0300;µg/L
NL89_HANSWGL;24/04/2023;EB;1135;<;0.0100;µg/L
NL89_HANSWGL;22/06/2023;EB;1135;=;1.4000;µg/L
NL89_HANSWGL;17/07/2023;EB;1135;=;0.0900;µg/L
NL89_HANSWGL;14/08/2023;EB;1135;=;0.0100;µg/L
NL89_HANSWGL;12/09/2023;EB;1135;<;0.0100;µg/L
NL89_HANSWGL;11/10/2023;EB;1135;<;0.0100;µg/L
NL89_HANSWGL;08/11/2023;EB;1135;<;0.0100;µg/L
NL89_HANSWGL;05/12/2023;EB;1135;<;0.0100;µg/L
NL89_HANSWGL;04/01/2023;EB;1140;<;0.0007;µg/L
NL89_HANSWGL;30/01/2023;EB;1140;<;0.0007;µg/L
NL89_HANSWGL;28/02/2023;EB;1140;<;0.0007;µg/L
NL89_HANSWGL;27/03/2023;EB;1140;<;0.0007;µg/L
NL89_HANSWGL;24/04/2023;EB;1140;<;0.0007;µg/L
NL89_HANSWGL;22/06/2023;EB;1140;<;0.0007;µg/L
NL89_HANSWGL;17/07/2023;EB;1140;<;0.0007;µg/L
NL89_HANSWGL;14/08/2023;EB;1140;<;0.0007;µg/L
NL89_HANSWGL;12/09/2023;EB;1140;<;0.0007;µg/L
NL89_HANSWGL;11/10/2023;EB;1140;<;0.0007;µg/L
NL89_HANSWGL;08/11/2023;EB;1140;<;0.0007;µg/L
NL89_HANSWGL;05/12/2023;EB;1140;<;0.0007;µg/L
NL89_HANSWGL;04/01/2023;EB;1144;<;0.0003;µg/L
NL89_HANSWGL;30/01/2023;EB;1144;<;0.0003;µg/L
NL89_HANSWGL;28/02/2023;EB;1144;<;0.0003;µg/L
NL89_HANSWGL;27/03/2023;EB;1144;<;0.0003;µg/L
NL89_HANSWGL;24/04/2023;EB;1144;<;0.0003;µg/L
NL89_HANSWGL;22/06/2023;EB;1144;<;0.0003;µg/L
NL89_HANSWGL;17/07/2023;EB;1144;<;0.0003;µg/L
NL89_HANSWGL;14/08/2023;EB;1144;<;0.0003;µg/L
NL89_HANSWGL;12/09/2023;EB;1144;<;0.0003;µg/L
NL89_HANSWGL;11/10/2023;EB;1144;<;0.0003;µg/L
NL89_HANSWGL;08/11/2023;EB;1144;<;0.0003;µg/L
NL89_HANSWGL;05/12/2023;EB;1144;<;0.0003;µg/L
NL89_HANSWGL;04/01/2023;EB;1146;<;0.0002;µg/L
NL89_HANSWGL;30/01/2023;EB;1146;<;0.0002;µg/L
NL89_HANSWGL;28/02/2023;EB;1146;<;0.0002;µg/L
NL89_HANSWGL;27/03/2023;EB;1146;<;0.0002;µg/L
NL89_HANSWGL;24/04/2023;EB;1146;<;0.0002;µg/L
NL89_HANSWGL;22/06/2023;EB;1146;<;0.0002;µg/L
NL89_HANSWGL;17/07/2023;EB;1146;<;0.0002;µg/L
NL89_HANSWGL;14/08/2023;EB;1146;<;0.0002;µg/L
NL89_HANSWGL;12/09/2023;EB;1146;<;0.0002;µg/L
NL89_HANSWGL;11/10/2023;EB;1146;<;0.0002;µg/L
NL89_HANSWGL;08/11/2023;EB;1146;<;0.0002;µg/L
NL89_HANSWGL;05/12/2023;EB;1146;<;0.0002;µg/L
NL89_HANSWGL;04/01/2023;EB;1147;<;0.0006;µg/L
NL89_HANSWGL;30/01/2023;EB;1147;<;0.0006;µg/L
NL89_HANSWGL;28/02/2023;EB;1147;<;0.0006;µg/L
NL89_HANSWGL;27/03/2023;EB;1147;<;0.0006;µg/L
NL89_HANSWGL;24/04/2023;EB;1147;<;0.0006;µg/L
NL89_HANSWGL;22/06/2023;EB;1147;<;0.0006;µg/L
NL89_HANSWGL;17/07/2023;EB;1147;<;0.0006;µg/L
NL89_HANSWGL;14/08/2023;EB;1147;<;0.0006;µg/L
NL89_HANSWGL;12/09/2023;EB;1147;<;0.0006;µg/L
NL89_HANSWGL;11/10/2023;EB;1147;<;0.0006;µg/L
NL89_HANSWGL;08/11/2023;EB;1147;<;0.0006;µg/L
NL89_HANSWGL;05/12/2023;EB;1147;<;0.0006;µg/L
NL89_HANSWGL;04/01/2023;EB;1148;<;0.0002;µg/L
NL89_HANSWGL;30/01/2023;EB;1148;<;0.0002;µg/L
NL89_HANSWGL;28/02/2023;EB;1148;<;0.0002;µg/L
NL89_HANSWGL;27/03/2023;EB;1148;<;0.0002;µg/L
NL89_HANSWGL;24/04/2023;EB;1148;<;0.0002;µg/L
NL89_HANSWGL;22/06/2023;EB;1148;<;0.0002;µg/L
NL89_HANSWGL;17/07/2023;EB;1148;<;0.0002;µg/L
NL89_HANSWGL;14/08/2023;EB;1148;<;0.0002;µg/L
NL89_HANSWGL;12/09/2023;EB;1148;<;0.0002;µg/L
NL89_HANSWGL;11/10/2023;EB;1148;<;0.0002;µg/L
NL89_HANSWGL;08/11/2023;EB;1148;<;0.0002;µg/L
NL89_HANSWGL;05/12/2023;EB;1148;<;0.0002;µg/L
NL89_HANSWGL;04/01/2023;EB;1161;<;0.0100;µg/L
NL89_HANSWGL;30/01/2023;EB;1161;<;0.0100;µg/L
NL89_HANSWGL;28/02/2023;EB;1161;<;0.0100;µg/L
NL89_HANSWGL;27/03/2023;EB;1161;<;0.0100;µg/L
NL89_HANSWGL;24/04/2023;EB;1161;<;0.0100;µg/L
NL89_HANSWGL;22/06/2023;EB;1161;<;0.0100;µg/L
NL89_HANSWGL;17/07/2023;EB;1161;<;0.0100;µg/L
NL89_HANSWGL;14/08/2023;EB;1161;<;0.0100;µg/L
NL89_HANSWGL;12/09/2023;EB;1161;<;0.0100;µg/L
NL89_HANSWGL;11/10/2023;EB;1161;<;0.0100;µg/L
NL89_HANSWGL;08/11/2023;EB;1161;<;0.0100;µg/L
NL89_HANSWGL;05/12/2023;EB;1161;<;0.0100;µg/L
NL89_HANSWGL;04/01/2023;EB;1168;<;0.5000;µg/L
NL89_HANSWGL;30/01/2023;EB;1168;<;0.5000;µg/L
NL89_HANSWGL;28/02/2023;EB;1168;<;0.5000;µg/L
NL89_HANSWGL;27/03/2023;EB;1168;<;0.5000;µg/L
NL89_HANSWGL;24/04/2023;EB;1168;<;0.5000;µg/L
NL89_HANSWGL;22/06/2023;EB;1168;<;0.5000;µg/L
NL89_HANSWGL;17/07/2023;EB;1168;<;0.5000;µg/L
NL89_HANSWGL;14/08/2023;EB;1168;<;0.5000;µg/L
NL89_HANSWGL;12/09/2023;EB;1168;<;0.5000;µg/L
NL89_HANSWGL;11/10/2023;EB;1168;<;0.5000;µg/L
NL89_HANSWGL;08/11/2023;EB;1168;<;0.5000;µg/L
NL89_HANSWGL;05/12/2023;EB;1168;<;0.5000;µg/L
NL89_HANSWGL;04/01/2023;EB;1170;<;0.0003;µg/L
NL89_HANSWGL;30/01/2023;EB;1170;<;0.0003;µg/L
NL89_HANSWGL;28/02/2023;EB;1170;<;0.0003;µg/L
NL89_HANSWGL;27/03/2023;EB;1170;<;0.0003;µg/L
NL89_HANSWGL;24/04/2023;EB;1170;<;0.0003;µg/L
NL89_HANSWGL;22/06/2023;EB;1170;<;0.0003;µg/L
NL89_HANSWGL;17/07/2023;EB;1170;<;0.0003;µg/L
NL89_HANSWGL;14/08/2023;EB;1170;<;0.0003;µg/L
NL89_HANSWGL;12/09/2023;EB;1170;<;0.0003;µg/L
NL89_HANSWGL;11/10/2023;EB;1170;<;0.0003;µg/L
NL89_HANSWGL;08/11/2023;EB;1170;<;0.0003;µg/L
NL89_HANSWGL;05/12/2023;EB;1170;<;0.0003;µg/L
NL89_HANSWGL;04/01/2023;EB;1172;=;0.0002;µg/L
NL89_HANSWGL;30/01/2023;EB;1172;=;0.0001;µg/L
NL89_HANSWGL;28/02/2023;EB;1172;=;0.0001;µg/L
NL89_HANSWGL;27/03/2023;EB;1172;=;0.0001;µg/L
NL89_HANSWGL;24/04/2023;EB;1172;=;0.0001;µg/L
NL89_HANSWGL;22/06/2023;EB;1172;=;0.0001;µg/L
NL89_HANSWGL;17/07/2023;EB;1172;=;0.0003;µg/L
NL89_HANSWGL;14/08/2023;EB;1172;<;0.0001;µg/L
NL89_HANSWGL;12/09/2023;EB;1172;=;0.0002;µg/L
NL89_HANSWGL;11/10/2023;EB;1172;<;0.0001;µg/L
NL89_HANSWGL;08/11/2023;EB;1172;<;0.0001;µg/L
NL89_HANSWGL;05/12/2023;EB;1172;=;0.0001;µg/L
NL89_HANSWGL;04/01/2023;EB;1173;<;0.0002;µg/L
NL89_HANSWGL;30/01/2023;EB;1173;<;0.0002;µg/L
NL89_HANSWGL;28/02/2023;EB;1173;<;0.0002;µg/L
NL89_HANSWGL;27/03/2023;EB;1173;<;0.0002;µg/L
NL89_HANSWGL;24/04/2023;EB;1173;<;0.0002;µg/L
NL89_HANSWGL;22/06/2023;EB;1173;<;0.0002;µg/L
NL89_HANSWGL;17/07/2023;EB;1173;<;0.0002;µg/L
NL89_HANSWGL;14/08/2023;EB;1173;<;0.0002;µg/L
NL89_HANSWGL;12/09/2023;EB;1173;<;0.0002;µg/L
NL89_HANSWGL;11/10/2023;EB;1173;<;0.0002;µg/L
NL89_HANSWGL;08/11/2023;EB;1173;<;0.0002;µg/L
NL89_HANSWGL;05/12/2023;EB;1173;<;0.0002;µg/L
NL89_HANSWGL;04/01/2023;EB;1177;=;0.0051;µg/L
NL89_HANSWGL;30/01/2023;EB;1177;=;0.0050;µg/L
NL89_HANSWGL;28/02/2023;EB;1177;=;0.0039;µg/L
NL89_HANSWGL;27/03/2023;EB;1177;=;0.0035;µg/L
NL89_HANSWGL;24/04/2023;EB;1177;=;0.0038;µg/L
NL89_HANSWGL;22/06/2023;EB;1177;=;0.0033;µg/L
NL89_HANSWGL;17/07/2023;EB;1177;<;0.0009;µg/L
NL89_HANSWGL;14/08/2023;EB;1177;=;0.0039;µg/L
NL89_HANSWGL;12/09/2023;EB;1177;=;0.0040;µg/L
NL89_HANSWGL;11/10/2023;EB;1177;=;0.0038;µg/L
NL89_HANSWGL;08/11/2023;EB;1177;=;0.0048;µg/L
NL89_HANSWGL;05/12/2023;EB;1177;=;0.0055;µg/L
NL89_HANSWGL;04/01/2023;EB;1178;<;0.0004;µg/L
NL89_HANSWGL;30/01/2023;EB;1178;<;0.0004;µg/L
NL89_HANSWGL;28/02/2023;EB;1178;<;0.0004;µg/L
NL89_HANSWGL;27/03/2023;EB;1178;<;0.0004;µg/L
NL89_HANSWGL;24/04/2023;EB;1178;<;0.0004;µg/L
NL89_HANSWGL;22/06/2023;EB;1178;<;0.0004;µg/L
NL89_HANSWGL;17/07/2023;EB;1178;<;0.0004;µg/L
NL89_HANSWGL;14/08/2023;EB;1178;<;0.0004;µg/L
NL89_HANSWGL;12/09/2023;EB;1178;<;0.0004;µg/L
NL89_HANSWGL;11/10/2023;EB;1178;<;0.0004;µg/L
NL89_HANSWGL;08/11/2023;EB;1178;<;0.0004;µg/L
NL89_HANSWGL;05/12/2023;EB;1178;<;0.0004;µg/L
NL89_HANSWGL;04/01/2023;EB;1179;<;0.0003;µg/L
NL89_HANSWGL;30/01/2023;EB;1179;<;0.0003;µg/L
NL89_HANSWGL;28/02/2023;EB;1179;<;0.0003;µg/L
NL89_HANSWGL;27/03/2023;EB;1179;<;0.0003;µg/L
NL89_HANSWGL;24/04/2023;EB;1179;<;0.0003;µg/L
NL89_HANSWGL;22/06/2023;EB;1179;<;0.0003;µg/L
NL89_HANSWGL;17/07/2023;EB;1179;<;0.0003;µg/L
NL89_HANSWGL;14/08/2023;EB;1179;<;0.0003;µg/L
NL89_HANSWGL;12/09/2023;EB;1179;<;0.0003;µg/L
NL89_HANSWGL;11/10/2023;EB;1179;<;0.0003;µg/L
NL89_HANSWGL;08/11/2023;EB;1179;<;0.0003;µg/L
NL89_HANSWGL;05/12/2023;EB;1179;=;0.0007;µg/L
NL89_HANSWGL;04/01/2023;EB;1181;<;0.0010;µg/L
NL89_HANSWGL;30/01/2023;EB;1181;<;0.0010;µg/L
NL89_HANSWGL;28/02/2023;EB;1181;<;0.0010;µg/L
NL89_HANSWGL;27/03/2023;EB;1181;<;0.0010;µg/L
NL89_HANSWGL;24/04/2023;EB;1181;<;0.0010;µg/L
NL89_HANSWGL;22/06/2023;EB;1181;<;0.0010;µg/L
NL89_HANSWGL;17/07/2023;EB;1181;<;0.0010;µg/L
NL89_HANSWGL;14/08/2023;EB;1181;<;0.0010;µg/L
NL89_HANSWGL;12/09/2023;EB;1181;<;0.0010;µg/L
NL89_HANSWGL;11/10/2023;EB;1181;<;0.0010;µg/L
NL89_HANSWGL;08/11/2023;EB;1181;<;0.0010;µg/L
NL89_HANSWGL;05/12/2023;EB;1181;<;0.0010;µg/L
NL89_HANSWGL;04/01/2023;EB;1191;=;0.0128;µg/L
NL89_HANSWGL;30/01/2023;EB;1191;=;0.0081;µg/L
NL89_HANSWGL;28/02/2023;EB;1191;=;0.0139;µg/L
NL89_HANSWGL;27/03/2023;EB;1191;=;0.0116;µg/L
NL89_HANSWGL;24/04/2023;EB;1191;=;0.0123;µg/L
NL89_HANSWGL;22/06/2023;EB;1191;=;0.0103;µg/L
NL89_HANSWGL;17/07/2023;EB;1191;=;0.0105;µg/L
NL89_HANSWGL;14/08/2023;EB;1191;=;0.0048;µg/L
NL89_HANSWGL;12/09/2023;EB;1191;=;0.0068;µg/L
NL89_HANSWGL;11/10/2023;EB;1191;=;0.0051;µg/L
NL89_HANSWGL;08/11/2023;EB;1191;=;0.0053;µg/L
NL89_HANSWGL;05/12/2023;EB;1191;=;0.0754;µg/L
NL89_HANSWGL;04/01/2023;EB;1197;<;0.0001;µg/L
NL89_HANSWGL;30/01/2023;EB;1197;<;0.0001;µg/L
NL89_HANSWGL;28/02/2023;EB;1197;<;0.0001;µg/L
NL89_HANSWGL;27/03/2023;EB;1197;<;0.0001;µg/L
NL89_HANSWGL;24/04/2023;EB;1197;<;0.0001;µg/L
NL89_HANSWGL;22/06/2023;EB;1197;<;0.0001;µg/L
NL89_HANSWGL;17/07/2023;EB;1197;<;0.0001;µg/L
NL89_HANSWGL;14/08/2023;EB;1197;<;0.0001;µg/L
NL89_HANSWGL;12/09/2023;EB;1197;<;0.0001;µg/L
NL89_HANSWGL;11/10/2023;EB;1197;<;0.0001;µg/L
NL89_HANSWGL;08/11/2023;EB;1197;<;0.0001;µg/L
NL89_HANSWGL;05/12/2023;EB;1197;<;0.0001;µg/L
NL89_HANSWGL;04/01/2023;EB;1198;<;0.0001;µg/L
NL89_HANSWGL;30/01/2023;EB;1198;<;0.0001;µg/L
NL89_HANSWGL;28/02/2023;EB;1198;<;0.0001;µg/L
NL89_HANSWGL;27/03/2023;EB;1198;<;0.0001;µg/L
NL89_HANSWGL;24/04/2023;EB;1198;<;0.0001;µg/L
NL89_HANSWGL;22/06/2023;EB;1198;<;0.0001;µg/L
NL89_HANSWGL;17/07/2023;EB;1198;<;0.0001;µg/L
NL89_HANSWGL;14/08/2023;EB;1198;<;0.0001;µg/L
NL89_HANSWGL;12/09/2023;EB;1198;<;0.0001;µg/L
NL89_HANSWGL;11/10/2023;EB;1198;<;0.0001;µg/L
NL89_HANSWGL;08/11/2023;EB;1198;<;0.0001;µg/L
NL89_HANSWGL;05/12/2023;EB;1198;<;0.0001;µg/L
NL89_HANSWGL;04/01/2023;EB;1199;<;0.0002;µg/L
NL89_HANSWGL;30/01/2023;EB;1199;<;0.0002;µg/L
NL89_HANSWGL;28/02/2023;EB;1199;<;0.0002;µg/L
NL89_HANSWGL;27/03/2023;EB;1199;<;0.0002;µg/L
NL89_HANSWGL;24/04/2023;EB;1199;<;0.0002;µg/L
NL89_HANSWGL;22/06/2023;EB;1199;<;0.0002;µg/L
NL89_HANSWGL;17/07/2023;EB;1199;<;0.0002;µg/L
NL89_HANSWGL;14/08/2023;EB;1199;<;0.0002;µg/L
NL89_HANSWGL;12/09/2023;EB;1199;<;0.0002;µg/L
NL89_HANSWGL;11/10/2023;EB;1199;<;0.0002;µg/L
NL89_HANSWGL;08/11/2023;EB;1199;<;0.0002;µg/L
NL89_HANSWGL;05/12/2023;EB;1199;<;0.0002;µg/L
NL89_HANSWGL;04/01/2023;EB;1200;<;0.0001;µg/L
NL89_HANSWGL;30/01/2023;EB;1200;<;0.0001;µg/L
NL89_HANSWGL;28/02/2023;EB;1200;<;0.0001;µg/L
NL89_HANSWGL;27/03/2023;EB;1200;<;0.0001;µg/L
NL89_HANSWGL;24/04/2023;EB;1200;<;0.0001;µg/L
NL89_HANSWGL;22/06/2023;EB;1200;<;0.0001;µg/L
NL89_HANSWGL;17/07/2023;EB;1200;<;0.0001;µg/L
NL89_HANSWGL;14/08/2023;EB;1200;<;0.0001;µg/L
NL89_HANSWGL;12/09/2023;EB;1200;<;0.0001;µg/L
NL89_HANSWGL;11/10/2023;EB;1200;<;0.0001;µg/L
NL89_HANSWGL;08/11/2023;EB;1200;<;0.0001;µg/L
NL89_HANSWGL;05/12/2023;EB;1200;<;0.0001;µg/L
NL89_HANSWGL;04/01/2023;EB;1201;=;0.0001;µg/L
NL89_HANSWGL;30/01/2023;EB;1201;<;0.0001;µg/L
NL89_HANSWGL;28/02/2023;EB;1201;<;0.0001;µg/L
NL89_HANSWGL;27/03/2023;EB;1201;<;0.0001;µg/L
NL89_HANSWGL;24/04/2023;EB;1201;<;0.0001;µg/L
NL89_HANSWGL;22/06/2023;EB;1201;<;0.0001;µg/L
NL89_HANSWGL;17/07/2023;EB;1201;<;0.0001;µg/L
NL89_HANSWGL;14/08/2023;EB;1201;<;0.0001;µg/L
NL89_HANSWGL;12/09/2023;EB;1201;<;0.0001;µg/L
NL89_HANSWGL;11/10/2023;EB;1201;<;0.0001;µg/L
NL89_HANSWGL;08/11/2023;EB;1201;<;0.0001;µg/L
NL89_HANSWGL;05/12/2023;EB;1201;<;0.0001;µg/L
NL89_HANSWGL;04/01/2023;EB;1202;<;0.0001;µg/L
NL89_HANSWGL;30/01/2023;EB;1202;<;0.0001;µg/L
NL89_HANSWGL;28/02/2023;EB;1202;<;0.0001;µg/L
NL89_HANSWGL;27/03/2023;EB;1202;<;0.0001;µg/L
NL89_HANSWGL;24/04/2023;EB;1202;<;0.0001;µg/L
NL89_HANSWGL;22/06/2023;EB;1202;<;0.0001;µg/L
NL89_HANSWGL;17/07/2023;EB;1202;<;0.0001;µg/L
NL89_HANSWGL;14/08/2023;EB;1202;<;0.0001;µg/L
NL89_HANSWGL;12/09/2023;EB;1202;<;0.0001;µg/L
NL89_HANSWGL;11/10/2023;EB;1202;<;0.0001;µg/L
NL89_HANSWGL;08/11/2023;EB;1202;<;0.0001;µg/L
NL89_HANSWGL;05/12/2023;EB;1202;<;0.0001;µg/L
NL89_HANSWGL;04/01/2023;EB;1203;=;0.0001;µg/L
NL89_HANSWGL;30/01/2023;EB;1203;=;0.0002;µg/L
NL89_HANSWGL;28/02/2023;EB;1203;=;0.0001;µg/L
NL89_HANSWGL;27/03/2023;EB;1203;=;0.0001;µg/L
NL89_HANSWGL;24/04/2023;EB;1203;=;0.0001;µg/L
NL89_HANSWGL;22/06/2023;EB;1203;=;0.0001;µg/L
NL89_HANSWGL;17/07/2023;EB;1203;<;0.0001;µg/L
NL89_HANSWGL;14/08/2023;EB;1203;<;0.0001;µg/L
NL89_HANSWGL;12/09/2023;EB;1203;<;0.0001;µg/L
NL89_HANSWGL;11/10/2023;EB;1203;<;0.0001;µg/L
NL89_HANSWGL;08/11/2023;EB;1203;=;0.0001;µg/L
NL89_HANSWGL;05/12/2023;EB;1203;=;0.0001;µg/L
NL89_HANSWGL;04/01/2023;EB;1204;=;0.0056;µg/L
NL89_HANSWGL;30/01/2023;EB;1204;=;0.0036;µg/L
NL89_HANSWGL;28/02/2023;EB;1204;=;0.0042;µg/L
NL89_HANSWGL;27/03/2023;EB;1204;=;0.0035;µg/L
NL89_HANSWGL;24/04/2023;EB;1204;=;0.0023;µg/L
NL89_HANSWGL;22/06/2023;EB;1204;=;0.0009;µg/L
NL89_HANSWGL;17/07/2023;EB;1204;=;0.0012;µg/L
NL89_HANSWGL;14/08/2023;EB;1204;=;0.0008;µg/L
NL89_HANSWGL;12/09/2023;EB;1204;=;0.0009;µg/L
NL89_HANSWGL;11/10/2023;EB;1204;=;0.0012;µg/L
NL89_HANSWGL;08/11/2023;EB;1204;=;0.0012;µg/L
NL89_HANSWGL;05/12/2023;EB;1204;=;0.0241;µg/L
NL89_HANSWGL;04/01/2023;EB;1207;<;0.0003;µg/L
NL89_HANSWGL;30/01/2023;EB;1207;<;0.0003;µg/L
NL89_HANSWGL;28/02/2023;EB;1207;<;0.0003;µg/L
NL89_HANSWGL;27/03/2023;EB;1207;<;0.0003;µg/L
NL89_HANSWGL;24/04/2023;EB;1207;<;0.0003;µg/L
NL89_HANSWGL;22/06/2023;EB;1207;<;0.0003;µg/L
NL89_HANSWGL;17/07/2023;EB;1207;<;0.0003;µg/L
NL89_HANSWGL;14/08/2023;EB;1207;<;0.0003;µg/L
NL89_HANSWGL;12/09/2023;EB;1207;<;0.0003;µg/L
NL89_HANSWGL;11/10/2023;EB;1207;<;0.0003;µg/L
NL89_HANSWGL;08/11/2023;EB;1207;<;0.0003;µg/L
NL89_HANSWGL;05/12/2023;EB;1207;<;0.0003;µg/L
NL89_HANSWGL;04/01/2023;EB;1208;=;0.0015;µg/L
NL89_HANSWGL;30/01/2023;EB;1208;=;0.0020;µg/L
NL89_HANSWGL;28/02/2023;EB;1208;=;0.0017;µg/L
NL89_HANSWGL;27/03/2023;EB;1208;=;0.0013;µg/L
NL89_HANSWGL;24/04/2023;EB;1208;=;0.0011;µg/L
NL89_HANSWGL;22/06/2023;EB;1208;=;0.0006;µg/L
NL89_HANSWGL;17/07/2023;EB;1208;<;0.0002;µg/L
NL89_HANSWGL;14/08/2023;EB;1208;=;0.0007;µg/L
NL89_HANSWGL;12/09/2023;EB;1208;=;0.0007;µg/L
NL89_HANSWGL;11/10/2023;EB;1208;=;0.0005;µg/L
NL89_HANSWGL;08/11/2023;EB;1208;=;0.0012;µg/L
NL89_HANSWGL;05/12/2023;EB;1208;=;0.0016;µg/L
NL89_HANSWGL;04/01/2023;EB;1235;<;0.1000;µg/L
NL89_HANSWGL;30/01/2023;EB;1235;<;0.1000;µg/L
NL89_HANSWGL;28/02/2023;EB;1235;<;0.1000;µg/L
NL89_HANSWGL;27/03/2023;EB;1235;<;0.1000;µg/L
NL89_HANSWGL;24/04/2023;EB;1235;<;0.1000;µg/L
NL89_HANSWGL;22/06/2023;EB;1235;<;0.1000;µg/L
NL89_HANSWGL;17/07/2023;EB;1235;<;0.1000;µg/L
NL89_HANSWGL;14/08/2023;EB;1235;<;0.1000;µg/L
NL89_HANSWGL;12/09/2023;EB;1235;<;0.1000;µg/L
NL89_HANSWGL;11/10/2023;EB;1235;<;0.1000;µg/L
NL89_HANSWGL;08/11/2023;EB;1235;<;0.1000;µg/L
NL89_HANSWGL;05/12/2023;EB;1235;<;0.1000;µg/L
NL89_HANSWGL;04/01/2023;EB;1263;=;0.0011;µg/L
NL89_HANSWGL;30/01/2023;EB;1263;=;0.0011;µg/L
NL89_HANSWGL;28/02/2023;EB;1263;=;0.0009;µg/L
NL89_HANSWGL;27/03/2023;EB;1263;=;0.0008;µg/L
NL89_HANSWGL;24/04/2023;EB;1263;=;0.0008;µg/L
NL89_HANSWGL;22/06/2023;EB;1263;=;0.0007;µg/L
NL89_HANSWGL;17/07/2023;EB;1263;<;0.0005;µg/L
NL89_HANSWGL;14/08/2023;EB;1263;=;0.0010;µg/L
NL89_HANSWGL;12/09/2023;EB;1263;=;0.0013;µg/L
NL89_HANSWGL;11/10/2023;EB;1263;=;0.0011;µg/L
NL89_HANSWGL;08/11/2023;EB;1263;=;0.0012;µg/L
NL89_HANSWGL;05/12/2023;EB;1263;=;0.0011;µg/L
NL89_HANSWGL;04/01/2023;EB;1269;=;0.0020;µg/L
NL89_HANSWGL;30/01/2023;EB;1269;=;0.0022;µg/L
NL89_HANSWGL;28/02/2023;EB;1269;=;0.0018;µg/L
NL89_HANSWGL;27/03/2023;EB;1269;=;0.0016;µg/L
NL89_HANSWGL;24/04/2023;EB;1269;=;0.0015;µg/L
NL89_HANSWGL;22/06/2023;EB;1269;=;0.0009;µg/L
NL89_HANSWGL;17/07/2023;EB;1269;<;0.0006;µg/L
NL89_HANSWGL;14/08/2023;EB;1269;=;0.0011;µg/L
NL89_HANSWGL;12/09/2023;EB;1269;=;0.0012;µg/L
NL89_HANSWGL;11/10/2023;EB;1269;=;0.0010;µg/L
NL89_HANSWGL;08/11/2023;EB;1269;=;0.0016;µg/L
NL89_HANSWGL;05/12/2023;EB;1269;=;0.0022;µg/L
NL89_HANSWGL;04/01/2023;EB;1272;<;0.0100;µg/L
NL89_HANSWGL;30/01/2023;EB;1272;<;0.0100;µg/L
NL89_HANSWGL;28/02/2023;EB;1272;=;0.7100;µg/L
NL89_HANSWGL;27/03/2023;EB;1272;=;0.9700;µg/L
NL89_HANSWGL;24/04/2023;EB;1272;<;0.0100;µg/L
NL89_HANSWGL;22/06/2023;EB;1272;<;0.0100;µg/L
NL89_HANSWGL;17/07/2023;EB;1272;<;0.0100;µg/L
NL89_HANSWGL;14/08/2023;EB;1272;<;0.0100;µg/L
NL89_HANSWGL;12/09/2023;EB;1272;<;0.0100;µg/L
NL89_HANSWGL;11/10/2023;EB;1272;<;0.0100;µg/L
NL89_HANSWGL;08/11/2023;EB;1272;<;0.0100;µg/L
NL89_HANSWGL;05/12/2023;EB;1272;<;0.0100;µg/L
NL89_HANSWGL;04/01/2023;EB;1276;<;0.0100;µg/L
NL89_HANSWGL;30/01/2023;EB;1276;<;0.0100;µg/L
NL89_HANSWGL;28/02/2023;EB;1276;<;0.0100;µg/L
NL89_HANSWGL;27/03/2023;EB;1276;<;0.0100;µg/L
NL89_HANSWGL;24/04/2023;EB;1276;<;0.0100;µg/L
NL89_HANSWGL;22/06/2023;EB;1276;<;0.1000;µg/L
NL89_HANSWGL;17/07/2023;EB;1276;<;0.0100;µg/L
NL89_HANSWGL;14/08/2023;EB;1276;<;0.0100;µg/L
NL89_HANSWGL;12/09/2023;EB;1276;<;0.0100;µg/L
NL89_HANSWGL;11/10/2023;EB;1276;<;0.0100;µg/L
NL89_HANSWGL;08/11/2023;EB;1276;<;0.0100;µg/L
NL89_HANSWGL;05/12/2023;EB;1276;<;0.0100;µg/L
NL89_HANSWGL;04/01/2023;EB;1283;<;0.0100;µg/L
NL89_HANSWGL;30/01/2023;EB;1283;<;0.0100;µg/L
NL89_HANSWGL;28/02/2023;EB;1283;<;0.0100;µg/L
NL89_HANSWGL;27/03/2023;EB;1283;<;0.0100;µg/L
NL89_HANSWGL;24/04/2023;EB;1283;<;0.0100;µg/L
NL89_HANSWGL;22/06/2023;EB;1283;<;0.0100;µg/L
NL89_HANSWGL;17/07/2023;EB;1283;<;0.0100;µg/L
NL89_HANSWGL;14/08/2023;EB;1283;<;0.0100;µg/L
NL89_HANSWGL;12/09/2023;EB;1283;<;0.0100;µg/L
NL89_HANSWGL;11/10/2023;EB;1283;<;0.0100;µg/L
NL89_HANSWGL;08/11/2023;EB;1283;<;0.0100;µg/L
NL89_HANSWGL;05/12/2023;EB;1283;<;0.0100;µg/L
NL89_HANSWGL;04/01/2023;EB;1286;<;0.0100;µg/L
NL89_HANSWGL;30/01/2023;EB;1286;<;0.0100;µg/L
NL89_HANSWGL;28/02/2023;EB;1286;<;0.0100;µg/L
NL89_HANSWGL;27/03/2023;EB;1286;<;0.0100;µg/L
NL89_HANSWGL;24/04/2023;EB;1286;<;0.0100;µg/L
NL89_HANSWGL;22/06/2023;EB;1286;<;0.0100;µg/L
NL89_HANSWGL;17/07/2023;EB;1286;<;0.0100;µg/L
NL89_HANSWGL;14/08/2023;EB;1286;<;0.0100;µg/L
NL89_HANSWGL;12/09/2023;EB;1286;<;0.0100;µg/L
NL89_HANSWGL;11/10/2023;EB;1286;<;0.0100;µg/L
NL89_HANSWGL;08/11/2023;EB;1286;<;0.0100;µg/L
NL89_HANSWGL;05/12/2023;EB;1286;<;0.0100;µg/L
NL89_HANSWGL;04/01/2023;EB;1289;=;NV;µg/L
NL89_HANSWGL;30/01/2023;EB;1289;=;NV;µg/L
NL89_HANSWGL;28/02/2023;EB;1289;=;NV;µg/L
NL89_HANSWGL;27/03/2023;EB;1289;=;NV;µg/L
NL89_HANSWGL;24/04/2023;EB;1289;=;NV;µg/L
NL89_HANSWGL;22/06/2023;EB;1289;=;NV;µg/L
NL89_HANSWGL;17/07/2023;EB;1289;=;NV;µg/L
NL89_HANSWGL;14/08/2023;EB;1289;=;NV;µg/L
NL89_HANSWGL;12/09/2023;EB;1289;=;NV;µg/L
NL89_HANSWGL;04/01/2023;EB;1301;=;7.7100;°C
NL89_HANSWGL;30/01/2023;EB;1301;=;5.6900;°C
NL89_HANSWGL;28/02/2023;EB;1301;=;6.6600;°C
NL89_HANSWGL;27/03/2023;EB;1301;=;8.7300;°C
NL89_HANSWGL;12/04/2023;EB;1301;=;10.1000;°C
NL89_HANSWGL;24/04/2023;EB;1301;=;10.8000;°C
NL89_HANSWGL;05/06/2023;EB;1301;=;16.8000;°C
NL89_HANSWGL;22/06/2023;EB;1301;=;20.9000;°C
NL89_HANSWGL;03/07/2023;EB;1301;=;20.4000;°C
NL89_HANSWGL;17/07/2023;EB;1301;=;20.4000;°C
NL89_HANSWGL;02/08/2023;EB;1301;=;19.5000;°C
NL89_HANSWGL;14/08/2023;EB;1301;=;19.6000;°C
NL89_HANSWGL;30/08/2023;EB;1301;=;20.2000;°C
NL89_HANSWGL;12/09/2023;EB;1301;=;21.8000;°C
NL89_HANSWGL;26/09/2023;EB;1301;=;18.8000;°C
NL89_HANSWGL;11/10/2023;EB;1301;=;17.7000;°C
NL89_HANSWGL;08/11/2023;EB;1301;=;11.6000;°C
NL89_HANSWGL;05/12/2023;EB;1301;=;7.1800;°C
NL89_HANSWGL;04/01/2023;EB;1302;=;7.9500;u pH
NL89_HANSWGL;30/01/2023;EB;1302;=;8.0400;u pH
NL89_HANSWGL;28/02/2023;EB;1302;=;7.9600;u pH
NL89_HANSWGL;27/03/2023;EB;1302;=;8.0300;u pH
NL89_HANSWGL;12/04/2023;EB;1302;=;7.9700;u pH
NL89_HANSWGL;24/04/2023;EB;1302;=;7.9700;u pH
NL89_HANSWGL;05/06/2023;EB;1302;=;8.1300;u pH
NL89_HANSWGL;22/06/2023;EB;1302;=;7.9500;u pH
NL89_HANSWGL;03/07/2023;EB;1302;=;8.0500;u pH
NL89_HANSWGL;17/07/2023;EB;1302;=;8.0500;u pH
NL89_HANSWGL;02/08/2023;EB;1302;=;8.0300;u pH
NL89_HANSWGL;14/08/2023;EB;1302;=;7.9400;u pH
NL89_HANSWGL;30/08/2023;EB;1302;=;7.9400;u pH
NL89_HANSWGL;12/09/2023;EB;1302;=;7.9300;u pH
NL89_HANSWGL;26/09/2023;EB;1302;=;8.0400;u pH
NL89_HANSWGL;11/10/2023;EB;1302;=;7.9100;u pH
NL89_HANSWGL;08/11/2023;EB;1302;=;8.0000;u pH
NL89_HANSWGL;05/12/2023;EB;1302;=;7.9800;u pH
NL89_HANSWGL;04/01/2023;EB;1303;=;32079.0000;µS/cm (à/bij 25°C)
NL89_HANSWGL;30/01/2023;EB;1303;=;26196.0000;µS/cm (à/bij 25°C)
NL89_HANSWGL;28/02/2023;EB;1303;=;31191.0000;µS/cm (à/bij 25°C)
NL89_HANSWGL;27/03/2023;EB;1303;=;29415.0000;µS/cm (à/bij 25°C)
NL89_HANSWGL;24/04/2023;EB;1303;=;31080.0000;µS/cm (à/bij 25°C)
NL89_HANSWGL;22/06/2023;EB;1303;=;34299.0000;µS/cm (à/bij 25°C)
NL89_HANSWGL;17/07/2023;EB;1303;=;35298.0000;µS/cm (à/bij 25°C)
NL89_HANSWGL;14/08/2023;EB;1303;=;35631.0000;µS/cm (à/bij 25°C)
NL89_HANSWGL;12/09/2023;EB;1303;=;37518.0000;µS/cm (à/bij 25°C)
NL89_HANSWGL;11/10/2023;EB;1303;=;39072.0000;µS/cm (à/bij 25°C)
NL89_HANSWGL;08/11/2023;EB;1303;=;30969.0000;µS/cm (à/bij 25°C)
NL89_HANSWGL;05/12/2023;EB;1303;=;24753.0000;µS/cm (à/bij 25°C)
NL89_HANSWGL;04/01/2023;EB;1305;=;35.9000;mg/L
NL89_HANSWGL;30/01/2023;EB;1305;=;40.2000;mg/L
NL89_HANSWGL;28/02/2023;EB;1305;=;31.8000;mg/L
NL89_HANSWGL;27/03/2023;EB;1305;=;50.6000;mg/L
NL89_HANSWGL;12/04/2023;EB;1305;=;26.4000;mg/L
NL89_HANSWGL;24/04/2023;EB;1305;=;93.5000;mg/L
NL89_HANSWGL;05/06/2023;EB;1305;=;27.3000;mg/L
NL89_HANSWGL;22/06/2023;EB;1305;=;20.3000;mg/L
NL89_HANSWGL;03/07/2023;EB;1305;=;36.0000;mg/L
NL89_HANSWGL;17/07/2023;EB;1305;=;20.3000;mg/L
NL89_HANSWGL;02/08/2023;EB;1305;=;46.4000;mg/L
NL89_HANSWGL;14/08/2023;EB;1305;=;29.9000;mg/L
NL89_HANSWGL;30/08/2023;EB;1305;=;22.3000;mg/L
NL89_HANSWGL;12/09/2023;EB;1305;=;22.9000;mg/L
NL89_HANSWGL;26/09/2023;EB;1305;=;32.1000;mg/L
NL89_HANSWGL;11/10/2023;EB;1305;=;47.1000;mg/L
NL89_HANSWGL;08/11/2023;EB;1305;=;31.6000;mg/L
NL89_HANSWGL;05/12/2023;EB;1305;=;66.0000;mg/L
NL89_HANSWGL;04/01/2023;EB;1311;=;95.0000;%
NL89_HANSWGL;04/01/2023;EB;1311;=;9.9700;mg/L
NL89_HANSWGL;30/01/2023;EB;1311;=;94.0000;%
NL89_HANSWGL;30/01/2023;EB;1311;=;10.7000;mg/L
NL89_HANSWGL;28/02/2023;EB;1311;=;91.0000;%
NL89_HANSWGL;28/02/2023;EB;1311;=;9.9400;mg/L
NL89_HANSWGL;27/03/2023;EB;1311;=;96.0000;%
NL89_HANSWGL;27/03/2023;EB;1311;=;9.7600;mg/L
NL89_HANSWGL;12/04/2023;EB;1311;=;93.0000;%
NL89_HANSWGL;12/04/2023;EB;1311;=;9.5200;mg/L
NL89_HANSWGL;24/04/2023;EB;1311;=;95.0000;%
NL89_HANSWGL;24/04/2023;EB;1311;=;9.4000;mg/L
NL89_HANSWGL;05/06/2023;EB;1311;=;115.0000;%
NL89_HANSWGL;05/06/2023;EB;1311;=;9.9400;mg/L
NL89_HANSWGL;22/06/2023;EB;1311;=;105.0000;%
NL89_HANSWGL;22/06/2023;EB;1311;=;8.2900;mg/L
NL89_HANSWGL;03/07/2023;EB;1311;=;110.0000;%
NL89_HANSWGL;03/07/2023;EB;1311;=;8.7000;mg/L
NL89_HANSWGL;17/07/2023;EB;1311;=;105.0000;%
NL89_HANSWGL;17/07/2023;EB;1311;=;8.3900;mg/L
NL89_HANSWGL;02/08/2023;EB;1311;=;96.0000;%
NL89_HANSWGL;02/08/2023;EB;1311;=;7.6300;mg/L
NL89_HANSWGL;14/08/2023;EB;1311;=;95.0000;%
NL89_HANSWGL;14/08/2023;EB;1311;=;7.5900;mg/L
NL89_HANSWGL;30/08/2023;EB;1311;=;100.0000;%
NL89_HANSWGL;30/08/2023;EB;1311;=;7.7700;mg/L
NL89_HANSWGL;12/09/2023;EB;1311;=;100.0000;%
NL89_HANSWGL;12/09/2023;EB;1311;=;7.6200;mg/L
NL89_HANSWGL;26/09/2023;EB;1311;=;93.0000;%
NL89_HANSWGL;26/09/2023;EB;1311;=;7.5900;mg/L
NL89_HANSWGL;11/10/2023;EB;1311;=;94.0000;%
NL89_HANSWGL;11/10/2023;EB;1311;=;7.6900;mg/L
NL89_HANSWGL;08/11/2023;EB;1311;=;94.0000;%
NL89_HANSWGL;08/11/2023;EB;1311;=;9.0600;mg/L
NL89_HANSWGL;05/12/2023;EB;1311;=;97.0000;%
NL89_HANSWGL;05/12/2023;EB;1311;=;10.6000;mg/L
NL89_HANSWGL;04/01/2023;EF;1335;=;0.0711;mg/L N
NL89_HANSWGL;30/01/2023;EF;1335;=;0.0633;mg/L N
NL89_HANSWGL;28/02/2023;EF;1335;=;0.0374;mg/L N
NL89_HANSWGL;27/03/2023;EF;1335;=;0.0543;mg/L N
NL89_HANSWGL;12/04/2023;EF;1335;=;0.0341;mg/L N
NL89_HANSWGL;24/04/2023;EF;1335;=;0.0445;mg/L N
NL89_HANSWGL;05/06/2023;EF;1335;=;0.0104;mg/L N
NL89_HANSWGL;22/06/2023;EF;1335;=;0.0081;mg/L N
NL89_HANSWGL;03/07/2023;EF;1335;=;0.0223;mg/L N
NL89_HANSWGL;17/07/2023;EF;1335;=;0.0160;mg/L N
NL89_HANSWGL;02/08/2023;EF;1335;=;0.0606;mg/L N
NL89_HANSWGL;14/08/2023;EF;1335;=;0.0684;mg/L N
NL89_HANSWGL;30/08/2023;EF;1335;=;0.0082;mg/L N
NL89_HANSWGL;12/09/2023;EF;1335;=;0.0064;mg/L N
NL89_HANSWGL;26/09/2023;EF;1335;=;0.0198;mg/L N
NL89_HANSWGL;11/10/2023;EF;1335;=;0.0366;mg/L N
NL89_HANSWGL;08/11/2023;EF;1335;=;0.0683;mg/L N
NL89_HANSWGL;05/12/2023;EF;1335;=;0.0452;mg/L N
NL89_HANSWGL;04/01/2023;EF;1337;=;11000.0000;mg/L
NL89_HANSWGL;30/01/2023;EF;1337;=;9500.0000;mg/L
NL89_HANSWGL;28/02/2023;EF;1337;=;11000.0000;mg/L
NL89_HANSWGL;27/03/2023;EF;1337;=;11000.0000;mg/L
NL89_HANSWGL;24/04/2023;EF;1337;=;9800.0000;mg/L
NL89_HANSWGL;22/06/2023;EF;1337;=;12000.0000;mg/L
NL89_HANSWGL;17/07/2023;EF;1337;=;13000.0000;mg/L
NL89_HANSWGL;14/08/2023;EF;1337;=;13000.0000;mg/L
NL89_HANSWGL;12/09/2023;EF;1337;=;13000.0000;mg/L
NL89_HANSWGL;11/10/2023;EF;1337;=;13000.0000;mg/L
NL89_HANSWGL;08/11/2023;EF;1337;=;12000.0000;mg/L
NL89_HANSWGL;05/12/2023;EF;1337;=;8200.0000;mg/L
NL89_HANSWGL;04/01/2023;EF;1338;=;1600.0000;mg/L
NL89_HANSWGL;30/01/2023;EF;1338;=;1400.0000;mg/L
NL89_HANSWGL;28/02/2023;EF;1338;=;1600.0000;mg/L
NL89_HANSWGL;27/03/2023;EF;1338;=;1400.0000;mg/L
NL89_HANSWGL;24/04/2023;EF;1338;=;1500.0000;mg/L
NL89_HANSWGL;22/06/2023;EF;1338;=;1700.0000;mg/L
NL89_HANSWGL;17/07/2023;EF;1338;=;1800.0000;mg/L
NL89_HANSWGL;14/08/2023;EF;1338;=;2000.0000;mg/L
NL89_HANSWGL;12/09/2023;EF;1338;=;1900.0000;mg/L
NL89_HANSWGL;11/10/2023;EF;1338;=;2000.0000;mg/L
NL89_HANSWGL;08/11/2023;EF;1338;=;1400.0000;mg/L
NL89_HANSWGL;05/12/2023;EF;1338;=;1100.0000;mg/L
NL89_HANSWGL;04/01/2023;EF;1339;=;0.0132;mg/L N
NL89_HANSWGL;30/01/2023;EF;1339;=;0.1040;mg/L N
NL89_HANSWGL;28/02/2023;EF;1339;=;0.0779;mg/L N
NL89_HANSWGL;27/03/2023;EF;1339;=;0.0466;mg/L N
NL89_HANSWGL;12/04/2023;EF;1339;=;0.0522;mg/L N
NL89_HANSWGL;24/04/2023;EF;1339;=;0.0429;mg/L N
NL89_HANSWGL;05/06/2023;EF;1339;=;0.0164;mg/L N
NL89_HANSWGL;22/06/2023;EF;1339;=;0.0100;mg/L N
NL89_HANSWGL;03/07/2023;EF;1339;=;0.0116;mg/L N
NL89_HANSWGL;17/07/2023;EF;1339;=;0.0156;mg/L N
NL89_HANSWGL;02/08/2023;EF;1339;=;0.0191;mg/L N
NL89_HANSWGL;14/08/2023;EF;1339;=;0.0358;mg/L N
NL89_HANSWGL;30/08/2023;EF;1339;=;0.0482;mg/L N
NL89_HANSWGL;12/09/2023;EF;1339;=;0.0529;mg/L N
NL89_HANSWGL;26/09/2023;EF;1339;=;0.0180;mg/L N
NL89_HANSWGL;11/10/2023;EF;1339;=;0.0112;mg/L N
NL89_HANSWGL;08/11/2023;EF;1339;=;0.0106;mg/L N
NL89_HANSWGL;05/12/2023;EF;1339;=;0.0358;mg/L N
NL89_HANSWGL;04/01/2023;EF;1340;=;0.7520;mg/L N
NL89_HANSWGL;30/01/2023;EF;1340;=;2.2300;mg/L N
NL89_HANSWGL;28/02/2023;EF;1340;=;2.2500;mg/L N
NL89_HANSWGL;27/03/2023;EF;1340;=;2.0200;mg/L N
NL89_HANSWGL;12/04/2023;EF;1340;=;2.2500;mg/L N
NL89_HANSWGL;24/04/2023;EF;1340;=;2.1100;mg/L N
NL89_HANSWGL;05/06/2023;EF;1340;=;0.5510;mg/L N
NL89_HANSWGL;22/06/2023;EF;1340;=;1.2100;mg/L N
NL89_HANSWGL;03/07/2023;EF;1340;=;0.0930;mg/L N
NL89_HANSWGL;17/07/2023;EF;1340;<;0.0100;mg/L N
NL89_HANSWGL;02/08/2023;EF;1340;=;0.7450;mg/L N
NL89_HANSWGL;14/08/2023;EF;1340;=;0.8420;mg/L N
NL89_HANSWGL;30/08/2023;EF;1340;=;0.7230;mg/L N
NL89_HANSWGL;12/09/2023;EF;1340;=;0.8320;mg/L N
NL89_HANSWGL;26/09/2023;EF;1340;=;0.7470;mg/L N
NL89_HANSWGL;11/10/2023;EF;1340;=;0.6110;mg/L N
NL89_HANSWGL;08/11/2023;EF;1340;=;1.2100;mg/L N
NL89_HANSWGL;05/12/2023;EF;1340;=;1.6400;mg/L N
NL89_HANSWGL;04/01/2023;EB;1345;=;NV;°f (degré français/Franse graden)
NL89_HANSWGL;30/01/2023;EB;1345;=;NV;°f (degré français/Franse graden)
NL89_HANSWGL;28/02/2023;EB;1345;=;NV;°f (degré français/Franse graden)
NL89_HANSWGL;27/03/2023;EB;1345;=;NV;°f (degré français/Franse graden)
NL89_HANSWGL;24/04/2023;EB;1345;=;NV;°f (degré français/Franse graden)
NL89_HANSWGL;22/06/2023;EB;1345;=;NV;°f (degré français/Franse graden)
NL89_HANSWGL;17/07/2023;EB;1345;=;NV;°f (degré français/Franse graden)
NL89_HANSWGL;14/08/2023;EB;1345;=;NV;°f (degré français/Franse graden)
NL89_HANSWGL;12/09/2023;EB;1345;=;NV;°f (degré français/Franse graden)
NL89_HANSWGL;11/10/2023;EB;1345;=;NV;°f (degré français/Franse graden)
NL89_HANSWGL;08/11/2023;EB;1345;=;NV;°f (degré français/Franse graden)
NL89_HANSWGL;05/12/2023;EB;1345;=;NV;°f (degré français/Franse graden)
NL89_HANSWGL;04/01/2023;EB;1350;=;0.1640;mg/L
NL89_HANSWGL;04/01/2023;EF;1350;=;0.1190;mg/L
NL89_HANSWGL;30/01/2023;EB;1350;=;0.1600;mg/L
NL89_HANSWGL;30/01/2023;EF;1350;=;0.1150;mg/L
NL89_HANSWGL;28/02/2023;EB;1350;=;0.1330;mg/L
NL89_HANSWGL;28/02/2023;EF;1350;=;0.0991;mg/L
NL89_HANSWGL;27/03/2023;EB;1350;=;0.1420;mg/L
NL89_HANSWGL;27/03/2023;EF;1350;=;0.0818;mg/L
NL89_HANSWGL;12/04/2023;EB;1350;=;0.1440;mg/L
NL89_HANSWGL;12/04/2023;EF;1350;=;0.1030;mg/L
NL89_HANSWGL;24/04/2023;EB;1350;=;0.1390;mg/L
NL89_HANSWGL;24/04/2023;EF;1350;=;0.0905;mg/L
NL89_HANSWGL;05/06/2023;EB;1350;=;0.0816;mg/L
NL89_HANSWGL;05/06/2023;EF;1350;=;0.0497;mg/L
NL89_HANSWGL;22/06/2023;EB;1350;=;0.0815;mg/L
NL89_HANSWGL;22/06/2023;EF;1350;=;0.0602;mg/L
NL89_HANSWGL;03/07/2023;EB;1350;=;0.1150;mg/L
NL89_HANSWGL;03/07/2023;EF;1350;=;0.0718;mg/L
NL89_HANSWGL;17/07/2023;EB;1350;=;0.0945;mg/L
NL89_HANSWGL;17/07/2023;EF;1350;=;0.0625;mg/L
NL89_HANSWGL;02/08/2023;EB;1350;=;0.1300;mg/L
NL89_HANSWGL;02/08/2023;EF;1350;=;0.0938;mg/L
NL89_HANSWGL;14/08/2023;EB;1350;=;0.1180;mg/L
NL89_HANSWGL;14/08/2023;EF;1350;=;0.0957;mg/L
NL89_HANSWGL;30/08/2023;EB;1350;=;0.1240;mg/L
NL89_HANSWGL;30/08/2023;EF;1350;=;0.0878;mg/L
NL89_HANSWGL;12/09/2023;EB;1350;=;0.1100;mg/L
NL89_HANSWGL;12/09/2023;EF;1350;=;0.0865;mg/L
NL89_HANSWGL;26/09/2023;EB;1350;=;0.1220;mg/L
NL89_HANSWGL;26/09/2023;EF;1350;=;0.0853;mg/L
NL89_HANSWGL;11/10/2023;EB;1350;=;0.1410;mg/L
NL89_HANSWGL;11/10/2023;EF;1350;=;0.1010;mg/L
NL89_HANSWGL;08/11/2023;EB;1350;=;0.1550;mg/L
NL89_HANSWGL;08/11/2023;EF;1350;=;0.1240;mg/L
NL89_HANSWGL;05/12/2023;EB;1350;=;0.2260;mg/L
NL89_HANSWGL;05/12/2023;EF;1350;=;0.1530;mg/L
NL89_HANSWGL;04/01/2023;EF;1361;=;1.8800;µg/L
NL89_HANSWGL;30/01/2023;EF;1361;=;1.3200;µg/L
NL89_HANSWGL;28/02/2023;EF;1361;=;2.3100;µg/L
NL89_HANSWGL;27/03/2023;EF;1361;=;1.5700;µg/L
NL89_HANSWGL;24/04/2023;EF;1361;=;1.6500;µg/L
NL89_HANSWGL;22/06/2023;EF;1361;=;1.5800;µg/L
NL89_HANSWGL;17/07/2023;EF;1361;=;1.5000;µg/L
NL89_HANSWGL;14/08/2023;EF;1361;=;1.6300;µg/L
NL89_HANSWGL;12/09/2023;EF;1361;=;2.3000;µg/L
NL89_HANSWGL;11/10/2023;EF;1361;=;1.6800;µg/L
NL89_HANSWGL;08/11/2023;EF;1361;=;1.5100;µg/L
NL89_HANSWGL;05/12/2023;EF;1361;=;1.0800;µg/L
NL89_HANSWGL;04/01/2023;EF;1368;=;0.0055;µg/L
NL89_HANSWGL;30/01/2023;EF;1368;<;0.0030;µg/L
NL89_HANSWGL;28/02/2023;EF;1368;=;0.0051;µg/L
NL89_HANSWGL;27/03/2023;EF;1368;=;0.0030;µg/L
NL89_HANSWGL;24/04/2023;EF;1368;=;0.0053;µg/L
NL89_HANSWGL;22/06/2023;EF;1368;<;0.0030;µg/L
NL89_HANSWGL;17/07/2023;EF;1368;<;0.0030;µg/L
NL89_HANSWGL;14/08/2023;EF;1368;<;0.0030;µg/L
NL89_HANSWGL;12/09/2023;EF;1368;=;0.0038;µg/L
NL89_HANSWGL;11/10/2023;EF;1368;<;0.0030;µg/L
NL89_HANSWGL;08/11/2023;EF;1368;<;0.0030;µg/L
NL89_HANSWGL;05/12/2023;EF;1368;<;0.0030;µg/L
NL89_HANSWGL;04/01/2023;EF;1369;=;2.3400;µg/L
NL89_HANSWGL;30/01/2023;EF;1369;=;1.9700;µg/L
NL89_HANSWGL;28/02/2023;EF;1369;=;2.4700;µg/L
NL89_HANSWGL;27/03/2023;EF;1369;=;1.8800;µg/L
NL89_HANSWGL;24/04/2023;EF;1369;=;2.1100;µg/L
NL89_HANSWGL;22/06/2023;EF;1369;=;2.1000;µg/L
NL89_HANSWGL;17/07/2023;EF;1369;=;2.1400;µg/L
NL89_HANSWGL;14/08/2023;EF;1369;=;2.6300;µg/L
NL89_HANSWGL;12/09/2023;EF;1369;=;3.0300;µg/L
NL89_HANSWGL;11/10/2023;EF;1369;=;2.6700;µg/L
NL89_HANSWGL;08/11/2023;EF;1369;=;2.2800;µg/L
NL89_HANSWGL;05/12/2023;EF;1369;=;2.0300;µg/L
NL89_HANSWGL;04/01/2023;EF;1379;=;0.0918;µg/L
NL89_HANSWGL;30/01/2023;EF;1379;=;0.0834;µg/L
NL89_HANSWGL;28/02/2023;EF;1379;=;0.1260;µg/L
NL89_HANSWGL;27/03/2023;EF;1379;=;0.0878;µg/L
NL89_HANSWGL;24/04/2023;EF;1379;=;0.0830;µg/L
NL89_HANSWGL;22/06/2023;EF;1379;=;0.0668;µg/L
NL89_HANSWGL;17/07/2023;EF;1379;=;0.0618;µg/L
NL89_HANSWGL;14/08/2023;EF;1379;=;0.0747;µg/L
NL89_HANSWGL;12/09/2023;EF;1379;=;0.0824;µg/L
NL89_HANSWGL;11/10/2023;EF;1379;=;0.0599;µg/L
NL89_HANSWGL;08/11/2023;EF;1379;=;0.0654;µg/L
NL89_HANSWGL;05/12/2023;EF;1379;=;0.0718;µg/L
NL89_HANSWGL;04/01/2023;EF;1382;=;0.0704;µg/L
NL89_HANSWGL;30/01/2023;EF;1382;=;0.0398;µg/L
NL89_HANSWGL;28/02/2023;EF;1382;=;0.0640;µg/L
NL89_HANSWGL;27/03/2023;EF;1382;=;0.0891;µg/L
NL89_HANSWGL;24/04/2023;EF;1382;=;0.0581;µg/L
NL89_HANSWGL;22/06/2023;EF;1382;<;0.0200;µg/L
NL89_HANSWGL;17/07/2023;EF;1382;<;0.0200;µg/L
NL89_HANSWGL;14/08/2023;EF;1382;<;0.0200;µg/L
NL89_HANSWGL;12/09/2023;EF;1382;=;0.0213;µg/L
NL89_HANSWGL;11/10/2023;EF;1382;=;0.0211;µg/L
NL89_HANSWGL;08/11/2023;EF;1382;=;0.0204;µg/L
NL89_HANSWGL;05/12/2023;EF;1382;=;0.0274;µg/L
NL89_HANSWGL;04/01/2023;EF;1383;=;4.7800;µg/L
NL89_HANSWGL;30/01/2023;EF;1383;=;2.8000;µg/L
NL89_HANSWGL;28/02/2023;EF;1383;=;4.1400;µg/L
NL89_HANSWGL;27/03/2023;EF;1383;=;2.5000;µg/L
NL89_HANSWGL;24/04/2023;EF;1383;=;3.0300;µg/L
NL89_HANSWGL;22/06/2023;EF;1383;=;2.4300;µg/L
NL89_HANSWGL;17/07/2023;EF;1383;=;1.3100;µg/L
NL89_HANSWGL;14/08/2023;EF;1383;=;2.5400;µg/L
NL89_HANSWGL;12/09/2023;EF;1383;=;3.1900;µg/L
NL89_HANSWGL;11/10/2023;EF;1383;=;1.9900;µg/L
NL89_HANSWGL;08/11/2023;EF;1383;=;1.9600;µg/L
NL89_HANSWGL;05/12/2023;EF;1383;=;1.1300;µg/L
NL89_HANSWGL;04/01/2023;EF;1385;=;0.2740;µg/L
NL89_HANSWGL;30/01/2023;EF;1385;=;0.2800;µg/L
NL89_HANSWGL;28/02/2023;EF;1385;=;0.3480;µg/L
NL89_HANSWGL;27/03/2023;EF;1385;=;0.2560;µg/L
NL89_HANSWGL;24/04/2023;EF;1385;=;0.2670;µg/L
NL89_HANSWGL;22/06/2023;EF;1385;=;0.2030;µg/L
NL89_HANSWGL;17/07/2023;EF;1385;=;0.2040;µg/L
NL89_HANSWGL;14/08/2023;EF;1385;=;0.2010;µg/L
NL89_HANSWGL;12/09/2023;EF;1385;=;0.2590;µg/L
NL89_HANSWGL;11/10/2023;EF;1385;=;0.1730;µg/L
NL89_HANSWGL;08/11/2023;EF;1385;=;0.2030;µg/L
NL89_HANSWGL;05/12/2023;EF;1385;=;0.2280;µg/L
NL89_HANSWGL;04/01/2023;EF;1386;=;1.4700;µg/L
NL89_HANSWGL;30/01/2023;EF;1386;=;1.1200;µg/L
NL89_HANSWGL;28/02/2023;EF;1386;=;1.7100;µg/L
NL89_HANSWGL;27/03/2023;EF;1386;=;1.2200;µg/L
NL89_HANSWGL;24/04/2023;EF;1386;=;1.4100;µg/L
NL89_HANSWGL;22/06/2023;EF;1386;=;1.2600;µg/L
NL89_HANSWGL;17/07/2023;EF;1386;=;0.8840;µg/L
NL89_HANSWGL;14/08/2023;EF;1386;=;1.2500;µg/L
NL89_HANSWGL;12/09/2023;EF;1386;=;1.5000;µg/L
NL89_HANSWGL;11/10/2023;EF;1386;=;1.0600;µg/L
NL89_HANSWGL;08/11/2023;EF;1386;=;1.1700;µg/L
NL89_HANSWGL;05/12/2023;EF;1386;=;1.2100;µg/L
NL89_HANSWGL;04/01/2023;EF;1387;=;0.0003;µg/L
NL89_HANSWGL;30/01/2023;EF;1387;=;0.0003;µg/L
NL89_HANSWGL;28/02/2023;EF;1387;=;0.0003;µg/L
NL89_HANSWGL;27/03/2023;EF;1387;=;0.0002;µg/L
NL89_HANSWGL;24/04/2023;EF;1387;=;0.0003;µg/L
NL89_HANSWGL;22/06/2023;EF;1387;=;0.0002;µg/L
NL89_HANSWGL;17/07/2023;EF;1387;=;0.0002;µg/L
NL89_HANSWGL;14/08/2023;EF;1387;<;0.0001;µg/L
NL89_HANSWGL;12/09/2023;EF;1387;=;0.0002;µg/L
NL89_HANSWGL;11/10/2023;EF;1387;<;0.0003;µg/L
NL89_HANSWGL;08/11/2023;EF;1387;<;0.0003;µg/L
NL89_HANSWGL;05/12/2023;EF;1387;<;0.0003;µg/L
NL89_HANSWGL;04/01/2023;EF;1388;=;0.0846;µg/L
NL89_HANSWGL;30/01/2023;EF;1388;=;0.0430;µg/L
NL89_HANSWGL;28/02/2023;EF;1388;=;0.0653;µg/L
NL89_HANSWGL;27/03/2023;EF;1388;=;0.0537;µg/L
NL89_HANSWGL;24/04/2023;EF;1388;=;0.0488;µg/L
NL89_HANSWGL;22/06/2023;EF;1388;=;0.0496;µg/L
NL89_HANSWGL;17/07/2023;EF;1388;=;0.0391;µg/L
NL89_HANSWGL;14/08/2023;EF;1388;=;0.0577;µg/L
NL89_HANSWGL;12/09/2023;EF;1388;=;0.0921;µg/L
NL89_HANSWGL;11/10/2023;EF;1388;=;0.0554;µg/L
NL89_HANSWGL;08/11/2023;EF;1388;=;0.0555;µg/L
NL89_HANSWGL;05/12/2023;EF;1388;=;0.0376;µg/L
NL89_HANSWGL;04/01/2023;EF;1392;=;1.5600;µg/L
NL89_HANSWGL;30/01/2023;EF;1392;=;1.5300;µg/L
NL89_HANSWGL;28/02/2023;EF;1392;=;2.7800;µg/L
NL89_HANSWGL;27/03/2023;EF;1392;=;1.4600;µg/L
NL89_HANSWGL;24/04/2023;EF;1392;=;1.5900;µg/L
NL89_HANSWGL;22/06/2023;EF;1392;=;1.5100;µg/L
NL89_HANSWGL;17/07/2023;EF;1392;=;1.7100;µg/L
NL89_HANSWGL;14/08/2023;EF;1392;=;1.6600;µg/L
NL89_HANSWGL;12/09/2023;EF;1392;=;2.0200;µg/L
NL89_HANSWGL;11/10/2023;EF;1392;=;1.3100;µg/L
NL89_HANSWGL;08/11/2023;EF;1392;=;1.3500;µg/L
NL89_HANSWGL;05/12/2023;EF;1392;=;1.5600;µg/L
NL89_HANSWGL;04/01/2023;EF;1433;=;0.0651;mg/L P
NL89_HANSWGL;30/01/2023;EF;1433;=;0.1070;mg/L P
NL89_HANSWGL;28/02/2023;EF;1433;=;0.0963;mg/L P
NL89_HANSWGL;27/03/2023;EF;1433;=;0.0763;mg/L P
NL89_HANSWGL;12/04/2023;EF;1433;=;0.0807;mg/L P
NL89_HANSWGL;24/04/2023;EF;1433;=;0.0810;mg/L P
NL89_HANSWGL;05/06/2023;EF;1433;=;0.0707;mg/L P
NL89_HANSWGL;22/06/2023;EF;1433;=;0.0673;mg/L P
NL89_HANSWGL;03/07/2023;EF;1433;=;0.0736;mg/L P
NL89_HANSWGL;17/07/2023;EF;1433;=;0.0597;mg/L P
NL89_HANSWGL;02/08/2023;EF;1433;=;0.0776;mg/L P
NL89_HANSWGL;14/08/2023;EF;1433;=;0.0848;mg/L P
NL89_HANSWGL;30/08/2023;EF;1433;=;0.0907;mg/L P
NL89_HANSWGL;12/09/2023;EF;1433;=;0.0778;mg/L P
NL89_HANSWGL;26/09/2023;EF;1433;=;0.0767;mg/L P
NL89_HANSWGL;11/10/2023;EF;1433;=;0.0701;mg/L P
NL89_HANSWGL;08/11/2023;EF;1433;=;0.1130;mg/L P
NL89_HANSWGL;05/12/2023;EF;1433;=;0.1110;mg/L P
NL89_HANSWGL;04/01/2023;EB;1439;=;0.3100;µg/L
NL89_HANSWGL;30/01/2023;EB;1439;=;1.4100;µg/L
NL89_HANSWGL;28/02/2023;EB;1439;=;1.8700;µg/L
NL89_HANSWGL;27/03/2023;EB;1439;=;1.9200;µg/L
NL89_HANSWGL;12/04/2023;EB;1439;=;1.1400;µg/L
NL89_HANSWGL;24/04/2023;EB;1439;=;1.7100;µg/L
NL89_HANSWGL;05/06/2023;EB;1439;=;1.5100;µg/L
NL89_HANSWGL;22/06/2023;EB;1439;=;3.6000;µg/L
NL89_HANSWGL;03/07/2023;EB;1439;=;9.1000;µg/L
NL89_HANSWGL;17/07/2023;EB;1439;=;9.8000;µg/L
NL89_HANSWGL;02/08/2023;EB;1439;=;3.4000;µg/L
NL89_HANSWGL;14/08/2023;EB;1439;=;NV;µg/L
NL89_HANSWGL;30/08/2023;EB;1439;=;3.9000;µg/L
NL89_HANSWGL;12/09/2023;EB;1439;=;5.6000;µg/L
NL89_HANSWGL;26/09/2023;EB;1439;=;NV;µg/L
NL89_HANSWGL;11/10/2023;EB;1439;=;4.5000;µg/L
NL89_HANSWGL;08/11/2023;EB;1439;=;1.7300;µg/L
NL89_HANSWGL;05/12/2023;EB;1439;=;NV;µg/L
NL89_HANSWGL;04/01/2023;EB;1458;<;0.0030;µg/L
NL89_HANSWGL;30/01/2023;EB;1458;<;0.0030;µg/L
NL89_HANSWGL;28/02/2023;EB;1458;<;0.0030;µg/L
NL89_HANSWGL;27/03/2023;EB;1458;=;0.0031;µg/L
NL89_HANSWGL;24/04/2023;EB;1458;<;0.0030;µg/L
NL89_HANSWGL;22/06/2023;EB;1458;<;0.0030;µg/L
NL89_HANSWGL;17/07/2023;EB;1458;<;0.0030;µg/L
NL89_HANSWGL;14/08/2023;EB;1458;<;0.0030;µg/L
NL89_HANSWGL;12/09/2023;EB;1458;<;0.0030;µg/L
NL89_HANSWGL;11/10/2023;EB;1458;<;0.0030;µg/L
NL89_HANSWGL;08/11/2023;EB;1458;<;0.0030;µg/L
NL89_HANSWGL;05/12/2023;EB;1458;=;0.0132;µg/L
NL89_HANSWGL;04/01/2023;EB;1464;<;0.0003;µg/L
NL89_HANSWGL;30/01/2023;EB;1464;<;0.0003;µg/L
NL89_HANSWGL;28/02/2023;EB;1464;<;0.0003;µg/L
NL89_HANSWGL;27/03/2023;EB;1464;<;0.0003;µg/L
NL89_HANSWGL;24/04/2023;EB;1464;<;0.0003;µg/L
NL89_HANSWGL;22/06/2023;EB;1464;<;0.0003;µg/L
NL89_HANSWGL;17/07/2023;EB;1464;<;0.0003;µg/L
NL89_HANSWGL;14/08/2023;EB;1464;<;0.0003;µg/L
NL89_HANSWGL;12/09/2023;EB;1464;<;0.0003;µg/L
NL89_HANSWGL;11/10/2023;EB;1464;<;0.0003;µg/L
NL89_HANSWGL;08/11/2023;EB;1464;<;0.0003;µg/L
NL89_HANSWGL;05/12/2023;EB;1464;<;0.0003;µg/L
NL89_HANSWGL;04/01/2023;EB;1517;=;0.0507;µg/L
NL89_HANSWGL;30/01/2023;EB;1517;=;0.0430;µg/L
NL89_HANSWGL;28/02/2023;EB;1517;=;0.0324;µg/L
NL89_HANSWGL;27/03/2023;EB;1517;=;0.0561;µg/L
NL89_HANSWGL;24/04/2023;EB;1517;<;0.0200;µg/L
NL89_HANSWGL;22/06/2023;EB;1517;<;0.0200;µg/L
NL89_HANSWGL;17/07/2023;EB;1517;<;0.0200;µg/L
NL89_HANSWGL;14/08/2023;EB;1517;<;0.0200;µg/L
NL89_HANSWGL;12/09/2023;EB;1517;<;0.0200;µg/L
NL89_HANSWGL;11/10/2023;EB;1517;<;0.0200;µg/L
NL89_HANSWGL;08/11/2023;EB;1517;<;0.0200;µg/L
NL89_HANSWGL;05/12/2023;EB;1517;<;0.0200;µg/L
NL89_HANSWGL;04/01/2023;EB;1551;=;1.4400;mg/L
NL89_HANSWGL;04/01/2023;EF;1551;=;1.2900;mg/L
NL89_HANSWGL;30/01/2023;EB;1551;=;2.4600;mg/L
NL89_HANSWGL;30/01/2023;EF;1551;=;2.3400;mg/L
NL89_HANSWGL;28/02/2023;EB;1551;=;2.4100;mg/L
NL89_HANSWGL;28/02/2023;EF;1551;=;2.2800;mg/L
NL89_HANSWGL;27/03/2023;EB;1551;=;2.4500;mg/L
NL89_HANSWGL;27/03/2023;EF;1551;=;2.2700;mg/L
NL89_HANSWGL;12/04/2023;EB;1551;=;2.6200;mg/L
NL89_HANSWGL;12/04/2023;EF;1551;=;2.5100;mg/L
NL89_HANSWGL;24/04/2023;EB;1551;=;2.0900;mg/L
NL89_HANSWGL;24/04/2023;EF;1551;=;1.8600;mg/L
NL89_HANSWGL;05/06/2023;EB;1551;=;1.4600;mg/L
NL89_HANSWGL;05/06/2023;EF;1551;=;1.3600;mg/L
NL89_HANSWGL;22/06/2023;EB;1551;=;1.4100;mg/L
NL89_HANSWGL;22/06/2023;EF;1551;=;1.2800;mg/L
NL89_HANSWGL;03/07/2023;EB;1551;=;1.3200;mg/L
NL89_HANSWGL;03/07/2023;EF;1551;=;1.1800;mg/L
NL89_HANSWGL;17/07/2023;EB;1551;=;1.1600;mg/L
NL89_HANSWGL;17/07/2023;EF;1551;=;1.0400;mg/L
NL89_HANSWGL;02/08/2023;EB;1551;=;1.2400;mg/L
NL89_HANSWGL;02/08/2023;EF;1551;=;1.1200;mg/L
NL89_HANSWGL;14/08/2023;EB;1551;=;1.1200;mg/L
NL89_HANSWGL;14/08/2023;EF;1551;=;1.0400;mg/L
NL89_HANSWGL;30/08/2023;EB;1551;=;0.4770;mg/L
NL89_HANSWGL;30/08/2023;EF;1551;=;0.3510;mg/L
NL89_HANSWGL;12/09/2023;EB;1551;=;1.1900;mg/L
NL89_HANSWGL;12/09/2023;EF;1551;=;1.0900;mg/L
NL89_HANSWGL;26/09/2023;EB;1551;=;1.1700;mg/L
NL89_HANSWGL;26/09/2023;EF;1551;=;1.0300;mg/L
NL89_HANSWGL;11/10/2023;EB;1551;=;0.9780;mg/L
NL89_HANSWGL;11/10/2023;EF;1551;=;0.8250;mg/L
NL89_HANSWGL;08/11/2023;EB;1551;=;1.3800;mg/L
NL89_HANSWGL;08/11/2023;EF;1551;=;1.2700;mg/L
NL89_HANSWGL;05/12/2023;EB;1551;=;2.3400;mg/L
NL89_HANSWGL;05/12/2023;EF;1551;=;2.0900;mg/L
NL89_HANSWGL;04/01/2023;EB;1629;<;0.0100;µg/L
NL89_HANSWGL;30/01/2023;EB;1629;<;0.0100;µg/L
NL89_HANSWGL;28/02/2023;EB;1629;<;0.0100;µg/L
NL89_HANSWGL;27/03/2023;EB;1629;<;0.0100;µg/L
NL89_HANSWGL;24/04/2023;EB;1629;<;0.0100;µg/L
NL89_HANSWGL;22/06/2023;EB;1629;<;0.0100;µg/L
NL89_HANSWGL;17/07/2023;EB;1629;<;0.0100;µg/L
NL89_HANSWGL;14/08/2023;EB;1629;<;0.0100;µg/L
NL89_HANSWGL;12/09/2023;EB;1629;<;0.0100;µg/L
NL89_HANSWGL;11/10/2023;EB;1629;<;0.0100;µg/L
NL89_HANSWGL;08/11/2023;EB;1629;<;0.0100;µg/L
NL89_HANSWGL;05/12/2023;EB;1629;<;0.0100;µg/L
NL89_HANSWGL;04/01/2023;EB;1630;<;0.0100;µg/L
NL89_HANSWGL;30/01/2023;EB;1630;<;0.0100;µg/L
NL89_HANSWGL;28/02/2023;EB;1630;<;0.0100;µg/L
NL89_HANSWGL;27/03/2023;EB;1630;<;0.0100;µg/L
NL89_HANSWGL;24/04/2023;EB;1630;<;0.0100;µg/L
NL89_HANSWGL;22/06/2023;EB;1630;<;0.0100;µg/L
NL89_HANSWGL;17/07/2023;EB;1630;<;0.0100;µg/L
NL89_HANSWGL;14/08/2023;EB;1630;<;0.0100;µg/L
NL89_HANSWGL;12/09/2023;EB;1630;<;0.0100;µg/L
NL89_HANSWGL;11/10/2023;EB;1630;<;0.0100;µg/L
NL89_HANSWGL;08/11/2023;EB;1630;<;0.0100;µg/L
NL89_HANSWGL;05/12/2023;EB;1630;<;0.0100;µg/L
NL89_HANSWGL;04/01/2023;EB;1652;<;0.0005;µg/L
NL89_HANSWGL;30/01/2023;EB;1652;<;0.0005;µg/L
NL89_HANSWGL;28/02/2023;EB;1652;<;0.0005;µg/L
NL89_HANSWGL;27/03/2023;EB;1652;<;0.0005;µg/L
NL89_HANSWGL;24/04/2023;EB;1652;<;0.0005;µg/L
NL89_HANSWGL;22/06/2023;EB;1652;<;0.0005;µg/L
NL89_HANSWGL;17/07/2023;EB;1652;<;0.0005;µg/L
NL89_HANSWGL;14/08/2023;EB;1652;<;0.0005;µg/L
NL89_HANSWGL;12/09/2023;EB;1652;<;0.0005;µg/L
NL89_HANSWGL;11/10/2023;EB;1652;<;0.0005;µg/L
NL89_HANSWGL;08/11/2023;EB;1652;<;0.0005;µg/L
NL89_HANSWGL;05/12/2023;EB;1652;<;0.0005;µg/L
NL89_HANSWGL;04/01/2023;EB;1688;<;0.0010;µg/L
NL89_HANSWGL;30/01/2023;EB;1688;<;0.0010;µg/L
NL89_HANSWGL;28/02/2023;EB;1688;<;0.0010;µg/L
NL89_HANSWGL;27/03/2023;EB;1688;<;0.0010;µg/L
NL89_HANSWGL;24/04/2023;EB;1688;<;0.0010;µg/L
NL89_HANSWGL;22/06/2023;EB;1688;<;0.0010;µg/L
NL89_HANSWGL;17/07/2023;EB;1688;<;0.0010;µg/L
NL89_HANSWGL;14/08/2023;EB;1688;<;0.0010;µg/L
NL89_HANSWGL;12/09/2023;EB;1688;<;0.0010;µg/L
NL89_HANSWGL;11/10/2023;EB;1688;<;0.0010;µg/L
NL89_HANSWGL;08/11/2023;EB;1688;<;0.0010;µg/L
NL89_HANSWGL;05/12/2023;EB;1688;<;0.0010;µg/L
NL89_HANSWGL;04/01/2023;EB;1877;=;0.0022;µg/L
NL89_HANSWGL;30/01/2023;EB;1877;=;0.0021;µg/L
NL89_HANSWGL;28/02/2023;EB;1877;=;0.0018;µg/L
NL89_HANSWGL;27/03/2023;EB;1877;=;0.0018;µg/L
NL89_HANSWGL;24/04/2023;EB;1877;=;0.0019;µg/L
NL89_HANSWGL;22/06/2023;EB;1877;=;0.0010;µg/L
NL89_HANSWGL;17/07/2023;EB;1877;<;0.0006;µg/L
NL89_HANSWGL;14/08/2023;EB;1877;=;0.0010;µg/L
NL89_HANSWGL;12/09/2023;EB;1877;=;0.0009;µg/L
NL89_HANSWGL;11/10/2023;EB;1877;=;0.0010;µg/L
NL89_HANSWGL;08/11/2023;EB;1877;=;0.0016;µg/L
NL89_HANSWGL;05/12/2023;EB;1877;=;0.0023;µg/L
NL89_HANSWGL;04/01/2023;EB;1888;<;0.0000;µg/L
NL89_HANSWGL;30/01/2023;EB;1888;<;0.0000;µg/L
NL89_HANSWGL;28/02/2023;EB;1888;<;0.0000;µg/L
NL89_HANSWGL;27/03/2023;EB;1888;<;0.0000;µg/L
NL89_HANSWGL;24/04/2023;EB;1888;=;0.0000;µg/L
NL89_HANSWGL;22/06/2023;EB;1888;<;0.0000;µg/L
NL89_HANSWGL;17/07/2023;EB;1888;=;0.0000;µg/L
NL89_HANSWGL;14/08/2023;EB;1888;<;0.0000;µg/L
NL89_HANSWGL;12/09/2023;EB;1888;<;0.0000;µg/L
NL89_HANSWGL;11/10/2023;EB;1888;<;0.0000;µg/L
NL89_HANSWGL;08/11/2023;EB;1888;<;0.0000;µg/L
NL89_HANSWGL;05/12/2023;EB;1888;<;0.0000;µg/L
NL89_HANSWGL;04/01/2023;EB;1935;=;0.0002;µg/L
NL89_HANSWGL;30/01/2023;EB;1935;=;0.0001;µg/L
NL89_HANSWGL;28/02/2023;EB;1935;=;0.0001;µg/L
NL89_HANSWGL;27/03/2023;EB;1935;=;0.0001;µg/L
NL89_HANSWGL;24/04/2023;EB;1935;=;0.0001;µg/L
NL89_HANSWGL;22/06/2023;EB;1935;=;0.0001;µg/L
NL89_HANSWGL;17/07/2023;EB;1935;<;0.0001;µg/L
NL89_HANSWGL;14/08/2023;EB;1935;=;0.0001;µg/L
NL89_HANSWGL;12/09/2023;EB;1935;=;0.0001;µg/L
NL89_HANSWGL;11/10/2023;EB;1935;=;0.0001;µg/L
NL89_HANSWGL;08/11/2023;EB;1935;=;0.0001;µg/L
NL89_HANSWGL;05/12/2023;EB;1935;=;0.0001;µg/L
NL89_HANSWGL;04/01/2023;EB;1959;<;0.0030;µg/L
NL89_HANSWGL;30/01/2023;EB;1959;<;0.0030;µg/L
NL89_HANSWGL;28/02/2023;EB;1959;<;0.0030;µg/L
NL89_HANSWGL;27/03/2023;EB;1959;<;0.0030;µg/L
NL89_HANSWGL;24/04/2023;EB;1959;=;0.0037;µg/L
NL89_HANSWGL;22/06/2023;EB;1959;<;0.0030;µg/L
NL89_HANSWGL;17/07/2023;EB;1959;<;0.0030;µg/L
NL89_HANSWGL;14/08/2023;EB;1959;<;0.0030;µg/L
NL89_HANSWGL;12/09/2023;EB;1959;<;0.0030;µg/L
NL89_HANSWGL;11/10/2023;EB;1959;<;0.0030;µg/L
NL89_HANSWGL;08/11/2023;EB;1959;<;0.0030;µg/L
NL89_HANSWGL;05/12/2023;EB;1959;<;0.0030;µg/L
NL89_HANSWGL;04/01/2023;EB;2028;<;0.0001;µg/L
NL89_HANSWGL;30/01/2023;EB;2028;<;0.0001;µg/L
NL89_HANSWGL;28/02/2023;EB;2028;<;0.0001;µg/L
NL89_HANSWGL;27/03/2023;EB;2028;<;0.0001;µg/L
NL89_HANSWGL;24/04/2023;EB;2028;<;0.0001;µg/L
NL89_HANSWGL;22/06/2023;EB;2028;<;0.0001;µg/L
NL89_HANSWGL;17/07/2023;EB;2028;<;0.0001;µg/L
NL89_HANSWGL;14/08/2023;EB;2028;<;0.0001;µg/L
NL89_HANSWGL;12/09/2023;EB;2028;<;0.0001;µg/L
NL89_HANSWGL;11/10/2023;EB;2028;<;0.0001;µg/L
NL89_HANSWGL;08/11/2023;EB;2028;<;0.0001;µg/L
NL89_HANSWGL;05/12/2023;EB;2028;<;0.0001;µg/L
NL89_HANSWGL;04/01/2023;EB;2879;=;0.0009;µg/L
NL89_HANSWGL;30/01/2023;EB;2879;=;0.0007;µg/L
NL89_HANSWGL;28/02/2023;EB;2879;=;0.0017;µg/L
NL89_HANSWGL;27/03/2023;EB;2879;=;0.0010;µg/L
NL89_HANSWGL;24/04/2023;EB;2879;=;0.0007;µg/L
NL89_HANSWGL;22/06/2023;EB;2879;=;0.0003;µg/L
NL89_HANSWGL;17/07/2023;EB;2879;=;0.0003;µg/L
NL89_HANSWGL;14/08/2023;EB;2879;=;0.0003;µg/L
NL89_HANSWGL;12/09/2023;EB;2879;=;0.0003;µg/L
NL89_HANSWGL;11/10/2023;EB;2879;=;0.0003;µg/L
NL89_HANSWGL;08/11/2023;EB;2879;=;0.0003;µg/L
NL89_HANSWGL;05/12/2023;EB;2879;=;0.0008;µg/L
NL89_HANSWGL;04/01/2023;EB;2911;<;0.0005;µg/L
NL89_HANSWGL;30/01/2023;EB;2911;<;0.0005;µg/L
NL89_HANSWGL;28/02/2023;EB;2911;<;0.0005;µg/L
NL89_HANSWGL;27/03/2023;EB;2911;<;0.0005;µg/L
NL89_HANSWGL;24/04/2023;EB;2911;<;0.0005;µg/L
NL89_HANSWGL;22/06/2023;EB;2911;<;0.0005;µg/L
NL89_HANSWGL;17/07/2023;EB;2911;<;0.0005;µg/L
NL89_HANSWGL;14/08/2023;EB;2911;<;0.0005;µg/L
NL89_HANSWGL;12/09/2023;EB;2911;<;0.0005;µg/L
NL89_HANSWGL;11/10/2023;EB;2911;<;0.0005;µg/L
NL89_HANSWGL;08/11/2023;EB;2911;<;0.0005;µg/L
NL89_HANSWGL;05/12/2023;EB;2911;<;0.0005;µg/L
NL89_HANSWGL;04/01/2023;EB;2912;<;0.0005;µg/L
NL89_HANSWGL;30/01/2023;EB;2912;<;0.0005;µg/L
NL89_HANSWGL;28/02/2023;EB;2912;<;0.0005;µg/L
NL89_HANSWGL;27/03/2023;EB;2912;<;0.0005;µg/L
NL89_HANSWGL;24/04/2023;EB;2912;<;0.0005;µg/L
NL89_HANSWGL;22/06/2023;EB;2912;<;0.0005;µg/L
NL89_HANSWGL;17/07/2023;EB;2912;<;0.0005;µg/L
NL89_HANSWGL;14/08/2023;EB;2912;<;0.0005;µg/L
NL89_HANSWGL;12/09/2023;EB;2912;<;0.0005;µg/L
NL89_HANSWGL;11/10/2023;EB;2912;<;0.0005;µg/L
NL89_HANSWGL;08/11/2023;EB;2912;<;0.0005;µg/L
NL89_HANSWGL;05/12/2023;EB;2912;<;0.0005;µg/L
NL89_HANSWGL;04/01/2023;EB;2915;<;0.0005;µg/L
NL89_HANSWGL;30/01/2023;EB;2915;<;0.0005;µg/L
NL89_HANSWGL;28/02/2023;EB;2915;<;0.0005;µg/L
NL89_HANSWGL;27/03/2023;EB;2915;<;0.0005;µg/L
NL89_HANSWGL;24/04/2023;EB;2915;<;0.0005;µg/L
NL89_HANSWGL;22/06/2023;EB;2915;<;0.0005;µg/L
NL89_HANSWGL;17/07/2023;EB;2915;<;0.0005;µg/L
NL89_HANSWGL;14/08/2023;EB;2915;<;0.0005;µg/L
NL89_HANSWGL;12/09/2023;EB;2915;<;0.0005;µg/L
NL89_HANSWGL;11/10/2023;EB;2915;<;0.0005;µg/L
NL89_HANSWGL;08/11/2023;EB;2915;<;0.0005;µg/L
NL89_HANSWGL;05/12/2023;EB;2915;<;0.0005;µg/L
NL89_HANSWGL;04/01/2023;EB;2916;<;0.0005;µg/L
NL89_HANSWGL;30/01/2023;EB;2916;<;0.0005;µg/L
NL89_HANSWGL;28/02/2023;EB;2916;<;0.0005;µg/L
NL89_HANSWGL;27/03/2023;EB;2916;<;0.0005;µg/L
NL89_HANSWGL;24/04/2023;EB;2916;<;0.0005;µg/L
NL89_HANSWGL;22/06/2023;EB;2916;<;0.0005;µg/L
NL89_HANSWGL;17/07/2023;EB;2916;<;0.0005;µg/L
NL89_HANSWGL;14/08/2023;EB;2916;<;0.0005;µg/L
NL89_HANSWGL;12/09/2023;EB;2916;<;0.0005;µg/L
NL89_HANSWGL;11/10/2023;EB;2916;<;0.0005;µg/L
NL89_HANSWGL;08/11/2023;EB;2916;<;0.0005;µg/L
NL89_HANSWGL;05/12/2023;EB;2916;<;0.0005;µg/L
NL89_HANSWGL;04/01/2023;EB;2919;<;0.0005;µg/L
NL89_HANSWGL;30/01/2023;EB;2919;<;0.0005;µg/L
NL89_HANSWGL;28/02/2023;EB;2919;<;0.0005;µg/L
NL89_HANSWGL;27/03/2023;EB;2919;<;0.0005;µg/L
NL89_HANSWGL;24/04/2023;EB;2919;<;0.0005;µg/L
NL89_HANSWGL;22/06/2023;EB;2919;<;0.0005;µg/L
NL89_HANSWGL;17/07/2023;EB;2919;<;0.0005;µg/L
NL89_HANSWGL;14/08/2023;EB;2919;<;0.0005;µg/L
NL89_HANSWGL;12/09/2023;EB;2919;<;0.0005;µg/L
NL89_HANSWGL;11/10/2023;EB;2919;<;0.0005;µg/L
NL89_HANSWGL;08/11/2023;EB;2919;<;0.0005;µg/L
NL89_HANSWGL;05/12/2023;EB;2919;<;0.0005;µg/L
NL89_HANSWGL;04/01/2023;EB;2920;<;0.0005;µg/L
NL89_HANSWGL;30/01/2023;EB;2920;<;0.0005;µg/L
NL89_HANSWGL;28/02/2023;EB;2920;<;0.0005;µg/L
NL89_HANSWGL;27/03/2023;EB;2920;<;0.0005;µg/L
NL89_HANSWGL;24/04/2023;EB;2920;<;0.0005;µg/L
NL89_HANSWGL;22/06/2023;EB;2920;<;0.0005;µg/L
NL89_HANSWGL;17/07/2023;EB;2920;<;0.0005;µg/L
NL89_HANSWGL;14/08/2023;EB;2920;<;0.0005;µg/L
NL89_HANSWGL;12/09/2023;EB;2920;<;0.0005;µg/L
NL89_HANSWGL;11/10/2023;EB;2920;<;0.0005;µg/L
NL89_HANSWGL;08/11/2023;EB;2920;<;0.0005;µg/L
NL89_HANSWGL;05/12/2023;EB;2920;<;0.0005;µg/L
NL89_HANSWGL;04/01/2023;EB;5347;=;0.0045;ng/L
NL89_HANSWGL;30/01/2023;EB;5347;=;0.0047;ng/L
NL89_HANSWGL;28/02/2023;EB;5347;=;0.0038;ng/L
NL89_HANSWGL;27/03/2023;EB;5347;=;0.0046;ng/L
NL89_HANSWGL;24/04/2023;EB;5347;=;0.0039;ng/L
NL89_HANSWGL;22/06/2023;EB;5347;=;0.0042;ng/L
NL89_HANSWGL;17/07/2023;EB;5347;=;0.0043;ng/L
NL89_HANSWGL;14/08/2023;EB;5347;=;0.0049;ng/L
NL89_HANSWGL;12/09/2023;EB;5347;=;0.0044;ng/L
NL89_HANSWGL;11/10/2023;EB;5347;=;0.0037;ng/L
NL89_HANSWGL;08/11/2023;EB;5347;=;0.0045;ng/L
NL89_HANSWGL;05/12/2023;EB;5347;=;0.0047;ng/L
NL89_HANSWGL;04/01/2023;EB;5474;<;0.1000;µg/L
NL89_HANSWGL;30/01/2023;EB;5474;<;0.1000;µg/L
NL89_HANSWGL;28/02/2023;EB;5474;<;0.1000;µg/L
NL89_HANSWGL;27/03/2023;EB;5474;<;0.1000;µg/L
NL89_HANSWGL;24/04/2023;EB;5474;<;0.1000;µg/L
NL89_HANSWGL;22/06/2023;EB;5474;<;0.1000;µg/L
NL89_HANSWGL;17/07/2023;EB;5474;<;0.1000;µg/L
NL89_HANSWGL;14/08/2023;EB;5474;<;0.1000;µg/L
NL89_HANSWGL;12/09/2023;EB;5474;<;0.1000;µg/L
NL89_HANSWGL;11/10/2023;EB;5474;<;0.1000;µg/L
NL89_HANSWGL;08/11/2023;EB;5474;<;0.1000;µg/L
NL89_HANSWGL;05/12/2023;EB;5474;<;0.1000;µg/L
NL89_HANSWGL;04/01/2023;EB;5977;=;2.4000;ng/L
NL89_HANSWGL;30/01/2023;EB;5977;=;2.1100;ng/L
NL89_HANSWGL;28/02/2023;EB;5977;=;1.8500;ng/L
NL89_HANSWGL;27/03/2023;EB;5977;=;2.1400;ng/L
NL89_HANSWGL;24/04/2023;EB;5977;=;1.9000;ng/L
NL89_HANSWGL;22/06/2023;EB;5977;=;1.8700;ng/L
NL89_HANSWGL;17/07/2023;EB;5977;=;1.9700;ng/L
NL89_HANSWGL;14/08/2023;EB;5977;=;2.1600;ng/L
NL89_HANSWGL;12/09/2023;EB;5977;=;2.1500;ng/L
NL89_HANSWGL;11/10/2023;EB;5977;=;1.8100;ng/L
NL89_HANSWGL;08/11/2023;EB;5977;=;2.1600;ng/L
NL89_HANSWGL;05/12/2023;EB;5977;=;2.2700;ng/L
NL89_HANSWGL;04/01/2023;EB;5978;=;6.3400;ng/L
NL89_HANSWGL;30/01/2023;EB;5978;=;5.4000;ng/L
NL89_HANSWGL;28/02/2023;EB;5978;=;4.6700;ng/L
NL89_HANSWGL;27/03/2023;EB;5978;=;5.1900;ng/L
NL89_HANSWGL;24/04/2023;EB;5978;=;4.3800;ng/L
NL89_HANSWGL;22/06/2023;EB;5978;=;4.6100;ng/L
NL89_HANSWGL;17/07/2023;EB;5978;=;4.5300;ng/L
NL89_HANSWGL;14/08/2023;EB;5978;=;5.7400;ng/L
NL89_HANSWGL;12/09/2023;EB;5978;=;5.3900;ng/L
NL89_HANSWGL;11/10/2023;EB;5978;=;4.4700;ng/L
NL89_HANSWGL;08/11/2023;EB;5978;=;5.6300;ng/L
NL89_HANSWGL;05/12/2023;EB;5978;=;5.6000;ng/L
NL89_HANSWGL;04/01/2023;EB;5979;=;6.6700;ng/L
NL89_HANSWGL;30/01/2023;EB;5979;=;4.7200;ng/L
NL89_HANSWGL;28/02/2023;EB;5979;=;4.0800;ng/L
NL89_HANSWGL;27/03/2023;EB;5979;=;4.5100;ng/L
NL89_HANSWGL;24/04/2023;EB;5979;=;3.6700;ng/L
NL89_HANSWGL;22/06/2023;EB;5979;=;3.7000;ng/L
NL89_HANSWGL;17/07/2023;EB;5979;=;3.9500;ng/L
NL89_HANSWGL;14/08/2023;EB;5979;=;4.5400;ng/L
NL89_HANSWGL;12/09/2023;EB;5979;=;4.4900;ng/L
NL89_HANSWGL;11/10/2023;EB;5979;=;3.7700;ng/L
NL89_HANSWGL;08/11/2023;EB;5979;=;4.7700;ng/L
NL89_HANSWGL;05/12/2023;EB;5979;=;4.6100;ng/L
NL89_HANSWGL;04/01/2023;EB;6616;<;1000.0000;µg/L
NL89_HANSWGL;30/01/2023;EB;6616;<;1000.0000;µg/L
NL89_HANSWGL;28/02/2023;EB;6616;<;1000.0000;µg/L
NL89_HANSWGL;27/03/2023;EB;6616;<;1000.0000;µg/L
NL89_HANSWGL;24/04/2023;EB;6616;<;1000.0000;µg/L
NL89_HANSWGL;22/06/2023;EB;6616;<;1000.0000;µg/L
NL89_HANSWGL;17/07/2023;EB;6616;<;1000.0000;µg/L
NL89_HANSWGL;14/08/2023;EB;6616;<;1000.0000;µg/L
NL89_HANSWGL;12/09/2023;EB;6616;<;1000.0000;µg/L
NL89_HANSWGL;11/10/2023;EB;6616;<;1000.0000;µg/L
NL89_HANSWGL;08/11/2023;EB;6616;<;1000.0000;µg/L
NL89_HANSWGL;05/12/2023;EB;6616;<;1000.0000;µg/L
NL89_HANSWGL;04/01/2023;EB;6830;=;2.8700;ng/L
NL89_HANSWGL;30/01/2023;EB;6830;=;2.6500;ng/L
NL89_HANSWGL;28/02/2023;EB;6830;=;2.4400;ng/L
NL89_HANSWGL;27/03/2023;EB;6830;=;2.6500;ng/L
NL89_HANSWGL;24/04/2023;EB;6830;=;2.3200;ng/L
NL89_HANSWGL;22/06/2023;EB;6830;=;2.4000;ng/L
NL89_HANSWGL;17/07/2023;EB;6830;=;2.3300;ng/L
NL89_HANSWGL;14/08/2023;EB;6830;=;2.7800;ng/L
NL89_HANSWGL;12/09/2023;EB;6830;=;2.4000;ng/L
NL89_HANSWGL;11/10/2023;EB;6830;=;2.0000;ng/L
NL89_HANSWGL;08/11/2023;EB;6830;=;2.5900;ng/L
NL89_HANSWGL;05/12/2023;EB;6830;=;2.5100;ng/L
NL89_HANSWGL;04/01/2023;EB;7073;=;0.5120;mg/L
NL89_HANSWGL;27/03/2023;EB;7073;=;0.5410;mg/L
NL89_HANSWGL;22/06/2023;EB;7073;=;0.8990;mg/L
NL89_HANSWGL;12/09/2023;EB;7073;=;1.0900;mg/L
NL89_HANSWGL;05/12/2023;EB;7073;=;0.7250;mg/L
NL89_HANSWGL;04/01/2023;EB;1774;<;0.0300;µg/L
NL89_HANSWGL;30/01/2023;EB;1774;<;0.0300;µg/L
NL89_HANSWGL;28/02/2023;EB;1774;<;0.0300;µg/L
NL89_HANSWGL;27/03/2023;EB;1774;<;0.0300;µg/L
NL89_HANSWGL;24/04/2023;EB;1774;<;0.0300;µg/L
NL89_HANSWGL;22/06/2023;EB;1774;<;0.0300;µg/L
NL89_HANSWGL;17/07/2023;EB;1774;<;0.0300;µg/L
NL89_HANSWGL;14/08/2023;EB;1774;<;0.0300;µg/L
NL89_HANSWGL;12/09/2023;EB;1774;<;0.0300;µg/L
NL89_HANSWGL;11/10/2023;EB;1774;<;0.0300;µg/L
NL89_HANSWGL;08/11/2023;EB;1774;<;0.0300;µg/L
NL89_HANSWGL;05/12/2023;EB;1774;<;0.0300;µg/L
NL89_HANSWGL;04/01/2023;EB;5534;<;0.0018;µg/L
NL89_HANSWGL;30/01/2023;EB;5534;<;0.0018;µg/L
NL89_HANSWGL;28/02/2023;EB;5534;<;0.0018;µg/L
NL89_HANSWGL;27/03/2023;EB;5534;<;0.0018;µg/L
NL89_HANSWGL;24/04/2023;EB;5534;<;0.0018;µg/L
NL89_HANSWGL;22/06/2023;EB;5534;<;0.0018;µg/L
NL89_HANSWGL;17/07/2023;EB;5534;<;0.0018;µg/L
NL89_HANSWGL;14/08/2023;EB;5534;<;0.0018;µg/L
NL89_HANSWGL;12/09/2023;EB;5534;<;0.0018;µg/L
NL89_HANSWGL;11/10/2023;EB;5534;<;0.0018;µg/L
NL89_HANSWGL;08/11/2023;EB;5534;<;0.0018;µg/L
NL89_HANSWGL;05/12/2023;EB;5534;<;0.0018;µg/L
NL89_HANSWGL;04/01/2023;EB;6561;=;7.8400;ng/L
NL89_HANSWGL;30/01/2023;EB;6561;=;8.4800;ng/L
NL89_HANSWGL;28/02/2023;EB;6561;=;7.1100;ng/L
NL89_HANSWGL;27/03/2023;EB;6561;=;8.1800;ng/L
NL89_HANSWGL;24/04/2023;EB;6561;=;6.8800;ng/L
NL89_HANSWGL;22/06/2023;EB;6561;=;7.4000;ng/L
NL89_HANSWGL;17/07/2023;EB;6561;=;7.4200;ng/L
NL89_HANSWGL;14/08/2023;EB;6561;=;8.6400;ng/L
NL89_HANSWGL;12/09/2023;EB;6561;=;7.7600;ng/L
NL89_HANSWGL;11/10/2023;EB;6561;=;6.3100;ng/L
NL89_HANSWGL;08/11/2023;EB;6561;=;7.9400;ng/L
NL89_HANSWGL;05/12/2023;EB;6561;=;8.4600;ng/L
NL89_HANSWGL;04/01/2023;EF;COD;=;2.7400;mg/L
NL89_HANSWGL;30/01/2023;EF;COD;=;3.7200;mg/L
NL89_HANSWGL;28/02/2023;EF;COD;=;3.1800;mg/L
NL89_HANSWGL;27/03/2023;EF;COD;=;2.6900;mg/L
NL89_HANSWGL;12/04/2023;EF;COD;=;3.9800;mg/L
NL89_HANSWGL;24/04/2023;EF;COD;=;3.1800;mg/L
NL89_HANSWGL;05/06/2023;EF;COD;=;2.8000;mg/L
NL89_HANSWGL;22/06/2023;EF;COD;=;2.7900;mg/L
NL89_HANSWGL;03/07/2023;EF;COD;=;3.9200;mg/L
NL89_HANSWGL;17/07/2023;EF;COD;=;3.1600;mg/L
NL89_HANSWGL;02/08/2023;EF;COD;=;2.9900;mg/L
NL89_HANSWGL;14/08/2023;EF;COD;=;2.8300;mg/L
NL89_HANSWGL;30/08/2023;EF;COD;=;2.4400;mg/L
NL89_HANSWGL;12/09/2023;EF;COD;=;2.6700;mg/L
NL89_HANSWGL;26/09/2023;EF;COD;=;2.2000;mg/L
NL89_HANSWGL;11/10/2023;EF;COD;=;2.3600;mg/L
NL89_HANSWGL;08/11/2023;EF;COD;=;3.4700;mg/L
NL89_HANSWGL;05/12/2023;EF;COD;=;4.5600;mg/L
NL89_HANSWGL;04/01/2023;EB;COT;=;3.9700;mg/L
NL89_HANSWGL;30/01/2023;EB;COT;=;5.4200;mg/L
NL89_HANSWGL;28/02/2023;EB;COT;=;4.2800;mg/L
NL89_HANSWGL;27/03/2023;EB;COT;=;4.7100;mg/L
NL89_HANSWGL;24/04/2023;EB;COT;=;5.1500;mg/L
NL89_HANSWGL;22/06/2023;EB;COT;=;3.6500;mg/L
NL89_HANSWGL;17/07/2023;EB;COT;=;3.9700;mg/L
NL89_HANSWGL;14/08/2023;EB;COT;=;3.3800;mg/L
NL89_HANSWGL;12/09/2023;EB;COT;=;3.4300;mg/L
NL89_HANSWGL;11/10/2023;EB;COT;=;3.8800;mg/L
NL89_HANSWGL;08/11/2023;EB;COT;=;4.5000;mg/L
NL89_HANSWGL;05/12/2023;EB;COT;=;6.8800;mg/L
NL89_SASVGT;12/01/2023;EB;1082;=;0.0060;µg/L
NL89_SASVGT;06/02/2023;EB;1082;=;0.0112;µg/L
NL89_SASVGT;06/03/2023;EB;1082;=;0.0036;µg/L
NL89_SASVGT;03/04/2023;EB;1082;=;0.0052;µg/L
NL89_SASVGT;01/05/2023;EB;1082;=;0.0034;µg/L
NL89_SASVGT;01/06/2023;EB;1082;=;0.0038;µg/L
NL89_SASVGT;27/06/2023;EB;1082;=;0.0128;µg/L
NL89_SASVGT;27/07/2023;EB;1082;=;0.0037;µg/L
NL89_SASVGT;22/08/2023;EB;1082;=;0.0065;µg/L
NL89_SASVGT;18/09/2023;EB;1082;=;0.0053;µg/L
NL89_SASVGT;19/10/2023;EB;1082;=;0.0034;µg/L
NL89_SASVGT;16/11/2023;EB;1082;=;0.0032;µg/L
NL89_SASVGT;11/12/2023;EB;1082;=;0.0074;µg/L
NL89_SASVGT;12/01/2023;EB;1083;=;0.0004;µg/L
NL89_SASVGT;06/02/2023;EB;1083;=;0.0003;µg/L
NL89_SASVGT;06/03/2023;EB;1083;=;0.0006;µg/L
NL89_SASVGT;03/04/2023;EB;1083;=;0.0006;µg/L
NL89_SASVGT;01/05/2023;EB;1083;=;0.0005;µg/L
NL89_SASVGT;01/06/2023;EB;1083;=;0.0004;µg/L
NL89_SASVGT;27/06/2023;EB;1083;=;0.0003;µg/L
NL89_SASVGT;27/07/2023;EB;1083;<;0.0002;µg/L
NL89_SASVGT;22/08/2023;EB;1083;<;0.0002;µg/L
NL89_SASVGT;18/09/2023;EB;1083;<;0.0002;µg/L
NL89_SASVGT;19/10/2023;EB;1083;<;0.0002;µg/L
NL89_SASVGT;16/11/2023;EB;1083;=;0.0004;µg/L
NL89_SASVGT;11/12/2023;EB;1083;=;0.0003;µg/L
NL89_SASVGT;12/01/2023;EB;1101;<;0.0006;µg/L
NL89_SASVGT;06/02/2023;EB;1101;<;0.0006;µg/L
NL89_SASVGT;06/03/2023;EB;1101;<;0.0006;µg/L
NL89_SASVGT;03/04/2023;EB;1101;<;0.0006;µg/L
NL89_SASVGT;01/05/2023;EB;1101;<;0.0006;µg/L
NL89_SASVGT;01/06/2023;EB;1101;<;0.0006;µg/L
NL89_SASVGT;27/06/2023;EB;1101;<;0.0006;µg/L
NL89_SASVGT;27/07/2023;EB;1101;<;0.0006;µg/L
NL89_SASVGT;22/08/2023;EB;1101;<;0.0006;µg/L
NL89_SASVGT;18/09/2023;EB;1101;<;0.0006;µg/L
NL89_SASVGT;19/10/2023;EB;1101;<;0.0006;µg/L
NL89_SASVGT;16/11/2023;EB;1101;<;0.0006;µg/L
NL89_SASVGT;11/12/2023;EB;1101;<;0.0006;µg/L
NL89_SASVGT;12/01/2023;EB;1103;<;0.0003;µg/L
NL89_SASVGT;06/02/2023;EB;1103;<;0.0003;µg/L
NL89_SASVGT;06/03/2023;EB;1103;<;0.0003;µg/L
NL89_SASVGT;03/04/2023;EB;1103;<;0.0003;µg/L
NL89_SASVGT;01/05/2023;EB;1103;<;0.0003;µg/L
NL89_SASVGT;01/06/2023;EB;1103;<;0.0003;µg/L
NL89_SASVGT;27/06/2023;EB;1103;<;0.0003;µg/L
NL89_SASVGT;27/07/2023;EB;1103;<;0.0003;µg/L
NL89_SASVGT;22/08/2023;EB;1103;<;0.0003;µg/L
NL89_SASVGT;18/09/2023;EB;1103;<;0.0003;µg/L
NL89_SASVGT;19/10/2023;EB;1103;<;0.0003;µg/L
NL89_SASVGT;16/11/2023;EB;1103;<;0.0003;µg/L
NL89_SASVGT;11/12/2023;EB;1103;<;0.0003;µg/L
NL89_SASVGT;12/01/2023;EB;1107;=;0.0073;µg/L
NL89_SASVGT;06/02/2023;EB;1107;=;0.0059;µg/L
NL89_SASVGT;06/03/2023;EB;1107;=;0.0070;µg/L
NL89_SASVGT;03/04/2023;EB;1107;=;0.0060;µg/L
NL89_SASVGT;01/05/2023;EB;1107;=;0.0052;µg/L
NL89_SASVGT;01/06/2023;EB;1107;=;0.0046;µg/L
NL89_SASVGT;27/06/2023;EB;1107;=;0.0052;µg/L
NL89_SASVGT;27/07/2023;EB;1107;=;0.0051;µg/L
NL89_SASVGT;22/08/2023;EB;1107;=;0.0047;µg/L
NL89_SASVGT;18/09/2023;EB;1107;=;0.0047;µg/L
NL89_SASVGT;19/10/2023;EB;1107;=;0.0046;µg/L
NL89_SASVGT;16/11/2023;EB;1107;=;0.0028;µg/L
NL89_SASVGT;11/12/2023;EB;1107;=;0.0034;µg/L
NL89_SASVGT;12/01/2023;EB;1114;<;0.0100;µg/L
NL89_SASVGT;06/02/2023;EB;1114;<;0.0100;µg/L
NL89_SASVGT;06/03/2023;EB;1114;<;0.0100;µg/L
NL89_SASVGT;03/04/2023;EB;1114;=;0.0200;µg/L
NL89_SASVGT;01/05/2023;EB;1114;<;0.0100;µg/L
NL89_SASVGT;01/06/2023;EB;1114;<;0.0100;µg/L
NL89_SASVGT;27/06/2023;EB;1114;<;0.0100;µg/L
NL89_SASVGT;27/07/2023;EB;1114;<;0.0100;µg/L
NL89_SASVGT;22/08/2023;EB;1114;<;0.0100;µg/L
NL89_SASVGT;18/09/2023;EB;1114;=;0.0200;µg/L
NL89_SASVGT;19/10/2023;EB;1114;<;0.0100;µg/L
NL89_SASVGT;16/11/2023;EB;1114;=;0.0200;µg/L
NL89_SASVGT;11/12/2023;EB;1114;=;0.0200;µg/L
NL89_SASVGT;12/01/2023;EB;1115;=;0.0048;µg/L
NL89_SASVGT;06/02/2023;EB;1115;=;0.0074;µg/L
NL89_SASVGT;06/03/2023;EB;1115;=;0.0029;µg/L
NL89_SASVGT;03/04/2023;EB;1115;=;0.0040;µg/L
NL89_SASVGT;01/05/2023;EB;1115;=;0.0028;µg/L
NL89_SASVGT;01/06/2023;EB;1115;=;0.0027;µg/L
NL89_SASVGT;27/06/2023;EB;1115;=;0.0055;µg/L
NL89_SASVGT;27/07/2023;EB;1115;=;0.0024;µg/L
NL89_SASVGT;22/08/2023;EB;1115;=;0.0048;µg/L
NL89_SASVGT;18/09/2023;EB;1115;=;0.0049;µg/L
NL89_SASVGT;19/10/2023;EB;1115;=;0.0032;µg/L
NL89_SASVGT;16/11/2023;EB;1115;=;0.0038;µg/L
NL89_SASVGT;11/12/2023;EB;1115;=;0.0058;µg/L
NL89_SASVGT;12/01/2023;EB;1117;=;0.0027;µg/L
NL89_SASVGT;06/02/2023;EB;1117;=;0.0045;µg/L
NL89_SASVGT;06/03/2023;EB;1117;=;0.0015;µg/L
NL89_SASVGT;03/04/2023;EB;1117;=;0.0023;µg/L
NL89_SASVGT;01/05/2023;EB;1117;=;0.0018;µg/L
NL89_SASVGT;01/06/2023;EB;1117;=;0.0017;µg/L
NL89_SASVGT;27/06/2023;EB;1117;=;0.0043;µg/L
NL89_SASVGT;27/07/2023;EB;1117;=;0.0019;µg/L
NL89_SASVGT;22/08/2023;EB;1117;=;0.0043;µg/L
NL89_SASVGT;18/09/2023;EB;1117;=;0.0038;µg/L
NL89_SASVGT;19/10/2023;EB;1117;=;0.0023;µg/L
NL89_SASVGT;16/11/2023;EB;1117;=;0.0027;µg/L
NL89_SASVGT;11/12/2023;EB;1117;=;0.0042;µg/L
NL89_SASVGT;12/01/2023;EB;1118;=;0.0039;µg/L
NL89_SASVGT;06/02/2023;EB;1118;=;0.0049;µg/L
NL89_SASVGT;06/03/2023;EB;1118;=;0.0023;µg/L
NL89_SASVGT;03/04/2023;EB;1118;=;0.0044;µg/L
NL89_SASVGT;01/05/2023;EB;1118;=;0.0027;µg/L
NL89_SASVGT;01/06/2023;EB;1118;=;0.0027;µg/L
NL89_SASVGT;27/06/2023;EB;1118;=;0.0045;µg/L
NL89_SASVGT;27/07/2023;EB;1118;=;0.0024;µg/L
NL89_SASVGT;22/08/2023;EB;1118;=;0.0042;µg/L
NL89_SASVGT;18/09/2023;EB;1118;=;0.0050;µg/L
NL89_SASVGT;19/10/2023;EB;1118;=;0.0031;µg/L
NL89_SASVGT;16/11/2023;EB;1118;=;0.0037;µg/L
NL89_SASVGT;11/12/2023;EB;1118;=;0.0050;µg/L
NL89_SASVGT;12/01/2023;EB;1119;<;0.0004;µg/L
NL89_SASVGT;06/02/2023;EB;1119;<;0.0004;µg/L
NL89_SASVGT;06/03/2023;EB;1119;<;0.0004;µg/L
NL89_SASVGT;03/04/2023;EB;1119;<;0.0004;µg/L
NL89_SASVGT;01/05/2023;EB;1119;<;0.0004;µg/L
NL89_SASVGT;01/06/2023;EB;1119;<;0.0004;µg/L
NL89_SASVGT;27/06/2023;EB;1119;<;0.0004;µg/L
NL89_SASVGT;27/07/2023;EB;1119;<;0.0004;µg/L
NL89_SASVGT;22/08/2023;EB;1119;<;0.0004;µg/L
NL89_SASVGT;18/09/2023;EB;1119;<;0.0004;µg/L
NL89_SASVGT;19/10/2023;EB;1119;<;0.0004;µg/L
NL89_SASVGT;16/11/2023;EB;1119;<;0.0004;µg/L
NL89_SASVGT;11/12/2023;EB;1119;<;0.0004;µg/L
NL89_SASVGT;12/01/2023;EB;1135;=;0.0100;µg/L
NL89_SASVGT;06/02/2023;EB;1135;=;0.0300;µg/L
NL89_SASVGT;06/03/2023;EB;1135;=;0.0300;µg/L
NL89_SASVGT;03/04/2023;EB;1135;=;0.0200;µg/L
NL89_SASVGT;01/05/2023;EB;1135;=;0.0300;µg/L
NL89_SASVGT;01/06/2023;EB;1135;=;0.0200;µg/L
NL89_SASVGT;27/06/2023;EB;1135;=;0.0200;µg/L
NL89_SASVGT;27/07/2023;EB;1135;=;0.0200;µg/L
NL89_SASVGT;22/08/2023;EB;1135;=;0.0200;µg/L
NL89_SASVGT;18/09/2023;EB;1135;=;0.0300;µg/L
NL89_SASVGT;19/10/2023;EB;1135;=;0.0100;µg/L
NL89_SASVGT;16/11/2023;EB;1135;=;0.0300;µg/L
NL89_SASVGT;11/12/2023;EB;1135;=;0.0400;µg/L
NL89_SASVGT;12/01/2023;EB;1140;<;0.0007;µg/L
NL89_SASVGT;06/02/2023;EB;1140;<;0.0007;µg/L
NL89_SASVGT;06/03/2023;EB;1140;<;0.0007;µg/L
NL89_SASVGT;03/04/2023;EB;1140;<;0.0007;µg/L
NL89_SASVGT;01/05/2023;EB;1140;<;0.0007;µg/L
NL89_SASVGT;01/06/2023;EB;1140;<;0.0007;µg/L
NL89_SASVGT;27/06/2023;EB;1140;<;0.0007;µg/L
NL89_SASVGT;27/07/2023;EB;1140;<;0.0007;µg/L
NL89_SASVGT;22/08/2023;EB;1140;<;0.0007;µg/L
NL89_SASVGT;18/09/2023;EB;1140;<;0.0007;µg/L
NL89_SASVGT;19/10/2023;EB;1140;<;0.0007;µg/L
NL89_SASVGT;16/11/2023;EB;1140;<;0.0007;µg/L
NL89_SASVGT;11/12/2023;EB;1140;<;0.0007;µg/L
NL89_SASVGT;12/01/2023;EB;1144;<;0.0003;µg/L
NL89_SASVGT;06/02/2023;EB;1144;<;0.0003;µg/L
NL89_SASVGT;06/03/2023;EB;1144;<;0.0003;µg/L
NL89_SASVGT;03/04/2023;EB;1144;<;0.0003;µg/L
NL89_SASVGT;01/05/2023;EB;1144;<;0.0003;µg/L
NL89_SASVGT;01/06/2023;EB;1144;<;0.0003;µg/L
NL89_SASVGT;27/06/2023;EB;1144;<;0.0003;µg/L
NL89_SASVGT;27/07/2023;EB;1144;<;0.0003;µg/L
NL89_SASVGT;22/08/2023;EB;1144;<;0.0003;µg/L
NL89_SASVGT;18/09/2023;EB;1144;<;0.0003;µg/L
NL89_SASVGT;19/10/2023;EB;1144;<;0.0003;µg/L
NL89_SASVGT;16/11/2023;EB;1144;<;0.0003;µg/L
NL89_SASVGT;11/12/2023;EB;1144;<;0.0003;µg/L
NL89_SASVGT;12/01/2023;EB;1146;<;0.0002;µg/L
NL89_SASVGT;06/02/2023;EB;1146;<;0.0002;µg/L
NL89_SASVGT;06/03/2023;EB;1146;<;0.0002;µg/L
NL89_SASVGT;03/04/2023;EB;1146;<;0.0002;µg/L
NL89_SASVGT;01/05/2023;EB;1146;<;0.0002;µg/L
NL89_SASVGT;01/06/2023;EB;1146;<;0.0002;µg/L
NL89_SASVGT;27/06/2023;EB;1146;<;0.0002;µg/L
NL89_SASVGT;27/07/2023;EB;1146;<;0.0002;µg/L
NL89_SASVGT;22/08/2023;EB;1146;<;0.0002;µg/L
NL89_SASVGT;18/09/2023;EB;1146;<;0.0002;µg/L
NL89_SASVGT;19/10/2023;EB;1146;<;0.0002;µg/L
NL89_SASVGT;16/11/2023;EB;1146;<;0.0002;µg/L
NL89_SASVGT;11/12/2023;EB;1146;<;0.0002;µg/L
NL89_SASVGT;12/01/2023;EB;1147;<;0.0006;µg/L
NL89_SASVGT;06/02/2023;EB;1147;<;0.0006;µg/L
NL89_SASVGT;06/03/2023;EB;1147;<;0.0006;µg/L
NL89_SASVGT;03/04/2023;EB;1147;<;0.0006;µg/L
NL89_SASVGT;01/05/2023;EB;1147;<;0.0006;µg/L
NL89_SASVGT;01/06/2023;EB;1147;<;0.0006;µg/L
NL89_SASVGT;27/06/2023;EB;1147;<;0.0006;µg/L
NL89_SASVGT;27/07/2023;EB;1147;<;0.0006;µg/L
NL89_SASVGT;22/08/2023;EB;1147;<;0.0006;µg/L
NL89_SASVGT;18/09/2023;EB;1147;<;0.0006;µg/L
NL89_SASVGT;19/10/2023;EB;1147;<;0.0006;µg/L
NL89_SASVGT;16/11/2023;EB;1147;<;0.0006;µg/L
NL89_SASVGT;11/12/2023;EB;1147;<;0.0006;µg/L
NL89_SASVGT;12/01/2023;EB;1148;<;0.0002;µg/L
NL89_SASVGT;06/02/2023;EB;1148;<;0.0002;µg/L
NL89_SASVGT;06/03/2023;EB;1148;<;0.0002;µg/L
NL89_SASVGT;03/04/2023;EB;1148;<;0.0002;µg/L
NL89_SASVGT;01/05/2023;EB;1148;<;0.0002;µg/L
NL89_SASVGT;01/06/2023;EB;1148;<;0.0002;µg/L
NL89_SASVGT;27/06/2023;EB;1148;<;0.0002;µg/L
NL89_SASVGT;27/07/2023;EB;1148;<;0.0002;µg/L
NL89_SASVGT;22/08/2023;EB;1148;<;0.0002;µg/L
NL89_SASVGT;18/09/2023;EB;1148;<;0.0002;µg/L
NL89_SASVGT;19/10/2023;EB;1148;<;0.0002;µg/L
NL89_SASVGT;16/11/2023;EB;1148;<;0.0002;µg/L
NL89_SASVGT;11/12/2023;EB;1148;<;0.0002;µg/L
NL89_SASVGT;12/01/2023;EB;1161;<;0.0100;µg/L
NL89_SASVGT;06/02/2023;EB;1161;<;0.0100;µg/L
NL89_SASVGT;06/03/2023;EB;1161;<;0.0100;µg/L
NL89_SASVGT;03/04/2023;EB;1161;<;0.0100;µg/L
NL89_SASVGT;01/05/2023;EB;1161;<;0.0100;µg/L
NL89_SASVGT;01/06/2023;EB;1161;<;0.0100;µg/L
NL89_SASVGT;27/06/2023;EB;1161;<;0.0100;µg/L
NL89_SASVGT;27/07/2023;EB;1161;<;0.0100;µg/L
NL89_SASVGT;22/08/2023;EB;1161;<;0.0100;µg/L
NL89_SASVGT;18/09/2023;EB;1161;<;0.0100;µg/L
NL89_SASVGT;19/10/2023;EB;1161;<;0.0100;µg/L
NL89_SASVGT;16/11/2023;EB;1161;<;0.0100;µg/L
NL89_SASVGT;11/12/2023;EB;1161;<;0.0100;µg/L
NL89_SASVGT;12/01/2023;EB;1168;<;0.5000;µg/L
NL89_SASVGT;06/02/2023;EB;1168;<;0.5000;µg/L
NL89_SASVGT;06/03/2023;EB;1168;<;0.5000;µg/L
NL89_SASVGT;03/04/2023;EB;1168;<;0.5000;µg/L
NL89_SASVGT;01/05/2023;EB;1168;<;0.5000;µg/L
NL89_SASVGT;01/06/2023;EB;1168;<;0.5000;µg/L
NL89_SASVGT;27/06/2023;EB;1168;<;0.5000;µg/L
NL89_SASVGT;27/07/2023;EB;1168;<;0.5000;µg/L
NL89_SASVGT;22/08/2023;EB;1168;<;0.5000;µg/L
NL89_SASVGT;18/09/2023;EB;1168;<;0.5000;µg/L
NL89_SASVGT;19/10/2023;EB;1168;<;0.5000;µg/L
NL89_SASVGT;16/11/2023;EB;1168;<;0.5000;µg/L
NL89_SASVGT;11/12/2023;EB;1168;<;0.5000;µg/L
NL89_SASVGT;12/01/2023;EB;1170;<;0.0003;µg/L
NL89_SASVGT;06/02/2023;EB;1170;<;0.0003;µg/L
NL89_SASVGT;06/03/2023;EB;1170;<;0.0003;µg/L
NL89_SASVGT;03/04/2023;EB;1170;<;0.0003;µg/L
NL89_SASVGT;01/05/2023;EB;1170;<;0.0003;µg/L
NL89_SASVGT;01/06/2023;EB;1170;<;0.0003;µg/L
NL89_SASVGT;27/06/2023;EB;1170;<;0.0003;µg/L
NL89_SASVGT;27/07/2023;EB;1170;<;0.0003;µg/L
NL89_SASVGT;22/08/2023;EB;1170;<;0.0003;µg/L
NL89_SASVGT;18/09/2023;EB;1170;<;0.0003;µg/L
NL89_SASVGT;19/10/2023;EB;1170;<;0.0003;µg/L
NL89_SASVGT;16/11/2023;EB;1170;<;0.0003;µg/L
NL89_SASVGT;11/12/2023;EB;1170;<;0.0003;µg/L
NL89_SASVGT;12/01/2023;EB;1172;=;0.0002;µg/L
NL89_SASVGT;06/02/2023;EB;1172;=;0.0004;µg/L
NL89_SASVGT;06/03/2023;EB;1172;=;0.0006;µg/L
NL89_SASVGT;03/04/2023;EB;1172;=;0.0006;µg/L
NL89_SASVGT;01/05/2023;EB;1172;=;0.0004;µg/L
NL89_SASVGT;01/06/2023;EB;1172;=;0.0007;µg/L
NL89_SASVGT;27/06/2023;EB;1172;=;0.0007;µg/L
NL89_SASVGT;27/07/2023;EB;1172;=;0.0004;µg/L
NL89_SASVGT;22/08/2023;EB;1172;=;0.0005;µg/L
NL89_SASVGT;18/09/2023;EB;1172;=;0.0004;µg/L
NL89_SASVGT;19/10/2023;EB;1172;=;0.0003;µg/L
NL89_SASVGT;16/11/2023;EB;1172;=;0.0003;µg/L
NL89_SASVGT;11/12/2023;EB;1172;=;0.0001;µg/L
NL89_SASVGT;12/01/2023;EB;1173;<;0.0002;µg/L
NL89_SASVGT;06/02/2023;EB;1173;<;0.0002;µg/L
NL89_SASVGT;06/03/2023;EB;1173;<;0.0002;µg/L
NL89_SASVGT;03/04/2023;EB;1173;<;0.0002;µg/L
NL89_SASVGT;01/05/2023;EB;1173;<;0.0002;µg/L
NL89_SASVGT;01/06/2023;EB;1173;<;0.0002;µg/L
NL89_SASVGT;27/06/2023;EB;1173;<;0.0002;µg/L
NL89_SASVGT;27/07/2023;EB;1173;<;0.0002;µg/L
NL89_SASVGT;22/08/2023;EB;1173;<;0.0002;µg/L
NL89_SASVGT;18/09/2023;EB;1173;<;0.0002;µg/L
NL89_SASVGT;19/10/2023;EB;1173;<;0.0002;µg/L
NL89_SASVGT;16/11/2023;EB;1173;=;0.0004;µg/L
NL89_SASVGT;11/12/2023;EB;1173;=;0.0003;µg/L
NL89_SASVGT;12/01/2023;EB;1177;=;0.0118;µg/L
NL89_SASVGT;06/02/2023;EB;1177;=;0.0126;µg/L
NL89_SASVGT;06/03/2023;EB;1177;=;0.0100;µg/L
NL89_SASVGT;03/04/2023;EB;1177;=;0.0089;µg/L
NL89_SASVGT;01/05/2023;EB;1177;=;0.0110;µg/L
NL89_SASVGT;01/06/2023;EB;1177;=;0.0100;µg/L
NL89_SASVGT;27/06/2023;EB;1177;=;0.0114;µg/L
NL89_SASVGT;27/07/2023;EB;1177;=;0.0129;µg/L
NL89_SASVGT;22/08/2023;EB;1177;=;0.0118;µg/L
NL89_SASVGT;18/09/2023;EB;1177;=;0.0183;µg/L
NL89_SASVGT;19/10/2023;EB;1177;=;0.0183;µg/L
NL89_SASVGT;16/11/2023;EB;1177;=;0.0099;µg/L
NL89_SASVGT;11/12/2023;EB;1177;=;0.0071;µg/L
NL89_SASVGT;12/01/2023;EB;1178;<;0.0004;µg/L
NL89_SASVGT;06/02/2023;EB;1178;<;0.0004;µg/L
NL89_SASVGT;06/03/2023;EB;1178;<;0.0004;µg/L
NL89_SASVGT;03/04/2023;EB;1178;<;0.0004;µg/L
NL89_SASVGT;01/05/2023;EB;1178;<;0.0004;µg/L
NL89_SASVGT;01/06/2023;EB;1178;<;0.0004;µg/L
NL89_SASVGT;27/06/2023;EB;1178;<;0.0004;µg/L
NL89_SASVGT;27/07/2023;EB;1178;<;0.0004;µg/L
NL89_SASVGT;22/08/2023;EB;1178;<;0.0004;µg/L
NL89_SASVGT;18/09/2023;EB;1178;<;0.0004;µg/L
NL89_SASVGT;19/10/2023;EB;1178;<;0.0004;µg/L
NL89_SASVGT;16/11/2023;EB;1178;<;0.0004;µg/L
NL89_SASVGT;11/12/2023;EB;1178;<;0.0004;µg/L
NL89_SASVGT;12/01/2023;EB;1179;<;0.0003;µg/L
NL89_SASVGT;06/02/2023;EB;1179;<;0.0003;µg/L
NL89_SASVGT;06/03/2023;EB;1179;<;0.0003;µg/L
NL89_SASVGT;03/04/2023;EB;1179;<;0.0003;µg/L
NL89_SASVGT;01/05/2023;EB;1179;<;0.0003;µg/L
NL89_SASVGT;01/06/2023;EB;1179;<;0.0003;µg/L
NL89_SASVGT;27/06/2023;EB;1179;<;0.0003;µg/L
NL89_SASVGT;27/07/2023;EB;1179;<;0.0003;µg/L
NL89_SASVGT;22/08/2023;EB;1179;<;0.0003;µg/L
NL89_SASVGT;18/09/2023;EB;1179;<;0.0003;µg/L
NL89_SASVGT;19/10/2023;EB;1179;<;0.0003;µg/L
NL89_SASVGT;16/11/2023;EB;1179;<;0.0003;µg/L
NL89_SASVGT;11/12/2023;EB;1179;<;0.0003;µg/L
NL89_SASVGT;12/01/2023;EB;1181;<;0.0010;µg/L
NL89_SASVGT;06/02/2023;EB;1181;<;0.0010;µg/L
NL89_SASVGT;06/03/2023;EB;1181;<;0.0010;µg/L
NL89_SASVGT;03/04/2023;EB;1181;<;0.0010;µg/L
NL89_SASVGT;01/05/2023;EB;1181;<;0.0010;µg/L
NL89_SASVGT;01/06/2023;EB;1181;<;0.0010;µg/L
NL89_SASVGT;27/06/2023;EB;1181;<;0.0010;µg/L
NL89_SASVGT;27/07/2023;EB;1181;<;0.0010;µg/L
NL89_SASVGT;22/08/2023;EB;1181;<;0.0010;µg/L
NL89_SASVGT;18/09/2023;EB;1181;<;0.0010;µg/L
NL89_SASVGT;19/10/2023;EB;1181;<;0.0010;µg/L
NL89_SASVGT;16/11/2023;EB;1181;<;0.0010;µg/L
NL89_SASVGT;11/12/2023;EB;1181;<;0.0010;µg/L
NL89_SASVGT;12/01/2023;EB;1191;=;0.0267;µg/L
NL89_SASVGT;06/02/2023;EB;1191;=;0.0534;µg/L
NL89_SASVGT;06/03/2023;EB;1191;=;0.0128;µg/L
NL89_SASVGT;03/04/2023;EB;1191;=;0.0243;µg/L
NL89_SASVGT;01/05/2023;EB;1191;=;0.0100;µg/L
NL89_SASVGT;01/06/2023;EB;1191;=;0.0161;µg/L
NL89_SASVGT;27/06/2023;EB;1191;=;0.0727;µg/L
NL89_SASVGT;27/07/2023;EB;1191;=;0.0152;µg/L
NL89_SASVGT;22/08/2023;EB;1191;=;0.0460;µg/L
NL89_SASVGT;18/09/2023;EB;1191;=;0.0152;µg/L
NL89_SASVGT;19/10/2023;EB;1191;=;0.0088;µg/L
NL89_SASVGT;16/11/2023;EB;1191;=;0.0158;µg/L
NL89_SASVGT;11/12/2023;EB;1191;=;0.0341;µg/L
NL89_SASVGT;12/01/2023;EB;1197;<;0.0001;µg/L
NL89_SASVGT;06/02/2023;EB;1197;<;0.0001;µg/L
NL89_SASVGT;06/03/2023;EB;1197;<;0.0001;µg/L
NL89_SASVGT;03/04/2023;EB;1197;<;0.0001;µg/L
NL89_SASVGT;01/05/2023;EB;1197;<;0.0001;µg/L
NL89_SASVGT;01/06/2023;EB;1197;<;0.0001;µg/L
NL89_SASVGT;27/06/2023;EB;1197;<;0.0001;µg/L
NL89_SASVGT;27/07/2023;EB;1197;<;0.0001;µg/L
NL89_SASVGT;22/08/2023;EB;1197;<;0.0001;µg/L
NL89_SASVGT;18/09/2023;EB;1197;<;0.0001;µg/L
NL89_SASVGT;19/10/2023;EB;1197;<;0.0001;µg/L
NL89_SASVGT;16/11/2023;EB;1197;<;0.0001;µg/L
NL89_SASVGT;11/12/2023;EB;1197;<;0.0001;µg/L
NL89_SASVGT;12/01/2023;EB;1198;=;0.0001;µg/L
NL89_SASVGT;06/02/2023;EB;1198;<;0.0001;µg/L
NL89_SASVGT;06/03/2023;EB;1198;<;0.0001;µg/L
NL89_SASVGT;03/04/2023;EB;1198;<;0.0001;µg/L
NL89_SASVGT;01/05/2023;EB;1198;<;0.0001;µg/L
NL89_SASVGT;01/06/2023;EB;1198;<;0.0001;µg/L
NL89_SASVGT;27/06/2023;EB;1198;<;0.0001;µg/L
NL89_SASVGT;27/07/2023;EB;1198;<;0.0001;µg/L
NL89_SASVGT;22/08/2023;EB;1198;<;0.0001;µg/L
NL89_SASVGT;18/09/2023;EB;1198;<;0.0001;µg/L
NL89_SASVGT;19/10/2023;EB;1198;<;0.0001;µg/L
NL89_SASVGT;16/11/2023;EB;1198;=;0.0001;µg/L
NL89_SASVGT;11/12/2023;EB;1198;=;0.0001;µg/L
NL89_SASVGT;12/01/2023;EB;1199;<;0.0002;µg/L
NL89_SASVGT;06/02/2023;EB;1199;<;0.0002;µg/L
NL89_SASVGT;06/03/2023;EB;1199;<;0.0002;µg/L
NL89_SASVGT;03/04/2023;EB;1199;<;0.0002;µg/L
NL89_SASVGT;01/05/2023;EB;1199;<;0.0002;µg/L
NL89_SASVGT;01/06/2023;EB;1199;<;0.0002;µg/L
NL89_SASVGT;27/06/2023;EB;1199;<;0.0002;µg/L
NL89_SASVGT;27/07/2023;EB;1199;<;0.0002;µg/L
NL89_SASVGT;22/08/2023;EB;1199;<;0.0002;µg/L
NL89_SASVGT;18/09/2023;EB;1199;<;0.0002;µg/L
NL89_SASVGT;19/10/2023;EB;1199;<;0.0002;µg/L
NL89_SASVGT;16/11/2023;EB;1199;<;0.0002;µg/L
NL89_SASVGT;11/12/2023;EB;1199;<;0.0002;µg/L
NL89_SASVGT;12/01/2023;EB;1200;<;0.0001;µg/L
NL89_SASVGT;06/02/2023;EB;1200;<;0.0001;µg/L
NL89_SASVGT;06/03/2023;EB;1200;<;0.0001;µg/L
NL89_SASVGT;03/04/2023;EB;1200;<;0.0001;µg/L
NL89_SASVGT;01/05/2023;EB;1200;<;0.0001;µg/L
NL89_SASVGT;01/06/2023;EB;1200;<;0.0001;µg/L
NL89_SASVGT;27/06/2023;EB;1200;<;0.0001;µg/L
NL89_SASVGT;27/07/2023;EB;1200;<;0.0001;µg/L
NL89_SASVGT;22/08/2023;EB;1200;<;0.0001;µg/L
NL89_SASVGT;18/09/2023;EB;1200;<;0.0001;µg/L
NL89_SASVGT;19/10/2023;EB;1200;<;0.0001;µg/L
NL89_SASVGT;16/11/2023;EB;1200;<;0.0001;µg/L
NL89_SASVGT;11/12/2023;EB;1200;<;0.0001;µg/L
NL89_SASVGT;12/01/2023;EB;1201;=;0.0001;µg/L
NL89_SASVGT;06/02/2023;EB;1201;=;0.0001;µg/L
NL89_SASVGT;06/03/2023;EB;1201;<;0.0001;µg/L
NL89_SASVGT;03/04/2023;EB;1201;=;0.0001;µg/L
NL89_SASVGT;01/05/2023;EB;1201;=;0.0001;µg/L
NL89_SASVGT;01/06/2023;EB;1201;=;0.0001;µg/L
NL89_SASVGT;27/06/2023;EB;1201;=;0.0001;µg/L
NL89_SASVGT;27/07/2023;EB;1201;=;0.0001;µg/L
NL89_SASVGT;22/08/2023;EB;1201;=;0.0001;µg/L
NL89_SASVGT;18/09/2023;EB;1201;=;0.0001;µg/L
NL89_SASVGT;19/10/2023;EB;1201;=;0.0001;µg/L
NL89_SASVGT;16/11/2023;EB;1201;=;0.0001;µg/L
NL89_SASVGT;11/12/2023;EB;1201;=;0.0001;µg/L
NL89_SASVGT;12/01/2023;EB;1202;<;0.0001;µg/L
NL89_SASVGT;06/02/2023;EB;1202;<;0.0001;µg/L
NL89_SASVGT;06/03/2023;EB;1202;<;0.0001;µg/L
NL89_SASVGT;03/04/2023;EB;1202;<;0.0001;µg/L
NL89_SASVGT;01/05/2023;EB;1202;<;0.0001;µg/L
NL89_SASVGT;01/06/2023;EB;1202;<;0.0001;µg/L
NL89_SASVGT;27/06/2023;EB;1202;<;0.0001;µg/L
NL89_SASVGT;27/07/2023;EB;1202;<;0.0001;µg/L
NL89_SASVGT;22/08/2023;EB;1202;<;0.0001;µg/L
NL89_SASVGT;18/09/2023;EB;1202;<;0.0001;µg/L
NL89_SASVGT;19/10/2023;EB;1202;<;0.0001;µg/L
NL89_SASVGT;16/11/2023;EB;1202;<;0.0001;µg/L
NL89_SASVGT;11/12/2023;EB;1202;<;0.0001;µg/L
NL89_SASVGT;12/01/2023;EB;1203;=;0.0004;µg/L
NL89_SASVGT;06/02/2023;EB;1203;=;0.0005;µg/L
NL89_SASVGT;06/03/2023;EB;1203;=;0.0004;µg/L
NL89_SASVGT;03/04/2023;EB;1203;=;0.0003;µg/L
NL89_SASVGT;01/05/2023;EB;1203;=;0.0006;µg/L
NL89_SASVGT;01/06/2023;EB;1203;=;0.0005;µg/L
NL89_SASVGT;27/06/2023;EB;1203;=;0.0004;µg/L
NL89_SASVGT;27/07/2023;EB;1203;=;0.0003;µg/L
NL89_SASVGT;22/08/2023;EB;1203;=;0.0002;µg/L
NL89_SASVGT;18/09/2023;EB;1203;=;0.0004;µg/L
NL89_SASVGT;19/10/2023;EB;1203;=;0.0005;µg/L
NL89_SASVGT;16/11/2023;EB;1203;=;0.0004;µg/L
NL89_SASVGT;11/12/2023;EB;1203;=;0.0004;µg/L
NL89_SASVGT;12/01/2023;EB;1204;=;0.0031;µg/L
NL89_SASVGT;06/02/2023;EB;1204;=;0.0038;µg/L
NL89_SASVGT;06/03/2023;EB;1204;=;0.0014;µg/L
NL89_SASVGT;03/04/2023;EB;1204;=;0.0025;µg/L
NL89_SASVGT;01/05/2023;EB;1204;=;0.0017;µg/L
NL89_SASVGT;01/06/2023;EB;1204;=;0.0017;µg/L
NL89_SASVGT;27/06/2023;EB;1204;=;0.0040;µg/L
NL89_SASVGT;27/07/2023;EB;1204;=;0.0017;µg/L
NL89_SASVGT;22/08/2023;EB;1204;=;0.0037;µg/L
NL89_SASVGT;18/09/2023;EB;1204;=;0.0042;µg/L
NL89_SASVGT;19/10/2023;EB;1204;=;0.0021;µg/L
NL89_SASVGT;16/11/2023;EB;1204;=;0.0030;µg/L
NL89_SASVGT;11/12/2023;EB;1204;=;0.0032;µg/L
NL89_SASVGT;12/01/2023;EB;1207;<;0.0003;µg/L
NL89_SASVGT;06/02/2023;EB;1207;<;0.0003;µg/L
NL89_SASVGT;06/03/2023;EB;1207;<;0.0003;µg/L
NL89_SASVGT;03/04/2023;EB;1207;<;0.0003;µg/L
NL89_SASVGT;01/05/2023;EB;1207;<;0.0003;µg/L
NL89_SASVGT;01/06/2023;EB;1207;<;0.0003;µg/L
NL89_SASVGT;27/06/2023;EB;1207;<;0.0003;µg/L
NL89_SASVGT;27/07/2023;EB;1207;<;0.0003;µg/L
NL89_SASVGT;22/08/2023;EB;1207;<;0.0003;µg/L
NL89_SASVGT;18/09/2023;EB;1207;<;0.0003;µg/L
NL89_SASVGT;19/10/2023;EB;1207;<;0.0003;µg/L
NL89_SASVGT;16/11/2023;EB;1207;<;0.0003;µg/L
NL89_SASVGT;11/12/2023;EB;1207;<;0.0003;µg/L
NL89_SASVGT;12/01/2023;EB;1208;=;0.0038;µg/L
NL89_SASVGT;06/02/2023;EB;1208;=;0.0050;µg/L
NL89_SASVGT;06/03/2023;EB;1208;=;0.0049;µg/L
NL89_SASVGT;03/04/2023;EB;1208;=;0.0036;µg/L
NL89_SASVGT;01/05/2023;EB;1208;=;0.0034;µg/L
NL89_SASVGT;01/06/2023;EB;1208;=;0.0025;µg/L
NL89_SASVGT;27/06/2023;EB;1208;=;0.0023;µg/L
NL89_SASVGT;27/07/2023;EB;1208;=;0.0021;µg/L
NL89_SASVGT;22/08/2023;EB;1208;=;0.0020;µg/L
NL89_SASVGT;18/09/2023;EB;1208;=;0.0022;µg/L
NL89_SASVGT;19/10/2023;EB;1208;=;0.0027;µg/L
NL89_SASVGT;16/11/2023;EB;1208;=;0.0023;µg/L
NL89_SASVGT;11/12/2023;EB;1208;=;0.0027;µg/L
NL89_SASVGT;12/01/2023;EB;1235;<;0.1000;µg/L
NL89_SASVGT;06/02/2023;EB;1235;<;0.1000;µg/L
NL89_SASVGT;06/03/2023;EB;1235;<;0.1000;µg/L
NL89_SASVGT;03/04/2023;EB;1235;<;0.1000;µg/L
NL89_SASVGT;01/05/2023;EB;1235;<;0.1000;µg/L
NL89_SASVGT;01/06/2023;EB;1235;<;0.1000;µg/L
NL89_SASVGT;27/06/2023;EB;1235;<;0.1000;µg/L
NL89_SASVGT;27/07/2023;EB;1235;<;0.1000;µg/L
NL89_SASVGT;22/08/2023;EB;1235;<;0.1000;µg/L
NL89_SASVGT;18/09/2023;EB;1235;<;0.1000;µg/L
NL89_SASVGT;19/10/2023;EB;1235;<;0.1000;µg/L
NL89_SASVGT;16/11/2023;EB;1235;<;0.1000;µg/L
NL89_SASVGT;11/12/2023;EB;1235;<;0.1000;µg/L
NL89_SASVGT;12/01/2023;EB;1263;=;0.0030;µg/L
NL89_SASVGT;06/02/2023;EB;1263;=;0.0024;µg/L
NL89_SASVGT;06/03/2023;EB;1263;=;0.0030;µg/L
NL89_SASVGT;03/04/2023;EB;1263;=;0.0022;µg/L
NL89_SASVGT;01/05/2023;EB;1263;=;0.0038;µg/L
NL89_SASVGT;01/06/2023;EB;1263;=;0.0026;µg/L
NL89_SASVGT;27/06/2023;EB;1263;=;0.0032;µg/L
NL89_SASVGT;27/07/2023;EB;1263;=;0.0034;µg/L
NL89_SASVGT;22/08/2023;EB;1263;=;0.0039;µg/L
NL89_SASVGT;18/09/2023;EB;1263;=;0.0049;µg/L
NL89_SASVGT;19/10/2023;EB;1263;=;0.0046;µg/L
NL89_SASVGT;16/11/2023;EB;1263;=;0.0020;µg/L
NL89_SASVGT;11/12/2023;EB;1263;=;0.0015;µg/L
NL89_SASVGT;12/01/2023;EB;1269;=;0.0073;µg/L
NL89_SASVGT;06/02/2023;EB;1269;=;0.0070;µg/L
NL89_SASVGT;06/03/2023;EB;1269;=;0.0081;µg/L
NL89_SASVGT;03/04/2023;EB;1269;=;0.0073;µg/L
NL89_SASVGT;01/05/2023;EB;1269;=;0.0054;µg/L
NL89_SASVGT;01/06/2023;EB;1269;=;0.0045;µg/L
NL89_SASVGT;27/06/2023;EB;1269;=;0.0043;µg/L
NL89_SASVGT;27/07/2023;EB;1269;=;0.0043;µg/L
NL89_SASVGT;22/08/2023;EB;1269;=;0.0050;µg/L
NL89_SASVGT;18/09/2023;EB;1269;=;0.0056;µg/L
NL89_SASVGT;19/10/2023;EB;1269;=;0.0065;µg/L
NL89_SASVGT;16/11/2023;EB;1269;=;0.0051;µg/L
NL89_SASVGT;11/12/2023;EB;1269;=;0.0037;µg/L
NL89_SASVGT;12/01/2023;EB;1272;<;0.0100;µg/L
NL89_SASVGT;06/02/2023;EB;1272;<;0.0100;µg/L
NL89_SASVGT;06/03/2023;EB;1272;=;0.0100;µg/L
NL89_SASVGT;03/04/2023;EB;1272;<;0.0100;µg/L
NL89_SASVGT;01/05/2023;EB;1272;<;0.0100;µg/L
NL89_SASVGT;01/06/2023;EB;1272;<;0.0100;µg/L
NL89_SASVGT;27/06/2023;EB;1272;<;0.0100;µg/L
NL89_SASVGT;27/07/2023;EB;1272;<;0.0100;µg/L
NL89_SASVGT;22/08/2023;EB;1272;<;0.0100;µg/L
NL89_SASVGT;18/09/2023;EB;1272;<;0.0100;µg/L
NL89_SASVGT;19/10/2023;EB;1272;<;0.0100;µg/L
NL89_SASVGT;16/11/2023;EB;1272;=;0.0200;µg/L
NL89_SASVGT;11/12/2023;EB;1272;=;0.0200;µg/L
NL89_SASVGT;12/01/2023;EB;1276;<;0.0200;µg/L
NL89_SASVGT;06/02/2023;EB;1276;<;0.0100;µg/L
NL89_SASVGT;06/03/2023;EB;1276;<;0.0100;µg/L
NL89_SASVGT;03/04/2023;EB;1276;<;0.1000;µg/L
NL89_SASVGT;01/05/2023;EB;1276;<;0.0100;µg/L
NL89_SASVGT;01/06/2023;EB;1276;<;0.0100;µg/L
NL89_SASVGT;27/06/2023;EB;1276;<;0.0100;µg/L
NL89_SASVGT;27/07/2023;EB;1276;<;0.0100;µg/L
NL89_SASVGT;22/08/2023;EB;1276;<;0.0100;µg/L
NL89_SASVGT;18/09/2023;EB;1276;<;0.0100;µg/L
NL89_SASVGT;19/10/2023;EB;1276;<;0.0100;µg/L
NL89_SASVGT;16/11/2023;EB;1276;<;0.0100;µg/L
NL89_SASVGT;11/12/2023;EB;1276;<;0.0100;µg/L
NL89_SASVGT;12/01/2023;EB;1283;<;0.0100;µg/L
NL89_SASVGT;06/02/2023;EB;1283;<;0.0100;µg/L
NL89_SASVGT;06/03/2023;EB;1283;<;0.0100;µg/L
NL89_SASVGT;03/04/2023;EB;1283;<;0.0100;µg/L
NL89_SASVGT;01/05/2023;EB;1283;<;0.0100;µg/L
NL89_SASVGT;01/06/2023;EB;1283;<;0.0100;µg/L
NL89_SASVGT;27/06/2023;EB;1283;<;0.0100;µg/L
NL89_SASVGT;27/07/2023;EB;1283;<;0.0100;µg/L
NL89_SASVGT;22/08/2023;EB;1283;<;0.0100;µg/L
NL89_SASVGT;18/09/2023;EB;1283;<;0.0100;µg/L
NL89_SASVGT;19/10/2023;EB;1283;<;0.0100;µg/L
NL89_SASVGT;16/11/2023;EB;1283;<;0.0100;µg/L
NL89_SASVGT;11/12/2023;EB;1283;<;0.0100;µg/L
NL89_SASVGT;12/01/2023;EB;1286;<;0.0100;µg/L
NL89_SASVGT;06/02/2023;EB;1286;<;0.0100;µg/L
NL89_SASVGT;06/03/2023;EB;1286;<;0.0100;µg/L
NL89_SASVGT;03/04/2023;EB;1286;<;0.0100;µg/L
NL89_SASVGT;01/05/2023;EB;1286;<;0.0100;µg/L
NL89_SASVGT;01/06/2023;EB;1286;<;0.0100;µg/L
NL89_SASVGT;27/06/2023;EB;1286;<;0.0100;µg/L
NL89_SASVGT;27/07/2023;EB;1286;<;0.0100;µg/L
NL89_SASVGT;22/08/2023;EB;1286;<;0.0100;µg/L
NL89_SASVGT;18/09/2023;EB;1286;<;0.0100;µg/L
NL89_SASVGT;19/10/2023;EB;1286;<;0.0100;µg/L
NL89_SASVGT;16/11/2023;EB;1286;<;0.0100;µg/L
NL89_SASVGT;11/12/2023;EB;1286;=;0.0100;µg/L
NL89_SASVGT;06/03/2023;EB;1289;<;0.0010;µg/L
NL89_SASVGT;01/06/2023;EB;1289;<;0.0010;µg/L
NL89_SASVGT;18/09/2023;EB;1289;<;0.0010;µg/L
NL89_SASVGT;12/01/2023;EB;1301;=;8.7800;°C
NL89_SASVGT;06/02/2023;EB;1301;=;6.8300;°C
NL89_SASVGT;06/03/2023;EB;1301;=;7.2400;°C
NL89_SASVGT;03/04/2023;EB;1301;=;10.0000;°C
NL89_SASVGT;01/05/2023;EB;1301;=;12.7000;°C
NL89_SASVGT;01/06/2023;EB;1301;=;17.3000;°C
NL89_SASVGT;27/06/2023;EB;1301;=;22.8000;°C
NL89_SASVGT;27/07/2023;EB;1301;=;21.4000;°C
NL89_SASVGT;22/08/2023;EB;1301;=;22.0000;°C
NL89_SASVGT;18/09/2023;EB;1301;=;22.4000;°C
NL89_SASVGT;19/10/2023;EB;1301;=;17.3000;°C
NL89_SASVGT;16/11/2023;EB;1301;=;10.7000;°C
NL89_SASVGT;11/12/2023;EB;1301;=;7.0300;°C
NL89_SASVGT;12/01/2023;EB;1302;=;7.9200;u pH
NL89_SASVGT;06/02/2023;EB;1302;=;7.6600;u pH
NL89_SASVGT;06/03/2023;EB;1302;=;7.8000;u pH
NL89_SASVGT;03/04/2023;EB;1302;=;7.8000;u pH
NL89_SASVGT;01/05/2023;EB;1302;=;7.9400;u pH
NL89_SASVGT;01/06/2023;EB;1302;=;8.1000;u pH
NL89_SASVGT;27/06/2023;EB;1302;=;8.1100;u pH
NL89_SASVGT;27/07/2023;EB;1302;=;7.9500;u pH
NL89_SASVGT;22/08/2023;EB;1302;=;NV;u pH
NL89_SASVGT;18/09/2023;EB;1302;=;7.6600;u pH
NL89_SASVGT;19/10/2023;EB;1302;=;7.7000;u pH
NL89_SASVGT;16/11/2023;EB;1302;=;7.6700;u pH
NL89_SASVGT;11/12/2023;EB;1302;=;7.8700;u pH
NL89_SASVGT;12/01/2023;EB;1303;=;11877.0000;µS/cm (à/bij 25°C)
NL89_SASVGT;06/02/2023;EB;1303;=;8469.3000;µS/cm (à/bij 25°C)
NL89_SASVGT;06/03/2023;EB;1303;=;7992.0000;µS/cm (à/bij 25°C)
NL89_SASVGT;03/04/2023;EB;1303;=;6327.0000;µS/cm (à/bij 25°C)
NL89_SASVGT;01/05/2023;EB;1303;=;5927.4000;µS/cm (à/bij 25°C)
NL89_SASVGT;01/06/2023;EB;1303;=;6959.7000;µS/cm (à/bij 25°C)
NL89_SASVGT;27/06/2023;EB;1303;=;8524.8000;µS/cm (à/bij 25°C)
NL89_SASVGT;27/07/2023;EB;1303;=;12099.0000;µS/cm (à/bij 25°C)
NL89_SASVGT;22/08/2023;EB;1303;=;12654.0000;µS/cm (à/bij 25°C)
NL89_SASVGT;18/09/2023;EB;1303;=;12654.0000;µS/cm (à/bij 25°C)
NL89_SASVGT;19/10/2023;EB;1303;=;15318.0000;µS/cm (à/bij 25°C)
NL89_SASVGT;16/11/2023;EB;1303;=;4284.6000;µS/cm (à/bij 25°C)
NL89_SASVGT;11/12/2023;EB;1303;=;1398.6000;µS/cm (à/bij 25°C)
NL89_SASVGT;12/01/2023;EB;1305;=;11.0000;mg/L
NL89_SASVGT;06/02/2023;EB;1305;=;5.5000;mg/L
NL89_SASVGT;06/03/2023;EB;1305;=;6.5000;mg/L
NL89_SASVGT;03/04/2023;EB;1305;=;8.9000;mg/L
NL89_SASVGT;01/05/2023;EB;1305;<;5.0000;mg/L
NL89_SASVGT;01/06/2023;EB;1305;=;9.7000;mg/L
NL89_SASVGT;27/06/2023;EB;1305;<;5.0000;mg/L
NL89_SASVGT;27/07/2023;EB;1305;=;11.0000;mg/L
NL89_SASVGT;22/08/2023;EB;1305;<;5.0000;mg/L
NL89_SASVGT;18/09/2023;EB;1305;=;9.9000;mg/L
NL89_SASVGT;19/10/2023;EB;1305;=;15.0000;mg/L
NL89_SASVGT;16/11/2023;EB;1305;=;21.0000;mg/L
NL89_SASVGT;11/12/2023;EB;1305;=;14.0000;mg/L
NL89_SASVGT;12/01/2023;EB;1311;=;86.0000;%
NL89_SASVGT;12/01/2023;EB;1311;=;9.5300;mg/L
NL89_SASVGT;06/02/2023;EB;1311;=;79.0000;%
NL89_SASVGT;06/02/2023;EB;1311;=;9.5400;mg/L
NL89_SASVGT;06/03/2023;EB;1311;=;80.0000;%
NL89_SASVGT;06/03/2023;EB;1311;=;9.2900;mg/L
NL89_SASVGT;03/04/2023;EB;1311;=;78.0000;%
NL89_SASVGT;03/04/2023;EB;1311;=;8.8000;mg/L
NL89_SASVGT;01/05/2023;EB;1311;=;89.0000;%
NL89_SASVGT;01/05/2023;EB;1311;=;9.2200;mg/L
NL89_SASVGT;01/06/2023;EB;1311;=;100.0000;%
NL89_SASVGT;01/06/2023;EB;1311;=;9.4500;mg/L
NL89_SASVGT;27/06/2023;EB;1311;=;100.0000;%
NL89_SASVGT;27/06/2023;EB;1311;=;8.4400;mg/L
NL89_SASVGT;27/07/2023;EB;1311;=;92.0000;%
NL89_SASVGT;27/07/2023;EB;1311;=;7.7700;mg/L
NL89_SASVGT;22/08/2023;EB;1311;=;82.0000;%
NL89_SASVGT;22/08/2023;EB;1311;=;6.9200;mg/L
NL89_SASVGT;18/09/2023;EB;1311;=;70.0000;%
NL89_SASVGT;18/09/2023;EB;1311;=;5.7500;mg/L
NL89_SASVGT;19/10/2023;EB;1311;=;76.0000;%
NL89_SASVGT;19/10/2023;EB;1311;=;6.7400;mg/L
NL89_SASVGT;16/11/2023;EB;1311;=;68.0000;%
NL89_SASVGT;16/11/2023;EB;1311;=;7.3800;mg/L
NL89_SASVGT;11/12/2023;EB;1311;=;79.0000;%
NL89_SASVGT;11/12/2023;EB;1311;=;9.4800;mg/L
NL89_SASVGT;12/01/2023;EB;1313;=;2.0000;mg/L O2
NL89_SASVGT;06/02/2023;EB;1313;=;2.0000;mg/L O2
NL89_SASVGT;06/03/2023;EB;1313;=;2.0000;mg/L O2
NL89_SASVGT;03/04/2023;EB;1313;=;2.0000;mg/L O2
NL89_SASVGT;01/05/2023;EB;1313;=;2.0000;mg/L O2
NL89_SASVGT;01/06/2023;EB;1313;=;1.0000;mg/L O2
NL89_SASVGT;27/06/2023;EB;1313;=;2.0000;mg/L O2
NL89_SASVGT;27/07/2023;EB;1313;=;1.0000;mg/L O2
NL89_SASVGT;22/08/2023;EB;1313;=;1.0000;mg/L O2
NL89_SASVGT;18/09/2023;EB;1313;=;1.0000;mg/L O2
NL89_SASVGT;19/10/2023;EB;1313;=;1.0000;mg/L O2
NL89_SASVGT;16/11/2023;EB;1313;=;1.0000;mg/L O2
NL89_SASVGT;11/12/2023;EB;1313;=;2.0000;mg/L O2
NL89_SASVGT;12/01/2023;EF;1335;=;0.0960;mg/L N
NL89_SASVGT;06/02/2023;EF;1335;=;0.2100;mg/L N
NL89_SASVGT;06/03/2023;EF;1335;=;0.1200;mg/L N
NL89_SASVGT;03/04/2023;EF;1335;=;0.0990;mg/L N
NL89_SASVGT;01/05/2023;EF;1335;=;0.2200;mg/L N
NL89_SASVGT;01/06/2023;EF;1335;=;0.0670;mg/L N
NL89_SASVGT;27/06/2023;EF;1335;=;0.0400;mg/L N
NL89_SASVGT;27/07/2023;EF;1335;=;0.1100;mg/L N
NL89_SASVGT;22/08/2023;EF;1335;=;0.1400;mg/L N
NL89_SASVGT;18/09/2023;EF;1335;=;0.2600;mg/L N
NL89_SASVGT;19/10/2023;EF;1335;=;0.2400;mg/L N
NL89_SASVGT;16/11/2023;EF;1335;=;0.3600;mg/L N
NL89_SASVGT;11/12/2023;EF;1335;=;0.6000;mg/L N
NL89_SASVGT;12/01/2023;EF;1337;=;3700.0000;mg/L
NL89_SASVGT;06/02/2023;EF;1337;=;2500.0000;mg/L
NL89_SASVGT;06/03/2023;EF;1337;=;2000.0000;mg/L
NL89_SASVGT;03/04/2023;EF;1337;=;1800.0000;mg/L
NL89_SASVGT;01/05/2023;EF;1337;=;1600.0000;mg/L
NL89_SASVGT;01/06/2023;EF;1337;=;1900.0000;mg/L
NL89_SASVGT;27/06/2023;EF;1337;=;2300.0000;mg/L
NL89_SASVGT;27/07/2023;EF;1337;=;3800.0000;mg/L
NL89_SASVGT;22/08/2023;EF;1337;=;4000.0000;mg/L
NL89_SASVGT;18/09/2023;EF;1337;=;4000.0000;mg/L
NL89_SASVGT;19/10/2023;EF;1337;=;4900.0000;mg/L
NL89_SASVGT;16/11/2023;EF;1337;=;1200.0000;mg/L
NL89_SASVGT;11/12/2023;EF;1337;=;250.0000;mg/L
NL89_SASVGT;12/01/2023;EF;1338;=;550.0000;mg/L
NL89_SASVGT;06/02/2023;EF;1338;=;430.0000;mg/L
NL89_SASVGT;06/03/2023;EF;1338;=;370.0000;mg/L
NL89_SASVGT;03/04/2023;EF;1338;=;300.0000;mg/L
NL89_SASVGT;01/05/2023;EF;1338;=;310.0000;mg/L
NL89_SASVGT;01/06/2023;EF;1338;=;300.0000;mg/L
NL89_SASVGT;27/06/2023;EF;1338;=;420.0000;mg/L
NL89_SASVGT;27/07/2023;EF;1338;=;620.0000;mg/L
NL89_SASVGT;22/08/2023;EF;1338;=;600.0000;mg/L
NL89_SASVGT;18/09/2023;EF;1338;=;650.0000;mg/L
NL89_SASVGT;19/10/2023;EF;1338;=;690.0000;mg/L
NL89_SASVGT;16/11/2023;EF;1338;=;210.0000;mg/L
NL89_SASVGT;11/12/2023;EF;1338;=;96.0000;mg/L
NL89_SASVGT;12/01/2023;EF;1339;=;0.1800;mg/L N
NL89_SASVGT;06/02/2023;EF;1339;=;0.0600;mg/L N
NL89_SASVGT;06/03/2023;EF;1339;=;0.0500;mg/L N
NL89_SASVGT;03/04/2023;EF;1339;=;0.1600;mg/L N
NL89_SASVGT;01/05/2023;EF;1339;=;0.0400;mg/L N
NL89_SASVGT;01/06/2023;EF;1339;=;0.0100;mg/L N
NL89_SASVGT;27/06/2023;EF;1339;=;0.1600;mg/L N
NL89_SASVGT;27/07/2023;EF;1339;=;0.0700;mg/L N
NL89_SASVGT;22/08/2023;EF;1339;=;0.1400;mg/L N
NL89_SASVGT;18/09/2023;EF;1339;=;0.0700;mg/L N
NL89_SASVGT;19/10/2023;EF;1339;=;0.0100;mg/L N
NL89_SASVGT;16/11/2023;EF;1339;=;0.0800;mg/L N
NL89_SASVGT;11/12/2023;EF;1339;=;0.1200;mg/L N
NL89_SASVGT;12/01/2023;EF;1340;=;1.8000;mg/L N
NL89_SASVGT;06/02/2023;EF;1340;=;4.5000;mg/L N
NL89_SASVGT;06/03/2023;EF;1340;=;6.6000;mg/L N
NL89_SASVGT;03/04/2023;EF;1340;=;6.0000;mg/L N
NL89_SASVGT;01/05/2023;EF;1340;=;2.4000;mg/L N
NL89_SASVGT;01/06/2023;EF;1340;=;2.0000;mg/L N
NL89_SASVGT;27/06/2023;EF;1340;=;3.6000;mg/L N
NL89_SASVGT;27/07/2023;EF;1340;=;1.3000;mg/L N
NL89_SASVGT;22/08/2023;EF;1340;=;1.7000;mg/L N
NL89_SASVGT;18/09/2023;EF;1340;=;1.7000;mg/L N
NL89_SASVGT;19/10/2023;EF;1340;=;1.3000;mg/L N
NL89_SASVGT;16/11/2023;EF;1340;=;1.6000;mg/L N
NL89_SASVGT;11/12/2023;EF;1340;=;4.9000;mg/L N
NL89_SASVGT;12/01/2023;EB;1345;=;NV;°f (degré français/Franse graden)
NL89_SASVGT;06/02/2023;EB;1345;=;NV;°f (degré français/Franse graden)
NL89_SASVGT;06/03/2023;EB;1345;=;NV;°f (degré français/Franse graden)
NL89_SASVGT;03/04/2023;EB;1345;=;NV;°f (degré français/Franse graden)
NL89_SASVGT;01/05/2023;EB;1345;=;NV;°f (degré français/Franse graden)
NL89_SASVGT;01/06/2023;EB;1345;=;NV;°f (degré français/Franse graden)
NL89_SASVGT;27/06/2023;EB;1345;=;NV;°f (degré français/Franse graden)
NL89_SASVGT;27/07/2023;EB;1345;=;NV;°f (degré français/Franse graden)
NL89_SASVGT;22/08/2023;EB;1345;=;NV;°f (degré français/Franse graden)
NL89_SASVGT;18/09/2023;EB;1345;=;NV;°f (degré français/Franse graden)
NL89_SASVGT;19/10/2023;EB;1345;=;NV;°f (degré français/Franse graden)
NL89_SASVGT;16/11/2023;EB;1345;=;NV;°f (degré français/Franse graden)
NL89_SASVGT;11/12/2023;EB;1345;=;NV;°f (degré français/Franse graden)
NL89_SASVGT;12/01/2023;EB;1350;=;0.3930;mg/L
NL89_SASVGT;06/02/2023;EB;1350;=;0.3560;mg/L
NL89_SASVGT;06/03/2023;EB;1350;=;0.3030;mg/L
NL89_SASVGT;03/04/2023;EB;1350;=;0.3320;mg/L
NL89_SASVGT;01/05/2023;EB;1350;=;0.3010;mg/L
NL89_SASVGT;01/06/2023;EB;1350;=;0.2740;mg/L
NL89_SASVGT;27/06/2023;EB;1350;=;0.2590;mg/L
NL89_SASVGT;27/07/2023;EB;1350;=;0.2980;mg/L
NL89_SASVGT;22/08/2023;EB;1350;=;0.3620;mg/L
NL89_SASVGT;18/09/2023;EB;1350;=;0.3910;mg/L
NL89_SASVGT;19/10/2023;EB;1350;=;0.3680;mg/L
NL89_SASVGT;16/11/2023;EB;1350;=;0.5280;mg/L
NL89_SASVGT;11/12/2023;EB;1350;=;0.4560;mg/L
NL89_SASVGT;12/01/2023;EF;1361;=;1.4200;µg/L
NL89_SASVGT;06/02/2023;EF;1361;=;1.4900;µg/L
NL89_SASVGT;06/03/2023;EF;1361;=;1.4400;µg/L
NL89_SASVGT;03/04/2023;EF;1361;=;1.4300;µg/L
NL89_SASVGT;01/05/2023;EF;1361;=;1.3800;µg/L
NL89_SASVGT;01/06/2023;EF;1361;=;1.3600;µg/L
NL89_SASVGT;27/06/2023;EF;1361;=;1.4200;µg/L
NL89_SASVGT;27/07/2023;EF;1361;=;1.3200;µg/L
NL89_SASVGT;22/08/2023;EF;1361;=;1.4000;µg/L
NL89_SASVGT;18/09/2023;EF;1361;=;1.2600;µg/L
NL89_SASVGT;19/10/2023;EF;1361;=;1.4400;µg/L
NL89_SASVGT;16/11/2023;EF;1361;=;1.0600;µg/L
NL89_SASVGT;11/12/2023;EF;1361;=;1.2700;µg/L
NL89_SASVGT;12/01/2023;EF;1368;<;0.0030;µg/L
NL89_SASVGT;06/02/2023;EF;1368;<;0.0030;µg/L
NL89_SASVGT;06/03/2023;EF;1368;<;0.0030;µg/L
NL89_SASVGT;03/04/2023;EF;1368;<;0.0030;µg/L
NL89_SASVGT;01/05/2023;EF;1368;<;0.0030;µg/L
NL89_SASVGT;01/06/2023;EF;1368;<;0.0030;µg/L
NL89_SASVGT;27/06/2023;EF;1368;<;0.0030;µg/L
NL89_SASVGT;27/07/2023;EF;1368;<;0.0030;µg/L
NL89_SASVGT;22/08/2023;EF;1368;<;0.0030;µg/L
NL89_SASVGT;18/09/2023;EF;1368;<;0.0030;µg/L
NL89_SASVGT;19/10/2023;EF;1368;<;0.0030;µg/L
NL89_SASVGT;16/11/2023;EF;1368;<;0.0030;µg/L
NL89_SASVGT;11/12/2023;EF;1368;<;0.0030;µg/L
NL89_SASVGT;12/01/2023;EF;1369;=;2.4100;µg/L
NL89_SASVGT;06/02/2023;EF;1369;=;2.2600;µg/L
NL89_SASVGT;06/03/2023;EF;1369;=;2.1800;µg/L
NL89_SASVGT;03/04/2023;EF;1369;=;2.0700;µg/L
NL89_SASVGT;01/05/2023;EF;1369;=;2.0500;µg/L
NL89_SASVGT;01/06/2023;EF;1369;=;2.1400;µg/L
NL89_SASVGT;27/06/2023;EF;1369;=;2.6700;µg/L
NL89_SASVGT;27/07/2023;EF;1369;=;2.9500;µg/L
NL89_SASVGT;22/08/2023;EF;1369;=;3.2000;µg/L
NL89_SASVGT;18/09/2023;EF;1369;=;3.0600;µg/L
NL89_SASVGT;19/10/2023;EF;1369;=;3.6800;µg/L
NL89_SASVGT;16/11/2023;EF;1369;=;2.3400;µg/L
NL89_SASVGT;11/12/2023;EF;1369;=;2.0400;µg/L
NL89_SASVGT;12/01/2023;EF;1379;=;0.5540;µg/L
NL89_SASVGT;06/02/2023;EF;1379;=;0.5390;µg/L
NL89_SASVGT;06/03/2023;EF;1379;=;0.5520;µg/L
NL89_SASVGT;03/04/2023;EF;1379;=;0.4930;µg/L
NL89_SASVGT;01/05/2023;EF;1379;=;0.4670;µg/L
NL89_SASVGT;01/06/2023;EF;1379;=;0.3520;µg/L
NL89_SASVGT;27/06/2023;EF;1379;=;0.3290;µg/L
NL89_SASVGT;27/07/2023;EF;1379;=;0.3340;µg/L
NL89_SASVGT;22/08/2023;EF;1379;=;0.3750;µg/L
NL89_SASVGT;18/09/2023;EF;1379;=;0.3650;µg/L
NL89_SASVGT;19/10/2023;EF;1379;=;0.5680;µg/L
NL89_SASVGT;16/11/2023;EF;1379;=;0.5500;µg/L
NL89_SASVGT;11/12/2023;EF;1379;=;0.5130;µg/L
NL89_SASVGT;12/01/2023;EF;1382;=;0.0986;µg/L
NL89_SASVGT;06/02/2023;EF;1382;=;0.1060;µg/L
NL89_SASVGT;06/03/2023;EF;1382;=;0.2330;µg/L
NL89_SASVGT;03/04/2023;EF;1382;=;0.1010;µg/L
NL89_SASVGT;01/05/2023;EF;1382;=;0.4100;µg/L
NL89_SASVGT;01/06/2023;EF;1382;=;0.0224;µg/L
NL89_SASVGT;27/06/2023;EF;1382;=;0.0445;µg/L
NL89_SASVGT;27/07/2023;EF;1382;=;0.0328;µg/L
NL89_SASVGT;22/08/2023;EF;1382;<;0.0200;µg/L
NL89_SASVGT;18/09/2023;EF;1382;=;0.0233;µg/L
NL89_SASVGT;19/10/2023;EF;1382;=;0.0450;µg/L
NL89_SASVGT;16/11/2023;EF;1382;=;0.1190;µg/L
NL89_SASVGT;11/12/2023;EF;1382;=;0.2080;µg/L
NL89_SASVGT;12/01/2023;EF;1383;=;23.3000;µg/L
NL89_SASVGT;06/02/2023;EF;1383;=;24.8000;µg/L
NL89_SASVGT;06/03/2023;EF;1383;=;24.8000;µg/L
NL89_SASVGT;03/04/2023;EF;1383;=;23.8000;µg/L
NL89_SASVGT;01/05/2023;EF;1383;=;19.2000;µg/L
NL89_SASVGT;01/06/2023;EF;1383;=;12.9000;µg/L
NL89_SASVGT;27/06/2023;EF;1383;=;12.1000;µg/L
NL89_SASVGT;27/07/2023;EF;1383;=;10.8000;µg/L
NL89_SASVGT;22/08/2023;EF;1383;=;18.2000;µg/L
NL89_SASVGT;18/09/2023;EF;1383;=;13.0000;µg/L
NL89_SASVGT;19/10/2023;EF;1383;=;24.7000;µg/L
NL89_SASVGT;16/11/2023;EF;1383;=;9.9300;µg/L
NL89_SASVGT;11/12/2023;EF;1383;=;18.7000;µg/L
NL89_SASVGT;12/01/2023;EF;1385;=;1.0000;µg/L
NL89_SASVGT;06/02/2023;EF;1385;=;1.0000;µg/L
NL89_SASVGT;06/03/2023;EF;1385;=;1.1700;µg/L
NL89_SASVGT;03/04/2023;EF;1385;=;1.0100;µg/L
NL89_SASVGT;01/05/2023;EF;1385;=;1.0600;µg/L
NL89_SASVGT;01/06/2023;EF;1385;=;0.9990;µg/L
NL89_SASVGT;27/06/2023;EF;1385;=;0.9380;µg/L
NL89_SASVGT;27/07/2023;EF;1385;=;0.8860;µg/L
NL89_SASVGT;22/08/2023;EF;1385;=;0.9710;µg/L
NL89_SASVGT;18/09/2023;EF;1385;=;0.9020;µg/L
NL89_SASVGT;19/10/2023;EF;1385;=;0.9380;µg/L
NL89_SASVGT;16/11/2023;EF;1385;=;0.7960;µg/L
NL89_SASVGT;11/12/2023;EF;1385;=;0.9630;µg/L
NL89_SASVGT;12/01/2023;EF;1386;=;3.7400;µg/L
NL89_SASVGT;06/02/2023;EF;1386;=;3.6100;µg/L
NL89_SASVGT;06/03/2023;EF;1386;=;3.9000;µg/L
NL89_SASVGT;03/04/2023;EF;1386;=;3.8100;µg/L
NL89_SASVGT;01/05/2023;EF;1386;=;3.8000;µg/L
NL89_SASVGT;01/06/2023;EF;1386;=;2.8300;µg/L
NL89_SASVGT;27/06/2023;EF;1386;=;3.3600;µg/L
NL89_SASVGT;27/07/2023;EF;1386;=;3.5800;µg/L
NL89_SASVGT;22/08/2023;EF;1386;=;3.1800;µg/L
NL89_SASVGT;18/09/2023;EF;1386;=;3.2900;µg/L
NL89_SASVGT;19/10/2023;EF;1386;=;4.0000;µg/L
NL89_SASVGT;16/11/2023;EF;1386;=;3.0900;µg/L
NL89_SASVGT;11/12/2023;EF;1386;=;3.3200;µg/L
NL89_SASVGT;12/01/2023;EF;1387;=;0.0006;µg/L
NL89_SASVGT;06/02/2023;EF;1387;=;0.0008;µg/L
NL89_SASVGT;06/03/2023;EF;1387;=;0.0006;µg/L
NL89_SASVGT;03/04/2023;EF;1387;=;0.0006;µg/L
NL89_SASVGT;01/05/2023;EF;1387;=;0.0006;µg/L
NL89_SASVGT;01/06/2023;EF;1387;=;0.0005;µg/L
NL89_SASVGT;27/06/2023;EF;1387;=;0.0004;µg/L
NL89_SASVGT;27/07/2023;EF;1387;=;0.0004;µg/L
NL89_SASVGT;22/08/2023;EF;1387;=;0.0003;µg/L
NL89_SASVGT;18/09/2023;EF;1387;=;0.0003;µg/L
NL89_SASVGT;19/10/2023;EF;1387;=;0.0005;µg/L
NL89_SASVGT;16/11/2023;EF;1387;=;0.0010;µg/L
NL89_SASVGT;11/12/2023;EF;1387;=;0.0013;µg/L
NL89_SASVGT;12/01/2023;EF;1388;=;0.0950;µg/L
NL89_SASVGT;06/02/2023;EF;1388;=;0.0852;µg/L
NL89_SASVGT;06/03/2023;EF;1388;=;0.0799;µg/L
NL89_SASVGT;03/04/2023;EF;1388;=;0.0786;µg/L
NL89_SASVGT;01/05/2023;EF;1388;=;0.0688;µg/L
NL89_SASVGT;01/06/2023;EF;1388;=;0.0941;µg/L
NL89_SASVGT;27/06/2023;EF;1388;=;0.0702;µg/L
NL89_SASVGT;27/07/2023;EF;1388;=;0.0798;µg/L
NL89_SASVGT;22/08/2023;EF;1388;=;0.0673;µg/L
NL89_SASVGT;18/09/2023;EF;1388;=;0.1080;µg/L
NL89_SASVGT;19/10/2023;EF;1388;=;0.0738;µg/L
NL89_SASVGT;16/11/2023;EF;1388;=;0.0557;µg/L
NL89_SASVGT;11/12/2023;EF;1388;=;0.0322;µg/L
NL89_SASVGT;12/01/2023;EF;1392;=;4.2000;µg/L
NL89_SASVGT;06/02/2023;EF;1392;=;5.0900;µg/L
NL89_SASVGT;06/03/2023;EF;1392;=;4.1800;µg/L
NL89_SASVGT;03/04/2023;EF;1392;=;4.0400;µg/L
NL89_SASVGT;01/05/2023;EF;1392;=;5.5400;µg/L
NL89_SASVGT;01/06/2023;EF;1392;=;4.1200;µg/L
NL89_SASVGT;27/06/2023;EF;1392;=;3.8600;µg/L
NL89_SASVGT;27/07/2023;EF;1392;=;3.8700;µg/L
NL89_SASVGT;22/08/2023;EF;1392;=;3.7700;µg/L
NL89_SASVGT;18/09/2023;EF;1392;=;6.8400;µg/L
NL89_SASVGT;19/10/2023;EF;1392;=;4.9500;µg/L
NL89_SASVGT;16/11/2023;EF;1392;=;3.7800;µg/L
NL89_SASVGT;11/12/2023;EF;1392;=;3.7300;µg/L
NL89_SASVGT;12/01/2023;EF;1433;=;0.3100;mg/L P
NL89_SASVGT;06/02/2023;EF;1433;=;0.3000;mg/L P
NL89_SASVGT;06/03/2023;EF;1433;=;0.2400;mg/L P
NL89_SASVGT;03/04/2023;EF;1433;=;0.2400;mg/L P
NL89_SASVGT;01/05/2023;EF;1433;=;0.2300;mg/L P
NL89_SASVGT;01/06/2023;EF;1433;=;0.2400;mg/L P
NL89_SASVGT;27/06/2023;EF;1433;=;0.2200;mg/L P
NL89_SASVGT;27/07/2023;EF;1433;=;0.2700;mg/L P
NL89_SASVGT;22/08/2023;EF;1433;=;0.3000;mg/L P
NL89_SASVGT;18/09/2023;EF;1433;=;0.3300;mg/L P
NL89_SASVGT;19/10/2023;EF;1433;=;0.3000;mg/L P
NL89_SASVGT;16/11/2023;EF;1433;=;0.3300;mg/L P
NL89_SASVGT;11/12/2023;EF;1433;=;0.2900;mg/L P
NL89_SASVGT;12/01/2023;EB;1458;<;0.0030;µg/L
NL89_SASVGT;06/02/2023;EB;1458;=;0.0034;µg/L
NL89_SASVGT;06/03/2023;EB;1458;<;0.0030;µg/L
NL89_SASVGT;03/04/2023;EB;1458;<;0.0030;µg/L
NL89_SASVGT;01/05/2023;EB;1458;<;0.0030;µg/L
NL89_SASVGT;01/06/2023;EB;1458;<;0.0030;µg/L
NL89_SASVGT;27/06/2023;EB;1458;=;0.0108;µg/L
NL89_SASVGT;27/07/2023;EB;1458;=;0.0032;µg/L
NL89_SASVGT;22/08/2023;EB;1458;=;0.0055;µg/L
NL89_SASVGT;18/09/2023;EB;1458;=;0.0035;µg/L
NL89_SASVGT;19/10/2023;EB;1458;<;0.0030;µg/L
NL89_SASVGT;16/11/2023;EB;1458;<;0.0030;µg/L
NL89_SASVGT;11/12/2023;EB;1458;<;0.0030;µg/L
NL89_SASVGT;12/01/2023;EB;1464;<;0.0003;µg/L
NL89_SASVGT;06/02/2023;EB;1464;<;0.0003;µg/L
NL89_SASVGT;06/03/2023;EB;1464;<;0.0003;µg/L
NL89_SASVGT;03/04/2023;EB;1464;<;0.0003;µg/L
NL89_SASVGT;01/05/2023;EB;1464;<;0.0003;µg/L
NL89_SASVGT;01/06/2023;EB;1464;<;0.0003;µg/L
NL89_SASVGT;27/06/2023;EB;1464;<;0.0003;µg/L
NL89_SASVGT;27/07/2023;EB;1464;<;0.0003;µg/L
NL89_SASVGT;22/08/2023;EB;1464;<;0.0003;µg/L
NL89_SASVGT;18/09/2023;EB;1464;<;0.0003;µg/L
NL89_SASVGT;19/10/2023;EB;1464;<;0.0003;µg/L
NL89_SASVGT;16/11/2023;EB;1464;<;0.0003;µg/L
NL89_SASVGT;11/12/2023;EB;1464;<;0.0003;µg/L
NL89_SASVGT;12/01/2023;EB;1517;<;0.0200;µg/L
NL89_SASVGT;06/02/2023;EB;1517;<;0.0200;µg/L
NL89_SASVGT;06/03/2023;EB;1517;<;0.0200;µg/L
NL89_SASVGT;03/04/2023;EB;1517;<;0.0200;µg/L
NL89_SASVGT;01/05/2023;EB;1517;<;0.0200;µg/L
NL89_SASVGT;01/06/2023;EB;1517;=;0.1360;µg/L
NL89_SASVGT;27/06/2023;EB;1517;=;0.1700;µg/L
NL89_SASVGT;27/07/2023;EB;1517;=;0.0287;µg/L
NL89_SASVGT;22/08/2023;EB;1517;=;0.0440;µg/L
NL89_SASVGT;18/09/2023;EB;1517;<;0.0200;µg/L
NL89_SASVGT;19/10/2023;EB;1517;<;0.0200;µg/L
NL89_SASVGT;16/11/2023;EB;1517;=;0.0214;µg/L
NL89_SASVGT;11/12/2023;EB;1517;<;0.0200;µg/L
NL89_SASVGT;12/01/2023;EB;1551;=;5.5000;mg/L
NL89_SASVGT;06/02/2023;EB;1551;=;6.7000;mg/L
NL89_SASVGT;06/03/2023;EB;1551;=;7.2000;mg/L
NL89_SASVGT;03/04/2023;EB;1551;=;7.4000;mg/L
NL89_SASVGT;01/05/2023;EB;1551;=;6.7000;mg/L
NL89_SASVGT;01/06/2023;EB;1551;=;6.3000;mg/L
NL89_SASVGT;27/06/2023;EB;1551;=;4.9000;mg/L
NL89_SASVGT;27/07/2023;EB;1551;=;3.8000;mg/L
NL89_SASVGT;22/08/2023;EB;1551;=;3.7000;mg/L
NL89_SASVGT;18/09/2023;EB;1551;=;3.7000;mg/L
NL89_SASVGT;19/10/2023;EB;1551;=;3.6000;mg/L
NL89_SASVGT;16/11/2023;EB;1551;=;5.6000;mg/L
NL89_SASVGT;11/12/2023;EB;1551;=;6.7000;mg/L
NL89_SASVGT;12/01/2023;EB;1629;<;0.0500;µg/L
NL89_SASVGT;06/02/2023;EB;1629;<;0.0500;µg/L
NL89_SASVGT;06/03/2023;EB;1629;<;0.0500;µg/L
NL89_SASVGT;03/04/2023;EB;1629;<;0.0500;µg/L
NL89_SASVGT;01/05/2023;EB;1629;<;0.0500;µg/L
NL89_SASVGT;01/06/2023;EB;1629;<;0.0500;µg/L
NL89_SASVGT;27/06/2023;EB;1629;<;0.0500;µg/L
NL89_SASVGT;27/07/2023;EB;1629;<;0.0500;µg/L
NL89_SASVGT;22/08/2023;EB;1629;<;0.0500;µg/L
NL89_SASVGT;18/09/2023;EB;1629;<;0.0500;µg/L
NL89_SASVGT;19/10/2023;EB;1629;<;0.0500;µg/L
NL89_SASVGT;16/11/2023;EB;1629;<;0.0500;µg/L
NL89_SASVGT;11/12/2023;EB;1629;<;0.0500;µg/L
NL89_SASVGT;12/01/2023;EB;1630;<;0.0100;µg/L
NL89_SASVGT;06/02/2023;EB;1630;<;0.0100;µg/L
NL89_SASVGT;06/03/2023;EB;1630;<;0.0100;µg/L
NL89_SASVGT;03/04/2023;EB;1630;<;0.0100;µg/L
NL89_SASVGT;01/05/2023;EB;1630;<;0.0100;µg/L
NL89_SASVGT;01/06/2023;EB;1630;<;0.0100;µg/L
NL89_SASVGT;27/06/2023;EB;1630;<;0.0100;µg/L
NL89_SASVGT;27/07/2023;EB;1630;<;0.0100;µg/L
NL89_SASVGT;22/08/2023;EB;1630;<;0.0100;µg/L
NL89_SASVGT;18/09/2023;EB;1630;<;0.0100;µg/L
NL89_SASVGT;19/10/2023;EB;1630;<;0.0100;µg/L
NL89_SASVGT;16/11/2023;EB;1630;<;0.0100;µg/L
NL89_SASVGT;11/12/2023;EB;1630;<;0.0100;µg/L
NL89_SASVGT;12/01/2023;EB;1652;<;0.0005;µg/L
NL89_SASVGT;06/02/2023;EB;1652;<;0.0005;µg/L
NL89_SASVGT;06/03/2023;EB;1652;<;0.0005;µg/L
NL89_SASVGT;03/04/2023;EB;1652;<;0.0005;µg/L
NL89_SASVGT;01/05/2023;EB;1652;<;0.0005;µg/L
NL89_SASVGT;01/06/2023;EB;1652;<;0.0005;µg/L
NL89_SASVGT;27/06/2023;EB;1652;<;0.0005;µg/L
NL89_SASVGT;27/07/2023;EB;1652;<;0.0005;µg/L
NL89_SASVGT;22/08/2023;EB;1652;<;0.0005;µg/L
NL89_SASVGT;18/09/2023;EB;1652;<;0.0005;µg/L
NL89_SASVGT;19/10/2023;EB;1652;<;0.0005;µg/L
NL89_SASVGT;16/11/2023;EB;1652;<;0.0005;µg/L
NL89_SASVGT;11/12/2023;EB;1652;<;0.0005;µg/L
NL89_SASVGT;12/01/2023;EB;1688;<;0.0010;µg/L
NL89_SASVGT;06/02/2023;EB;1688;<;0.0010;µg/L
NL89_SASVGT;06/03/2023;EB;1688;<;0.0010;µg/L
NL89_SASVGT;03/04/2023;EB;1688;<;0.0010;µg/L
NL89_SASVGT;01/05/2023;EB;1688;<;0.0010;µg/L
NL89_SASVGT;01/06/2023;EB;1688;=;0.0012;µg/L
NL89_SASVGT;27/06/2023;EB;1688;<;0.0010;µg/L
NL89_SASVGT;27/07/2023;EB;1688;<;0.0010;µg/L
NL89_SASVGT;22/08/2023;EB;1688;<;0.0010;µg/L
NL89_SASVGT;18/09/2023;EB;1688;<;0.0010;µg/L
NL89_SASVGT;19/10/2023;EB;1688;<;0.0010;µg/L
NL89_SASVGT;16/11/2023;EB;1688;=;0.0011;µg/L
NL89_SASVGT;11/12/2023;EB;1688;<;0.0010;µg/L
NL89_SASVGT;12/01/2023;EB;1877;=;0.0057;µg/L
NL89_SASVGT;06/02/2023;EB;1877;=;0.0048;µg/L
NL89_SASVGT;06/03/2023;EB;1877;=;0.0050;µg/L
NL89_SASVGT;03/04/2023;EB;1877;=;0.0051;µg/L
NL89_SASVGT;01/05/2023;EB;1877;=;0.0040;µg/L
NL89_SASVGT;01/06/2023;EB;1877;=;0.0030;µg/L
NL89_SASVGT;27/06/2023;EB;1877;=;0.0044;µg/L
NL89_SASVGT;27/07/2023;EB;1877;=;0.0040;µg/L
NL89_SASVGT;22/08/2023;EB;1877;=;0.0042;µg/L
NL89_SASVGT;18/09/2023;EB;1877;=;0.0050;µg/L
NL89_SASVGT;19/10/2023;EB;1877;=;0.0054;µg/L
NL89_SASVGT;16/11/2023;EB;1877;=;0.0048;µg/L
NL89_SASVGT;11/12/2023;EB;1877;=;0.0040;µg/L
NL89_SASVGT;12/01/2023;EB;1888;<;0.0000;µg/L
NL89_SASVGT;06/02/2023;EB;1888;<;0.0000;µg/L
NL89_SASVGT;06/03/2023;EB;1888;<;0.0000;µg/L
NL89_SASVGT;03/04/2023;EB;1888;<;0.0000;µg/L
NL89_SASVGT;01/05/2023;EB;1888;<;0.0000;µg/L
NL89_SASVGT;01/06/2023;EB;1888;<;0.0000;µg/L
NL89_SASVGT;27/06/2023;EB;1888;=;0.0000;µg/L
NL89_SASVGT;27/07/2023;EB;1888;=;0.0000;µg/L
NL89_SASVGT;22/08/2023;EB;1888;=;0.0000;µg/L
NL89_SASVGT;18/09/2023;EB;1888;=;0.0000;µg/L
NL89_SASVGT;19/10/2023;EB;1888;<;0.0000;µg/L
NL89_SASVGT;16/11/2023;EB;1888;=;0.0000;µg/L
NL89_SASVGT;11/12/2023;EB;1888;=;0.0000;µg/L
NL89_SASVGT;12/01/2023;EB;1935;=;0.0002;µg/L
NL89_SASVGT;06/02/2023;EB;1935;=;0.0002;µg/L
NL89_SASVGT;06/03/2023;EB;1935;=;0.0002;µg/L
NL89_SASVGT;03/04/2023;EB;1935;=;0.0002;µg/L
NL89_SASVGT;01/05/2023;EB;1935;=;0.0001;µg/L
NL89_SASVGT;01/06/2023;EB;1935;=;0.0002;µg/L
NL89_SASVGT;27/06/2023;EB;1935;=;0.0003;µg/L
NL89_SASVGT;27/07/2023;EB;1935;=;0.0006;µg/L
NL89_SASVGT;22/08/2023;EB;1935;=;0.0004;µg/L
NL89_SASVGT;18/09/2023;EB;1935;=;0.0005;µg/L
NL89_SASVGT;19/10/2023;EB;1935;=;0.0004;µg/L
NL89_SASVGT;16/11/2023;EB;1935;=;0.0001;µg/L
NL89_SASVGT;11/12/2023;EB;1935;<;0.0001;µg/L
NL89_SASVGT;12/01/2023;EB;1959;<;0.0030;µg/L
NL89_SASVGT;06/02/2023;EB;1959;=;0.0065;µg/L
NL89_SASVGT;06/03/2023;EB;1959;=;0.0064;µg/L
NL89_SASVGT;03/04/2023;EB;1959;<;0.0030;µg/L
NL89_SASVGT;01/05/2023;EB;1959;<;0.0030;µg/L
NL89_SASVGT;01/06/2023;EB;1959;<;0.0030;µg/L
NL89_SASVGT;27/06/2023;EB;1959;<;0.0030;µg/L
NL89_SASVGT;27/07/2023;EB;1959;<;0.0030;µg/L
NL89_SASVGT;22/08/2023;EB;1959;<;0.0030;µg/L
NL89_SASVGT;18/09/2023;EB;1959;<;0.0030;µg/L
NL89_SASVGT;19/10/2023;EB;1959;=;0.0038;µg/L
NL89_SASVGT;16/11/2023;EB;1959;<;0.0030;µg/L
NL89_SASVGT;11/12/2023;EB;1959;=;0.0071;µg/L
NL89_SASVGT;12/01/2023;EB;2028;<;0.0001;µg/L
NL89_SASVGT;06/02/2023;EB;2028;<;0.0001;µg/L
NL89_SASVGT;06/03/2023;EB;2028;<;0.0001;µg/L
NL89_SASVGT;03/04/2023;EB;2028;<;0.0001;µg/L
NL89_SASVGT;01/05/2023;EB;2028;<;0.0001;µg/L
NL89_SASVGT;01/06/2023;EB;2028;<;0.0001;µg/L
NL89_SASVGT;27/06/2023;EB;2028;<;0.0001;µg/L
NL89_SASVGT;27/07/2023;EB;2028;<;0.0001;µg/L
NL89_SASVGT;22/08/2023;EB;2028;<;0.0001;µg/L
NL89_SASVGT;18/09/2023;EB;2028;<;0.0001;µg/L
NL89_SASVGT;19/10/2023;EB;2028;<;0.0001;µg/L
NL89_SASVGT;16/11/2023;EB;2028;<;0.0001;µg/L
NL89_SASVGT;11/12/2023;EB;2028;<;0.0001;µg/L
NL89_SASVGT;12/01/2023;EB;2879;=;0.0012;µg/L
NL89_SASVGT;06/02/2023;EB;2879;=;0.0014;µg/L
NL89_SASVGT;06/03/2023;EB;2879;=;0.0010;µg/L
NL89_SASVGT;03/04/2023;EB;2879;=;0.0014;µg/L
NL89_SASVGT;01/05/2023;EB;2879;=;0.0008;µg/L
NL89_SASVGT;01/06/2023;EB;2879;=;0.0005;µg/L
NL89_SASVGT;27/06/2023;EB;2879;=;0.0004;µg/L
NL89_SASVGT;27/07/2023;EB;2879;=;0.0004;µg/L
NL89_SASVGT;22/08/2023;EB;2879;=;0.0004;µg/L
NL89_SASVGT;18/09/2023;EB;2879;=;0.0005;µg/L
NL89_SASVGT;19/10/2023;EB;2879;=;0.0011;µg/L
NL89_SASVGT;16/11/2023;EB;2879;=;0.0008;µg/L
NL89_SASVGT;11/12/2023;EB;2879;=;0.0011;µg/L
NL89_SASVGT;12/01/2023;EB;2911;<;0.0005;µg/L
NL89_SASVGT;06/02/2023;EB;2911;<;0.0005;µg/L
NL89_SASVGT;06/03/2023;EB;2911;<;0.0005;µg/L
NL89_SASVGT;03/04/2023;EB;2911;<;0.0005;µg/L
NL89_SASVGT;01/05/2023;EB;2911;<;0.0005;µg/L
NL89_SASVGT;01/06/2023;EB;2911;<;0.0005;µg/L
NL89_SASVGT;27/06/2023;EB;2911;<;0.0005;µg/L
NL89_SASVGT;27/07/2023;EB;2911;<;0.0005;µg/L
NL89_SASVGT;22/08/2023;EB;2911;<;0.0005;µg/L
NL89_SASVGT;18/09/2023;EB;2911;<;0.0005;µg/L
NL89_SASVGT;19/10/2023;EB;2911;<;0.0005;µg/L
NL89_SASVGT;16/11/2023;EB;2911;<;0.0005;µg/L
NL89_SASVGT;11/12/2023;EB;2911;<;0.0005;µg/L
NL89_SASVGT;12/01/2023;EB;2912;<;0.0005;µg/L
NL89_SASVGT;06/02/2023;EB;2912;<;0.0005;µg/L
NL89_SASVGT;06/03/2023;EB;2912;<;0.0005;µg/L
NL89_SASVGT;03/04/2023;EB;2912;<;0.0005;µg/L
NL89_SASVGT;01/05/2023;EB;2912;<;0.0005;µg/L
NL89_SASVGT;01/06/2023;EB;2912;<;0.0005;µg/L
NL89_SASVGT;27/06/2023;EB;2912;<;0.0005;µg/L
NL89_SASVGT;27/07/2023;EB;2912;<;0.0005;µg/L
NL89_SASVGT;22/08/2023;EB;2912;<;0.0005;µg/L
NL89_SASVGT;18/09/2023;EB;2912;<;0.0005;µg/L
NL89_SASVGT;19/10/2023;EB;2912;<;0.0005;µg/L
NL89_SASVGT;16/11/2023;EB;2912;<;0.0005;µg/L
NL89_SASVGT;11/12/2023;EB;2912;<;0.0005;µg/L
NL89_SASVGT;12/01/2023;EB;2915;<;0.0005;µg/L
NL89_SASVGT;06/02/2023;EB;2915;<;0.0005;µg/L
NL89_SASVGT;06/03/2023;EB;2915;<;0.0005;µg/L
NL89_SASVGT;03/04/2023;EB;2915;<;0.0005;µg/L
NL89_SASVGT;01/05/2023;EB;2915;<;0.0005;µg/L
NL89_SASVGT;01/06/2023;EB;2915;<;0.0005;µg/L
NL89_SASVGT;27/06/2023;EB;2915;<;0.0005;µg/L
NL89_SASVGT;27/07/2023;EB;2915;<;0.0005;µg/L
NL89_SASVGT;22/08/2023;EB;2915;<;0.0005;µg/L
NL89_SASVGT;18/09/2023;EB;2915;<;0.0005;µg/L
NL89_SASVGT;19/10/2023;EB;2915;<;0.0005;µg/L
NL89_SASVGT;16/11/2023;EB;2915;<;0.0005;µg/L
NL89_SASVGT;11/12/2023;EB;2915;<;0.0005;µg/L
NL89_SASVGT;12/01/2023;EB;2916;<;0.0005;µg/L
NL89_SASVGT;06/02/2023;EB;2916;<;0.0005;µg/L
NL89_SASVGT;06/03/2023;EB;2916;<;0.0005;µg/L
NL89_SASVGT;03/04/2023;EB;2916;<;0.0005;µg/L
NL89_SASVGT;01/05/2023;EB;2916;<;0.0005;µg/L
NL89_SASVGT;01/06/2023;EB;2916;<;0.0005;µg/L
NL89_SASVGT;27/06/2023;EB;2916;<;0.0005;µg/L
NL89_SASVGT;27/07/2023;EB;2916;<;0.0005;µg/L
NL89_SASVGT;22/08/2023;EB;2916;<;0.0005;µg/L
NL89_SASVGT;18/09/2023;EB;2916;<;0.0005;µg/L
NL89_SASVGT;19/10/2023;EB;2916;<;0.0005;µg/L
NL89_SASVGT;16/11/2023;EB;2916;<;0.0005;µg/L
NL89_SASVGT;11/12/2023;EB;2916;<;0.0005;µg/L
NL89_SASVGT;12/01/2023;EB;2919;<;0.0005;µg/L
NL89_SASVGT;06/02/2023;EB;2919;<;0.0005;µg/L
NL89_SASVGT;06/03/2023;EB;2919;<;0.0005;µg/L
NL89_SASVGT;03/04/2023;EB;2919;<;0.0005;µg/L
NL89_SASVGT;01/05/2023;EB;2919;<;0.0005;µg/L
NL89_SASVGT;01/06/2023;EB;2919;<;0.0005;µg/L
NL89_SASVGT;27/06/2023;EB;2919;<;0.0005;µg/L
NL89_SASVGT;27/07/2023;EB;2919;<;0.0005;µg/L
NL89_SASVGT;22/08/2023;EB;2919;<;0.0005;µg/L
NL89_SASVGT;18/09/2023;EB;2919;<;0.0005;µg/L
NL89_SASVGT;19/10/2023;EB;2919;<;0.0005;µg/L
NL89_SASVGT;16/11/2023;EB;2919;<;0.0005;µg/L
NL89_SASVGT;11/12/2023;EB;2919;<;0.0005;µg/L
NL89_SASVGT;12/01/2023;EB;2920;<;0.0005;µg/L
NL89_SASVGT;06/02/2023;EB;2920;<;0.0005;µg/L
NL89_SASVGT;06/03/2023;EB;2920;<;0.0005;µg/L
NL89_SASVGT;03/04/2023;EB;2920;<;0.0005;µg/L
NL89_SASVGT;01/05/2023;EB;2920;<;0.0005;µg/L
NL89_SASVGT;01/06/2023;EB;2920;<;0.0005;µg/L
NL89_SASVGT;27/06/2023;EB;2920;<;0.0005;µg/L
NL89_SASVGT;27/07/2023;EB;2920;<;0.0005;µg/L
NL89_SASVGT;22/08/2023;EB;2920;<;0.0005;µg/L
NL89_SASVGT;18/09/2023;EB;2920;<;0.0005;µg/L
NL89_SASVGT;19/10/2023;EB;2920;<;0.0005;µg/L
NL89_SASVGT;16/11/2023;EB;2920;<;0.0005;µg/L
NL89_SASVGT;11/12/2023;EB;2920;<;0.0005;µg/L
NL89_SASVGT;12/01/2023;EB;5347;=;0.0059;ng/L
NL89_SASVGT;06/02/2023;EB;5347;=;0.0058;ng/L
NL89_SASVGT;06/03/2023;EB;5347;=;0.0057;ng/L
NL89_SASVGT;03/04/2023;EB;5347;=;0.0057;ng/L
NL89_SASVGT;01/05/2023;EB;5347;=;0.0061;ng/L
NL89_SASVGT;01/06/2023;EB;5347;=;0.0062;ng/L
NL89_SASVGT;27/06/2023;EB;5347;=;0.0066;ng/L
NL89_SASVGT;27/07/2023;EB;5347;=;0.0068;ng/L
NL89_SASVGT;22/08/2023;EB;5347;=;0.0065;ng/L
NL89_SASVGT;18/09/2023;EB;5347;=;0.0066;ng/L
NL89_SASVGT;19/10/2023;EB;5347;=;0.0058;ng/L
NL89_SASVGT;16/11/2023;EB;5347;=;0.0056;ng/L
NL89_SASVGT;11/12/2023;EB;5347;=;0.0063;ng/L
NL89_SASVGT;12/01/2023;EB;5474;<;0.1000;µg/L
NL89_SASVGT;06/02/2023;EB;5474;=;0.1220;µg/L
NL89_SASVGT;06/03/2023;EB;5474;=;0.1420;µg/L
NL89_SASVGT;03/04/2023;EB;5474;<;0.1000;µg/L
NL89_SASVGT;01/05/2023;EB;5474;<;0.1000;µg/L
NL89_SASVGT;01/06/2023;EB;5474;<;0.1000;µg/L
NL89_SASVGT;27/06/2023;EB;5474;=;0.1000;µg/L
NL89_SASVGT;27/07/2023;EB;5474;<;0.1000;µg/L
NL89_SASVGT;22/08/2023;EB;5474;<;0.1000;µg/L
NL89_SASVGT;18/09/2023;EB;5474;<;0.1000;µg/L
NL89_SASVGT;19/10/2023;EB;5474;=;0.1020;µg/L
NL89_SASVGT;16/11/2023;EB;5474;<;0.1000;µg/L
NL89_SASVGT;11/12/2023;EB;5474;=;0.1320;µg/L
NL89_SASVGT;12/01/2023;EB;5977;=;4.0700;ng/L
NL89_SASVGT;06/02/2023;EB;5977;=;3.6400;ng/L
NL89_SASVGT;06/03/2023;EB;5977;=;3.6000;ng/L
NL89_SASVGT;03/04/2023;EB;5977;=;3.3100;ng/L
NL89_SASVGT;01/05/2023;EB;5977;=;3.7700;ng/L
NL89_SASVGT;01/06/2023;EB;5977;=;3.8500;ng/L
NL89_SASVGT;27/06/2023;EB;5977;=;4.5600;ng/L
NL89_SASVGT;27/07/2023;EB;5977;=;4.5500;ng/L
NL89_SASVGT;22/08/2023;EB;5977;=;4.8400;ng/L
NL89_SASVGT;18/09/2023;EB;5977;=;5.0500;ng/L
NL89_SASVGT;19/10/2023;EB;5977;=;4.4000;ng/L
NL89_SASVGT;16/11/2023;EB;5977;=;3.1800;ng/L
NL89_SASVGT;11/12/2023;EB;5977;=;3.3100;ng/L
NL89_SASVGT;12/01/2023;EB;5978;=;10.6000;ng/L
NL89_SASVGT;06/02/2023;EB;5978;=;8.8800;ng/L
NL89_SASVGT;06/03/2023;EB;5978;=;8.9600;ng/L
NL89_SASVGT;03/04/2023;EB;5978;=;8.1500;ng/L
NL89_SASVGT;01/05/2023;EB;5978;=;9.0600;ng/L
NL89_SASVGT;01/06/2023;EB;5978;=;9.6300;ng/L
NL89_SASVGT;27/06/2023;EB;5978;=;11.8000;ng/L
NL89_SASVGT;27/07/2023;EB;5978;=;13.1000;ng/L
NL89_SASVGT;22/08/2023;EB;5978;=;12.3000;ng/L
NL89_SASVGT;18/09/2023;EB;5978;=;14.1000;ng/L
NL89_SASVGT;19/10/2023;EB;5978;=;11.5000;ng/L
NL89_SASVGT;16/11/2023;EB;5978;=;7.5000;ng/L
NL89_SASVGT;11/12/2023;EB;5978;=;7.1200;ng/L
NL89_SASVGT;12/01/2023;EB;5979;=;16.0000;ng/L
NL89_SASVGT;06/02/2023;EB;5979;=;7.3300;ng/L
NL89_SASVGT;06/03/2023;EB;5979;=;7.8000;ng/L
NL89_SASVGT;03/04/2023;EB;5979;=;7.3700;ng/L
NL89_SASVGT;01/05/2023;EB;5979;=;7.4700;ng/L
NL89_SASVGT;01/06/2023;EB;5979;=;7.9500;ng/L
NL89_SASVGT;27/06/2023;EB;5979;=;9.4100;ng/L
NL89_SASVGT;27/07/2023;EB;5979;=;10.9000;ng/L
NL89_SASVGT;22/08/2023;EB;5979;=;10.7000;ng/L
NL89_SASVGT;18/09/2023;EB;5979;=;11.4000;ng/L
NL89_SASVGT;19/10/2023;EB;5979;=;9.6000;ng/L
NL89_SASVGT;16/11/2023;EB;5979;=;6.5900;ng/L
NL89_SASVGT;11/12/2023;EB;5979;=;6.2700;ng/L
NL89_SASVGT;06/03/2023;EB;6616;<;1000.0000;µg/L
NL89_SASVGT;01/06/2023;EB;6616;<;1000.0000;µg/L
NL89_SASVGT;18/09/2023;EB;6616;<;1000.0000;µg/L
NL89_SASVGT;12/01/2023;EB;6830;=;3.5900;ng/L
NL89_SASVGT;06/02/2023;EB;6830;=;3.8800;ng/L
NL89_SASVGT;06/03/2023;EB;6830;=;4.2400;ng/L
NL89_SASVGT;03/04/2023;EB;6830;=;4.1400;ng/L
NL89_SASVGT;01/05/2023;EB;6830;=;4.5300;ng/L
NL89_SASVGT;01/06/2023;EB;6830;=;4.4100;ng/L
NL89_SASVGT;27/06/2023;EB;6830;=;4.5300;ng/L
NL89_SASVGT;27/07/2023;EB;6830;=;4.2800;ng/L
NL89_SASVGT;22/08/2023;EB;6830;=;4.0400;ng/L
NL89_SASVGT;18/09/2023;EB;6830;=;3.7600;ng/L
NL89_SASVGT;19/10/2023;EB;6830;=;3.5700;ng/L
NL89_SASVGT;16/11/2023;EB;6830;=;2.8000;ng/L
NL89_SASVGT;11/12/2023;EB;6830;=;3.4800;ng/L
NL89_SASVGT;12/01/2023;EB;7073;=;0.8100;mg/L
NL89_SASVGT;06/03/2023;EB;7073;=;0.5300;mg/L
NL89_SASVGT;01/05/2023;EB;7073;=;0.4700;mg/L
NL89_SASVGT;27/06/2023;EB;7073;=;0.4300;mg/L
NL89_SASVGT;22/08/2023;EB;7073;=;0.5300;mg/L
NL89_SASVGT;19/10/2023;EB;7073;=;0.5200;mg/L
NL89_SASVGT;11/12/2023;EB;7073;=;0.3400;mg/L
NL89_SASVGT;12/01/2023;EB;1774;<;0.0700;µg/L
NL89_SASVGT;06/02/2023;EB;1774;<;0.0700;µg/L
NL89_SASVGT;06/03/2023;EB;1774;<;0.0700;µg/L
NL89_SASVGT;03/04/2023;EB;1774;<;0.0700;µg/L
NL89_SASVGT;01/05/2023;EB;1774;<;0.0700;µg/L
NL89_SASVGT;01/06/2023;EB;1774;<;0.0700;µg/L
NL89_SASVGT;27/06/2023;EB;1774;<;0.0700;µg/L
NL89_SASVGT;27/07/2023;EB;1774;<;0.0700;µg/L
NL89_SASVGT;22/08/2023;EB;1774;<;0.0700;µg/L
NL89_SASVGT;18/09/2023;EB;1774;<;0.0700;µg/L
NL89_SASVGT;19/10/2023;EB;1774;<;0.0700;µg/L
NL89_SASVGT;16/11/2023;EB;1774;<;0.0700;µg/L
NL89_SASVGT;11/12/2023;EB;1774;<;0.0700;µg/L
NL89_SASVGT;12/01/2023;EB;5534;<;0.0018;µg/L
NL89_SASVGT;06/02/2023;EB;5534;<;0.0018;µg/L
NL89_SASVGT;06/03/2023;EB;5534;<;0.0018;µg/L
NL89_SASVGT;03/04/2023;EB;5534;<;0.0018;µg/L
NL89_SASVGT;01/05/2023;EB;5534;<;0.0018;µg/L
NL89_SASVGT;01/06/2023;EB;5534;<;0.0018;µg/L
NL89_SASVGT;27/06/2023;EB;5534;<;0.0018;µg/L
NL89_SASVGT;27/07/2023;EB;5534;<;0.0018;µg/L
NL89_SASVGT;22/08/2023;EB;5534;<;0.0018;µg/L
NL89_SASVGT;18/09/2023;EB;5534;<;0.0018;µg/L
NL89_SASVGT;19/10/2023;EB;5534;<;0.0018;µg/L
NL89_SASVGT;16/11/2023;EB;5534;<;0.0020;µg/L
NL89_SASVGT;11/12/2023;EB;5534;<;0.0019;µg/L
NL89_SASVGT;12/01/2023;EB;6561;=;10.0300;ng/L
NL89_SASVGT;06/02/2023;EB;6561;=;10.6800;ng/L
NL89_SASVGT;06/03/2023;EB;6561;=;10.7100;ng/L
NL89_SASVGT;03/04/2023;EB;6561;=;11.2400;ng/L
NL89_SASVGT;01/05/2023;EB;6561;=;11.2900;ng/L
NL89_SASVGT;01/06/2023;EB;6561;=;11.9700;ng/L
NL89_SASVGT;27/06/2023;EB;6561;=;12.6800;ng/L
NL89_SASVGT;27/07/2023;EB;6561;=;12.8500;ng/L
NL89_SASVGT;22/08/2023;EB;6561;=;14.3000;ng/L
NL89_SASVGT;18/09/2023;EB;6561;=;11.9500;ng/L
NL89_SASVGT;19/10/2023;EB;6561;=;12.4700;ng/L
NL89_SASVGT;16/11/2023;EB;6561;=;15.3400;ng/L
NL89_SASVGT;11/12/2023;EB;6561;=;12.1900;ng/L
NL89_SASVGT;12/01/2023;EF;COD;=;6.2000;mg/L
NL89_SASVGT;06/02/2023;EF;COD;=;7.1000;mg/L
NL89_SASVGT;06/03/2023;EF;COD;=;6.5000;mg/L
NL89_SASVGT;03/04/2023;EF;COD;=;7.1000;mg/L
NL89_SASVGT;01/05/2023;EF;COD;=;7.2000;mg/L
NL89_SASVGT;01/06/2023;EF;COD;=;6.0000;mg/L
NL89_SASVGT;27/06/2023;EF;COD;=;5.6000;mg/L
NL89_SASVGT;27/07/2023;EF;COD;=;7.7000;mg/L
NL89_SASVGT;22/08/2023;EF;COD;=;4.8000;mg/L
NL89_SASVGT;18/09/2023;EF;COD;=;5.7000;mg/L
NL89_SASVGT;19/10/2023;EF;COD;=;5.0000;mg/L
NL89_SASVGT;16/11/2023;EF;COD;=;8.8000;mg/L
NL89_SASVGT;11/12/2023;EF;COD;=;7.9000;mg/L
NL89_SASVGT;12/01/2023;EB;COT;<;0.3000;mg/L
NL89_SASVGT;06/02/2023;EB;COT;=;8.5000;mg/L
NL89_SASVGT;06/03/2023;EB;COT;=;6.8000;mg/L
NL89_SASVGT;03/04/2023;EB;COT;=;7.2000;mg/L
NL89_SASVGT;01/05/2023;EB;COT;=;7.5000;mg/L
NL89_SASVGT;01/06/2023;EB;COT;=;7.4000;mg/L
NL89_SASVGT;27/06/2023;EB;COT;=;7.3000;mg/L
NL89_SASVGT;27/07/2023;EB;COT;=;6.6000;mg/L
NL89_SASVGT;22/08/2023;EB;COT;=;6.3000;mg/L
NL89_SASVGT;18/09/2023;EB;COT;=;6.1000;mg/L
NL89_SASVGT;19/10/2023;EB;COT;=;6.2000;mg/L
NL89_SASVGT;16/11/2023;EB;COT;=;8.5000;mg/L
NL89_SASVGT;11/12/2023;EB;COT;=;13.0000;mg/L
NL89_SCHAARVODDL;17/01/2023;EB;1082;=;0.0051;µg/L
NL89_SCHAARVODDL;01/03/2023;EB;1082;=;0.0080;µg/L
NL89_SCHAARVODDL;14/03/2023;EB;1082;=;0.0104;µg/L
NL89_SCHAARVODDL;13/04/2023;EB;1082;=;0.0103;µg/L
NL89_SCHAARVODDL;10/05/2023;EB;1082;=;0.0691;µg/L
NL89_SCHAARVODDL;06/06/2023;EB;1082;=;0.0041;µg/L
NL89_SCHAARVODDL;05/07/2023;EB;1082;=;0.0128;µg/L
NL89_SCHAARVODDL;02/08/2023;EB;1082;=;0.0079;µg/L
NL89_SCHAARVODDL;31/08/2023;EB;1082;=;0.0043;µg/L
NL89_SCHAARVODDL;28/09/2023;EB;1082;=;0.0055;µg/L
NL89_SCHAARVODDL;23/10/2023;EB;1082;<;0.0030;µg/L
NL89_SCHAARVODDL;21/11/2023;EB;1082;=;0.0065;µg/L
NL89_SCHAARVODDL;19/12/2023;EB;1082;=;0.0099;µg/L
NL89_SCHAARVODDL;17/01/2023;EB;1083;<;0.0002;µg/L
NL89_SCHAARVODDL;01/03/2023;EB;1083;<;0.0002;µg/L
NL89_SCHAARVODDL;14/03/2023;EB;1083;<;0.0002;µg/L
NL89_SCHAARVODDL;13/04/2023;EB;1083;<;0.0002;µg/L
NL89_SCHAARVODDL;10/05/2023;EB;1083;<;0.0002;µg/L
NL89_SCHAARVODDL;06/06/2023;EB;1083;<;0.0002;µg/L
NL89_SCHAARVODDL;05/07/2023;EB;1083;<;0.0002;µg/L
NL89_SCHAARVODDL;02/08/2023;EB;1083;<;0.0002;µg/L
NL89_SCHAARVODDL;31/08/2023;EB;1083;<;0.0002;µg/L
NL89_SCHAARVODDL;28/09/2023;EB;1083;<;0.0002;µg/L
NL89_SCHAARVODDL;23/10/2023;EB;1083;<;0.0002;µg/L
NL89_SCHAARVODDL;21/11/2023;EB;1083;<;0.0002;µg/L
NL89_SCHAARVODDL;19/12/2023;EB;1083;=;0.0002;µg/L
NL89_SCHAARVODDL;17/01/2023;EB;1101;<;0.0006;µg/L
NL89_SCHAARVODDL;01/03/2023;EB;1101;<;0.0006;µg/L
NL89_SCHAARVODDL;14/03/2023;EB;1101;<;0.0006;µg/L
NL89_SCHAARVODDL;13/04/2023;EB;1101;<;0.0006;µg/L
NL89_SCHAARVODDL;10/05/2023;EB;1101;<;0.0006;µg/L
NL89_SCHAARVODDL;06/06/2023;EB;1101;<;0.0006;µg/L
NL89_SCHAARVODDL;05/07/2023;EB;1101;<;0.0006;µg/L
NL89_SCHAARVODDL;02/08/2023;EB;1101;<;0.0006;µg/L
NL89_SCHAARVODDL;31/08/2023;EB;1101;<;0.0006;µg/L
NL89_SCHAARVODDL;28/09/2023;EB;1101;<;0.0006;µg/L
NL89_SCHAARVODDL;23/10/2023;EB;1101;<;0.0006;µg/L
NL89_SCHAARVODDL;21/11/2023;EB;1101;<;0.0006;µg/L
NL89_SCHAARVODDL;19/12/2023;EB;1101;<;0.0006;µg/L
NL89_SCHAARVODDL;17/01/2023;EB;1103;<;0.0003;µg/L
NL89_SCHAARVODDL;01/03/2023;EB;1103;<;0.0003;µg/L
NL89_SCHAARVODDL;14/03/2023;EB;1103;<;0.0003;µg/L
NL89_SCHAARVODDL;13/04/2023;EB;1103;<;0.0003;µg/L
NL89_SCHAARVODDL;10/05/2023;EB;1103;<;0.0003;µg/L
NL89_SCHAARVODDL;06/06/2023;EB;1103;<;0.0003;µg/L
NL89_SCHAARVODDL;05/07/2023;EB;1103;<;0.0003;µg/L
NL89_SCHAARVODDL;02/08/2023;EB;1103;<;0.0003;µg/L
NL89_SCHAARVODDL;31/08/2023;EB;1103;<;0.0003;µg/L
NL89_SCHAARVODDL;28/09/2023;EB;1103;<;0.0003;µg/L
NL89_SCHAARVODDL;23/10/2023;EB;1103;<;0.0003;µg/L
NL89_SCHAARVODDL;21/11/2023;EB;1103;<;0.0003;µg/L
NL89_SCHAARVODDL;19/12/2023;EB;1103;<;0.0003;µg/L
NL89_SCHAARVODDL;17/01/2023;EB;1107;=;0.0037;µg/L
NL89_SCHAARVODDL;01/03/2023;EB;1107;=;0.0022;µg/L
NL89_SCHAARVODDL;14/03/2023;EB;1107;=;0.0029;µg/L
NL89_SCHAARVODDL;13/04/2023;EB;1107;=;0.0025;µg/L
NL89_SCHAARVODDL;10/05/2023;EB;1107;=;0.0021;µg/L
NL89_SCHAARVODDL;06/06/2023;EB;1107;=;0.0029;µg/L
NL89_SCHAARVODDL;05/07/2023;EB;1107;=;0.0022;µg/L
NL89_SCHAARVODDL;02/08/2023;EB;1107;=;0.0022;µg/L
NL89_SCHAARVODDL;31/08/2023;EB;1107;=;0.0021;µg/L
NL89_SCHAARVODDL;28/09/2023;EB;1107;=;0.0028;µg/L
NL89_SCHAARVODDL;23/10/2023;EB;1107;=;0.0024;µg/L
NL89_SCHAARVODDL;21/11/2023;EB;1107;=;0.0021;µg/L
NL89_SCHAARVODDL;19/12/2023;EB;1107;=;0.0020;µg/L
NL89_SCHAARVODDL;17/01/2023;EB;1114;=;0.0200;µg/L
NL89_SCHAARVODDL;01/03/2023;EB;1114;=;0.0300;µg/L
NL89_SCHAARVODDL;14/03/2023;EB;1114;<;0.0100;µg/L
NL89_SCHAARVODDL;13/04/2023;EB;1114;<;0.0100;µg/L
NL89_SCHAARVODDL;10/05/2023;EB;1114;<;0.0100;µg/L
NL89_SCHAARVODDL;06/06/2023;EB;1114;<;0.0100;µg/L
NL89_SCHAARVODDL;05/07/2023;EB;1114;<;0.0100;µg/L
NL89_SCHAARVODDL;02/08/2023;EB;1114;<;0.0100;µg/L
NL89_SCHAARVODDL;31/08/2023;EB;1114;<;0.0100;µg/L
NL89_SCHAARVODDL;28/09/2023;EB;1114;<;0.0100;µg/L
NL89_SCHAARVODDL;23/10/2023;EB;1114;<;0.0100;µg/L
NL89_SCHAARVODDL;21/11/2023;EB;1114;=;0.0100;µg/L
NL89_SCHAARVODDL;19/12/2023;EB;1114;<;0.0100;µg/L
NL89_SCHAARVODDL;17/01/2023;EB;1115;=;0.0054;µg/L
NL89_SCHAARVODDL;01/03/2023;EB;1115;=;0.0093;µg/L
NL89_SCHAARVODDL;14/03/2023;EB;1115;=;0.0139;µg/L
NL89_SCHAARVODDL;13/04/2023;EB;1115;=;0.0121;µg/L
NL89_SCHAARVODDL;10/05/2023;EB;1115;=;0.0709;µg/L
NL89_SCHAARVODDL;06/06/2023;EB;1115;=;0.0042;µg/L
NL89_SCHAARVODDL;05/07/2023;EB;1115;=;0.0131;µg/L
NL89_SCHAARVODDL;02/08/2023;EB;1115;=;0.0083;µg/L
NL89_SCHAARVODDL;31/08/2023;EB;1115;=;0.0050;µg/L
NL89_SCHAARVODDL;28/09/2023;EB;1115;=;0.0077;µg/L
NL89_SCHAARVODDL;23/10/2023;EB;1115;=;0.0035;µg/L
NL89_SCHAARVODDL;21/11/2023;EB;1115;=;0.0089;µg/L
NL89_SCHAARVODDL;19/12/2023;EB;1115;=;0.0107;µg/L
NL89_SCHAARVODDL;17/01/2023;EB;1117;=;0.0038;µg/L
NL89_SCHAARVODDL;01/03/2023;EB;1117;=;0.0182;µg/L
NL89_SCHAARVODDL;14/03/2023;EB;1117;=;0.0084;µg/L
NL89_SCHAARVODDL;13/04/2023;EB;1117;=;0.0085;µg/L
NL89_SCHAARVODDL;10/05/2023;EB;1117;=;0.0482;µg/L
NL89_SCHAARVODDL;06/06/2023;EB;1117;=;0.0032;µg/L
NL89_SCHAARVODDL;05/07/2023;EB;1117;=;0.0097;µg/L
NL89_SCHAARVODDL;02/08/2023;EB;1117;=;0.0070;µg/L
NL89_SCHAARVODDL;31/08/2023;EB;1117;=;0.0041;µg/L
NL89_SCHAARVODDL;28/09/2023;EB;1117;=;0.0059;µg/L
NL89_SCHAARVODDL;23/10/2023;EB;1117;=;0.0031;µg/L
NL89_SCHAARVODDL;21/11/2023;EB;1117;=;0.0073;µg/L
NL89_SCHAARVODDL;19/12/2023;EB;1117;=;0.0092;µg/L
NL89_SCHAARVODDL;17/01/2023;EB;1118;=;0.0050;µg/L
NL89_SCHAARVODDL;01/03/2023;EB;1118;=;0.0069;µg/L
NL89_SCHAARVODDL;14/03/2023;EB;1118;=;0.0100;µg/L
NL89_SCHAARVODDL;13/04/2023;EB;1118;=;0.0124;µg/L
NL89_SCHAARVODDL;10/05/2023;EB;1118;=;0.0532;µg/L
NL89_SCHAARVODDL;06/06/2023;EB;1118;=;0.0048;µg/L
NL89_SCHAARVODDL;05/07/2023;EB;1118;=;0.0114;µg/L
NL89_SCHAARVODDL;02/08/2023;EB;1118;=;0.0093;µg/L
NL89_SCHAARVODDL;31/08/2023;EB;1118;=;0.0061;µg/L
NL89_SCHAARVODDL;28/09/2023;EB;1118;=;0.0073;µg/L
NL89_SCHAARVODDL;23/10/2023;EB;1118;=;0.0040;µg/L
NL89_SCHAARVODDL;21/11/2023;EB;1118;=;0.0089;µg/L
NL89_SCHAARVODDL;19/12/2023;EB;1118;=;0.0111;µg/L
NL89_SCHAARVODDL;17/01/2023;EB;1119;<;0.0004;µg/L
NL89_SCHAARVODDL;01/03/2023;EB;1119;<;0.0004;µg/L
NL89_SCHAARVODDL;14/03/2023;EB;1119;<;0.0004;µg/L
NL89_SCHAARVODDL;13/04/2023;EB;1119;<;0.0004;µg/L
NL89_SCHAARVODDL;10/05/2023;EB;1119;<;0.0004;µg/L
NL89_SCHAARVODDL;06/06/2023;EB;1119;<;0.0004;µg/L
NL89_SCHAARVODDL;05/07/2023;EB;1119;<;0.0004;µg/L
NL89_SCHAARVODDL;02/08/2023;EB;1119;<;0.0004;µg/L
NL89_SCHAARVODDL;31/08/2023;EB;1119;<;0.0004;µg/L
NL89_SCHAARVODDL;28/09/2023;EB;1119;<;0.0004;µg/L
NL89_SCHAARVODDL;23/10/2023;EB;1119;<;0.0004;µg/L
NL89_SCHAARVODDL;21/11/2023;EB;1119;<;0.0004;µg/L
NL89_SCHAARVODDL;19/12/2023;EB;1119;<;0.0004;µg/L
NL89_SCHAARVODDL;17/01/2023;EB;1135;=;0.0100;µg/L
NL89_SCHAARVODDL;01/03/2023;EB;1135;=;0.0100;µg/L
NL89_SCHAARVODDL;14/03/2023;EB;1135;=;0.0300;µg/L
NL89_SCHAARVODDL;13/04/2023;EB;1135;=;0.0300;µg/L
NL89_SCHAARVODDL;10/05/2023;EB;1135;<;0.0100;µg/L
NL89_SCHAARVODDL;06/06/2023;EB;1135;<;0.0100;µg/L
NL89_SCHAARVODDL;05/07/2023;EB;1135;<;0.0100;µg/L
NL89_SCHAARVODDL;02/08/2023;EB;1135;<;0.0100;µg/L
NL89_SCHAARVODDL;31/08/2023;EB;1135;<;0.0100;µg/L
NL89_SCHAARVODDL;28/09/2023;EB;1135;<;0.0100;µg/L
NL89_SCHAARVODDL;23/10/2023;EB;1135;=;0.0100;µg/L
NL89_SCHAARVODDL;21/11/2023;EB;1135;=;0.0300;µg/L
NL89_SCHAARVODDL;19/12/2023;EB;1135;=;0.0200;µg/L
NL89_SCHAARVODDL;17/01/2023;EB;1140;<;0.0007;µg/L
NL89_SCHAARVODDL;01/03/2023;EB;1140;<;0.0007;µg/L
NL89_SCHAARVODDL;14/03/2023;EB;1140;<;0.0007;µg/L
NL89_SCHAARVODDL;13/04/2023;EB;1140;<;0.0007;µg/L
NL89_SCHAARVODDL;10/05/2023;EB;1140;<;0.0007;µg/L
NL89_SCHAARVODDL;06/06/2023;EB;1140;<;0.0007;µg/L
NL89_SCHAARVODDL;05/07/2023;EB;1140;<;0.0007;µg/L
NL89_SCHAARVODDL;02/08/2023;EB;1140;<;0.0007;µg/L
NL89_SCHAARVODDL;31/08/2023;EB;1140;<;0.0007;µg/L
NL89_SCHAARVODDL;28/09/2023;EB;1140;<;0.0007;µg/L
NL89_SCHAARVODDL;23/10/2023;EB;1140;<;0.0007;µg/L
NL89_SCHAARVODDL;21/11/2023;EB;1140;<;0.0007;µg/L
NL89_SCHAARVODDL;19/12/2023;EB;1140;<;0.0007;µg/L
NL89_SCHAARVODDL;17/01/2023;EB;1144;<;0.0003;µg/L
NL89_SCHAARVODDL;01/03/2023;EB;1144;<;0.0003;µg/L
NL89_SCHAARVODDL;14/03/2023;EB;1144;<;0.0003;µg/L
NL89_SCHAARVODDL;13/04/2023;EB;1144;<;0.0003;µg/L
NL89_SCHAARVODDL;10/05/2023;EB;1144;<;0.0003;µg/L
NL89_SCHAARVODDL;06/06/2023;EB;1144;<;0.0003;µg/L
NL89_SCHAARVODDL;05/07/2023;EB;1144;<;0.0003;µg/L
NL89_SCHAARVODDL;02/08/2023;EB;1144;<;0.0003;µg/L
NL89_SCHAARVODDL;31/08/2023;EB;1144;<;0.0003;µg/L
NL89_SCHAARVODDL;28/09/2023;EB;1144;<;0.0003;µg/L
NL89_SCHAARVODDL;23/10/2023;EB;1144;<;0.0003;µg/L
NL89_SCHAARVODDL;21/11/2023;EB;1144;<;0.0003;µg/L
NL89_SCHAARVODDL;19/12/2023;EB;1144;<;0.0003;µg/L
NL89_SCHAARVODDL;17/01/2023;EB;1146;<;0.0002;µg/L
NL89_SCHAARVODDL;01/03/2023;EB;1146;<;0.0002;µg/L
NL89_SCHAARVODDL;14/03/2023;EB;1146;<;0.0002;µg/L
NL89_SCHAARVODDL;13/04/2023;EB;1146;=;0.0002;µg/L
NL89_SCHAARVODDL;10/05/2023;EB;1146;=;0.0005;µg/L
NL89_SCHAARVODDL;06/06/2023;EB;1146;<;0.0002;µg/L
NL89_SCHAARVODDL;05/07/2023;EB;1146;=;0.0002;µg/L
NL89_SCHAARVODDL;02/08/2023;EB;1146;<;0.0002;µg/L
NL89_SCHAARVODDL;31/08/2023;EB;1146;<;0.0002;µg/L
NL89_SCHAARVODDL;28/09/2023;EB;1146;<;0.0002;µg/L
NL89_SCHAARVODDL;23/10/2023;EB;1146;<;0.0002;µg/L
NL89_SCHAARVODDL;21/11/2023;EB;1146;<;0.0002;µg/L
NL89_SCHAARVODDL;19/12/2023;EB;1146;=;0.0003;µg/L
NL89_SCHAARVODDL;17/01/2023;EB;1147;<;0.0006;µg/L
NL89_SCHAARVODDL;01/03/2023;EB;1147;<;0.0006;µg/L
NL89_SCHAARVODDL;14/03/2023;EB;1147;<;0.0006;µg/L
NL89_SCHAARVODDL;13/04/2023;EB;1147;<;0.0006;µg/L
NL89_SCHAARVODDL;10/05/2023;EB;1147;<;0.0006;µg/L
NL89_SCHAARVODDL;06/06/2023;EB;1147;<;0.0006;µg/L
NL89_SCHAARVODDL;05/07/2023;EB;1147;<;0.0006;µg/L
NL89_SCHAARVODDL;02/08/2023;EB;1147;<;0.0006;µg/L
NL89_SCHAARVODDL;31/08/2023;EB;1147;<;0.0006;µg/L
NL89_SCHAARVODDL;28/09/2023;EB;1147;<;0.0006;µg/L
NL89_SCHAARVODDL;23/10/2023;EB;1147;<;0.0006;µg/L
NL89_SCHAARVODDL;21/11/2023;EB;1147;<;0.0006;µg/L
NL89_SCHAARVODDL;19/12/2023;EB;1147;<;0.0006;µg/L
NL89_SCHAARVODDL;17/01/2023;EB;1148;<;0.0002;µg/L
NL89_SCHAARVODDL;01/03/2023;EB;1148;<;0.0002;µg/L
NL89_SCHAARVODDL;14/03/2023;EB;1148;<;0.0002;µg/L
NL89_SCHAARVODDL;13/04/2023;EB;1148;<;0.0002;µg/L
NL89_SCHAARVODDL;10/05/2023;EB;1148;<;0.0002;µg/L
NL89_SCHAARVODDL;06/06/2023;EB;1148;<;0.0002;µg/L
NL89_SCHAARVODDL;05/07/2023;EB;1148;<;0.0002;µg/L
NL89_SCHAARVODDL;02/08/2023;EB;1148;<;0.0002;µg/L
NL89_SCHAARVODDL;31/08/2023;EB;1148;<;0.0002;µg/L
NL89_SCHAARVODDL;28/09/2023;EB;1148;<;0.0002;µg/L
NL89_SCHAARVODDL;23/10/2023;EB;1148;<;0.0002;µg/L
NL89_SCHAARVODDL;21/11/2023;EB;1148;<;0.0002;µg/L
NL89_SCHAARVODDL;19/12/2023;EB;1148;<;0.0002;µg/L
NL89_SCHAARVODDL;17/01/2023;EB;1161;<;0.0100;µg/L
NL89_SCHAARVODDL;01/03/2023;EB;1161;<;0.0100;µg/L
NL89_SCHAARVODDL;14/03/2023;EB;1161;<;0.0100;µg/L
NL89_SCHAARVODDL;13/04/2023;EB;1161;<;0.0100;µg/L
NL89_SCHAARVODDL;10/05/2023;EB;1161;=;0.0200;µg/L
NL89_SCHAARVODDL;06/06/2023;EB;1161;=;0.0100;µg/L
NL89_SCHAARVODDL;05/07/2023;EB;1161;<;0.0100;µg/L
NL89_SCHAARVODDL;02/08/2023;EB;1161;<;0.0100;µg/L
NL89_SCHAARVODDL;31/08/2023;EB;1161;=;0.0200;µg/L
NL89_SCHAARVODDL;28/09/2023;EB;1161;<;0.0100;µg/L
NL89_SCHAARVODDL;23/10/2023;EB;1161;<;0.0100;µg/L
NL89_SCHAARVODDL;21/11/2023;EB;1161;<;0.0100;µg/L
NL89_SCHAARVODDL;19/12/2023;EB;1161;<;0.0100;µg/L
NL89_SCHAARVODDL;17/01/2023;EB;1168;<;0.5000;µg/L
NL89_SCHAARVODDL;01/03/2023;EB;1168;<;0.5000;µg/L
NL89_SCHAARVODDL;14/03/2023;EB;1168;<;0.5000;µg/L
NL89_SCHAARVODDL;13/04/2023;EB;1168;<;0.5000;µg/L
NL89_SCHAARVODDL;10/05/2023;EB;1168;<;0.5000;µg/L
NL89_SCHAARVODDL;06/06/2023;EB;1168;<;0.5000;µg/L
NL89_SCHAARVODDL;05/07/2023;EB;1168;<;0.5000;µg/L
NL89_SCHAARVODDL;02/08/2023;EB;1168;<;0.5000;µg/L
NL89_SCHAARVODDL;31/08/2023;EB;1168;<;0.5000;µg/L
NL89_SCHAARVODDL;28/09/2023;EB;1168;<;0.5000;µg/L
NL89_SCHAARVODDL;23/10/2023;EB;1168;<;0.5000;µg/L
NL89_SCHAARVODDL;21/11/2023;EB;1168;<;0.5000;µg/L
NL89_SCHAARVODDL;19/12/2023;EB;1168;<;0.5000;µg/L
NL89_SCHAARVODDL;17/01/2023;EB;1170;<;0.0003;µg/L
NL89_SCHAARVODDL;01/03/2023;EB;1170;<;0.0003;µg/L
NL89_SCHAARVODDL;14/03/2023;EB;1170;<;0.0003;µg/L
NL89_SCHAARVODDL;13/04/2023;EB;1170;<;0.0003;µg/L
NL89_SCHAARVODDL;10/05/2023;EB;1170;<;0.0003;µg/L
NL89_SCHAARVODDL;06/06/2023;EB;1170;<;0.0003;µg/L
NL89_SCHAARVODDL;05/07/2023;EB;1170;<;0.0003;µg/L
NL89_SCHAARVODDL;02/08/2023;EB;1170;<;0.0003;µg/L
NL89_SCHAARVODDL;31/08/2023;EB;1170;<;0.0003;µg/L
NL89_SCHAARVODDL;28/09/2023;EB;1170;<;0.0003;µg/L
NL89_SCHAARVODDL;23/10/2023;EB;1170;<;0.0003;µg/L
NL89_SCHAARVODDL;21/11/2023;EB;1170;<;0.0003;µg/L
NL89_SCHAARVODDL;19/12/2023;EB;1170;<;0.0003;µg/L
NL89_SCHAARVODDL;17/01/2023;EB;1172;=;0.0002;µg/L
NL89_SCHAARVODDL;01/03/2023;EB;1172;=;0.0004;µg/L
NL89_SCHAARVODDL;14/03/2023;EB;1172;=;0.0004;µg/L
NL89_SCHAARVODDL;13/04/2023;EB;1172;=;0.0003;µg/L
NL89_SCHAARVODDL;10/05/2023;EB;1172;=;0.0006;µg/L
NL89_SCHAARVODDL;06/06/2023;EB;1172;=;0.0005;µg/L
NL89_SCHAARVODDL;05/07/2023;EB;1172;=;0.0006;µg/L
NL89_SCHAARVODDL;02/08/2023;EB;1172;=;0.0004;µg/L
NL89_SCHAARVODDL;31/08/2023;EB;1172;=;0.0005;µg/L
NL89_SCHAARVODDL;28/09/2023;EB;1172;=;0.0004;µg/L
NL89_SCHAARVODDL;23/10/2023;EB;1172;=;0.0002;µg/L
NL89_SCHAARVODDL;21/11/2023;EB;1172;=;0.0005;µg/L
NL89_SCHAARVODDL;19/12/2023;EB;1172;=;0.0003;µg/L
NL89_SCHAARVODDL;17/01/2023;EB;1173;<;0.0002;µg/L
NL89_SCHAARVODDL;01/03/2023;EB;1173;<;0.0002;µg/L
NL89_SCHAARVODDL;14/03/2023;EB;1173;<;0.0002;µg/L
NL89_SCHAARVODDL;13/04/2023;EB;1173;<;0.0002;µg/L
NL89_SCHAARVODDL;10/05/2023;EB;1173;<;0.0002;µg/L
NL89_SCHAARVODDL;06/06/2023;EB;1173;<;0.0002;µg/L
NL89_SCHAARVODDL;05/07/2023;EB;1173;<;0.0002;µg/L
NL89_SCHAARVODDL;02/08/2023;EB;1173;<;0.0002;µg/L
NL89_SCHAARVODDL;31/08/2023;EB;1173;<;0.0002;µg/L
NL89_SCHAARVODDL;28/09/2023;EB;1173;<;0.0002;µg/L
NL89_SCHAARVODDL;23/10/2023;EB;1173;<;0.0002;µg/L
NL89_SCHAARVODDL;21/11/2023;EB;1173;<;0.0002;µg/L
NL89_SCHAARVODDL;19/12/2023;EB;1173;=;0.0002;µg/L
NL89_SCHAARVODDL;17/01/2023;EB;1177;=;0.0091;µg/L
NL89_SCHAARVODDL;01/03/2023;EB;1177;=;0.0054;µg/L
NL89_SCHAARVODDL;14/03/2023;EB;1177;=;0.0064;µg/L
NL89_SCHAARVODDL;13/04/2023;EB;1177;=;0.0069;µg/L
NL89_SCHAARVODDL;10/05/2023;EB;1177;=;0.0069;µg/L
NL89_SCHAARVODDL;06/06/2023;EB;1177;=;0.0081;µg/L
NL89_SCHAARVODDL;05/07/2023;EB;1177;=;0.0064;µg/L
NL89_SCHAARVODDL;02/08/2023;EB;1177;=;0.0077;µg/L
NL89_SCHAARVODDL;31/08/2023;EB;1177;=;0.0081;µg/L
NL89_SCHAARVODDL;28/09/2023;EB;1177;=;0.0086;µg/L
NL89_SCHAARVODDL;23/10/2023;EB;1177;=;0.0084;µg/L
NL89_SCHAARVODDL;21/11/2023;EB;1177;=;0.0091;µg/L
NL89_SCHAARVODDL;19/12/2023;EB;1177;=;0.0071;µg/L
NL89_SCHAARVODDL;17/01/2023;EB;1178;<;0.0004;µg/L
NL89_SCHAARVODDL;01/03/2023;EB;1178;<;0.0004;µg/L
NL89_SCHAARVODDL;14/03/2023;EB;1178;<;0.0004;µg/L
NL89_SCHAARVODDL;13/04/2023;EB;1178;<;0.0004;µg/L
NL89_SCHAARVODDL;10/05/2023;EB;1178;<;0.0004;µg/L
NL89_SCHAARVODDL;06/06/2023;EB;1178;<;0.0004;µg/L
NL89_SCHAARVODDL;05/07/2023;EB;1178;<;0.0004;µg/L
NL89_SCHAARVODDL;02/08/2023;EB;1178;<;0.0004;µg/L
NL89_SCHAARVODDL;31/08/2023;EB;1178;<;0.0004;µg/L
NL89_SCHAARVODDL;28/09/2023;EB;1178;<;0.0004;µg/L
NL89_SCHAARVODDL;23/10/2023;EB;1178;<;0.0004;µg/L
NL89_SCHAARVODDL;21/11/2023;EB;1178;<;0.0004;µg/L
NL89_SCHAARVODDL;19/12/2023;EB;1178;<;0.0004;µg/L
NL89_SCHAARVODDL;17/01/2023;EB;1179;<;0.0003;µg/L
NL89_SCHAARVODDL;01/03/2023;EB;1179;<;0.0003;µg/L
NL89_SCHAARVODDL;14/03/2023;EB;1179;<;0.0003;µg/L
NL89_SCHAARVODDL;13/04/2023;EB;1179;<;0.0003;µg/L
NL89_SCHAARVODDL;10/05/2023;EB;1179;<;0.0003;µg/L
NL89_SCHAARVODDL;06/06/2023;EB;1179;<;0.0003;µg/L
NL89_SCHAARVODDL;05/07/2023;EB;1179;<;0.0003;µg/L
NL89_SCHAARVODDL;02/08/2023;EB;1179;<;0.0003;µg/L
NL89_SCHAARVODDL;31/08/2023;EB;1179;<;0.0003;µg/L
NL89_SCHAARVODDL;28/09/2023;EB;1179;<;0.0003;µg/L
NL89_SCHAARVODDL;23/10/2023;EB;1179;<;0.0003;µg/L
NL89_SCHAARVODDL;21/11/2023;EB;1179;<;0.0003;µg/L
NL89_SCHAARVODDL;19/12/2023;EB;1179;<;0.0003;µg/L
NL89_SCHAARVODDL;17/01/2023;EB;1181;<;0.0010;µg/L
NL89_SCHAARVODDL;01/03/2023;EB;1181;<;0.0010;µg/L
NL89_SCHAARVODDL;14/03/2023;EB;1181;<;0.0010;µg/L
NL89_SCHAARVODDL;13/04/2023;EB;1181;<;0.0010;µg/L
NL89_SCHAARVODDL;10/05/2023;EB;1181;<;0.0010;µg/L
NL89_SCHAARVODDL;06/06/2023;EB;1181;<;0.0010;µg/L
NL89_SCHAARVODDL;05/07/2023;EB;1181;<;0.0010;µg/L
NL89_SCHAARVODDL;02/08/2023;EB;1181;<;0.0010;µg/L
NL89_SCHAARVODDL;31/08/2023;EB;1181;<;0.0010;µg/L
NL89_SCHAARVODDL;28/09/2023;EB;1181;<;0.0010;µg/L
NL89_SCHAARVODDL;23/10/2023;EB;1181;<;0.0010;µg/L
NL89_SCHAARVODDL;21/11/2023;EB;1181;<;0.0010;µg/L
NL89_SCHAARVODDL;19/12/2023;EB;1181;<;0.0010;µg/L
NL89_SCHAARVODDL;17/01/2023;EB;1191;=;0.0171;µg/L
NL89_SCHAARVODDL;01/03/2023;EB;1191;=;0.0230;µg/L
NL89_SCHAARVODDL;14/03/2023;EB;1191;=;0.0287;µg/L
NL89_SCHAARVODDL;13/04/2023;EB;1191;=;0.0344;µg/L
NL89_SCHAARVODDL;10/05/2023;EB;1191;=;0.1280;µg/L
NL89_SCHAARVODDL;06/06/2023;EB;1191;=;0.0140;µg/L
NL89_SCHAARVODDL;05/07/2023;EB;1191;=;0.0415;µg/L
NL89_SCHAARVODDL;02/08/2023;EB;1191;=;0.0262;µg/L
NL89_SCHAARVODDL;31/08/2023;EB;1191;=;0.0176;µg/L
NL89_SCHAARVODDL;28/09/2023;EB;1191;=;0.0175;µg/L
NL89_SCHAARVODDL;23/10/2023;EB;1191;=;0.0116;µg/L
NL89_SCHAARVODDL;21/11/2023;EB;1191;=;0.0231;µg/L
NL89_SCHAARVODDL;19/12/2023;EB;1191;=;0.0344;µg/L
NL89_SCHAARVODDL;17/01/2023;EB;1197;<;0.0001;µg/L
NL89_SCHAARVODDL;01/03/2023;EB;1197;<;0.0001;µg/L
NL89_SCHAARVODDL;14/03/2023;EB;1197;<;0.0001;µg/L
NL89_SCHAARVODDL;13/04/2023;EB;1197;<;0.0001;µg/L
NL89_SCHAARVODDL;10/05/2023;EB;1197;<;0.0001;µg/L
NL89_SCHAARVODDL;06/06/2023;EB;1197;<;0.0001;µg/L
NL89_SCHAARVODDL;05/07/2023;EB;1197;<;0.0001;µg/L
NL89_SCHAARVODDL;02/08/2023;EB;1197;<;0.0001;µg/L
NL89_SCHAARVODDL;31/08/2023;EB;1197;<;0.0001;µg/L
NL89_SCHAARVODDL;28/09/2023;EB;1197;<;0.0001;µg/L
NL89_SCHAARVODDL;23/10/2023;EB;1197;<;0.0001;µg/L
NL89_SCHAARVODDL;21/11/2023;EB;1197;<;0.0001;µg/L
NL89_SCHAARVODDL;19/12/2023;EB;1197;<;0.0001;µg/L
NL89_SCHAARVODDL;17/01/2023;EB;1198;<;0.0001;µg/L
NL89_SCHAARVODDL;01/03/2023;EB;1198;<;0.0001;µg/L
NL89_SCHAARVODDL;14/03/2023;EB;1198;<;0.0001;µg/L
NL89_SCHAARVODDL;13/04/2023;EB;1198;=;0.0001;µg/L
NL89_SCHAARVODDL;10/05/2023;EB;1198;<;0.0001;µg/L
NL89_SCHAARVODDL;06/06/2023;EB;1198;<;0.0001;µg/L
NL89_SCHAARVODDL;05/07/2023;EB;1198;<;0.0001;µg/L
NL89_SCHAARVODDL;02/08/2023;EB;1198;<;0.0001;µg/L
NL89_SCHAARVODDL;31/08/2023;EB;1198;<;0.0001;µg/L
NL89_SCHAARVODDL;28/09/2023;EB;1198;<;0.0001;µg/L
NL89_SCHAARVODDL;23/10/2023;EB;1198;<;0.0001;µg/L
NL89_SCHAARVODDL;21/11/2023;EB;1198;<;0.0001;µg/L
NL89_SCHAARVODDL;19/12/2023;EB;1198;=;0.0001;µg/L
NL89_SCHAARVODDL;17/01/2023;EB;1199;<;0.0002;µg/L
NL89_SCHAARVODDL;01/03/2023;EB;1199;<;0.0002;µg/L
NL89_SCHAARVODDL;14/03/2023;EB;1199;<;0.0002;µg/L
NL89_SCHAARVODDL;13/04/2023;EB;1199;<;0.0002;µg/L
NL89_SCHAARVODDL;10/05/2023;EB;1199;<;0.0002;µg/L
NL89_SCHAARVODDL;06/06/2023;EB;1199;<;0.0002;µg/L
NL89_SCHAARVODDL;05/07/2023;EB;1199;<;0.0002;µg/L
NL89_SCHAARVODDL;02/08/2023;EB;1199;<;0.0002;µg/L
NL89_SCHAARVODDL;31/08/2023;EB;1199;<;0.0002;µg/L
NL89_SCHAARVODDL;28/09/2023;EB;1199;<;0.0002;µg/L
NL89_SCHAARVODDL;23/10/2023;EB;1199;<;0.0002;µg/L
NL89_SCHAARVODDL;21/11/2023;EB;1199;<;0.0002;µg/L
NL89_SCHAARVODDL;19/12/2023;EB;1199;<;0.0002;µg/L
NL89_SCHAARVODDL;17/01/2023;EB;1200;<;0.0001;µg/L
NL89_SCHAARVODDL;01/03/2023;EB;1200;<;0.0001;µg/L
NL89_SCHAARVODDL;14/03/2023;EB;1200;<;0.0001;µg/L
NL89_SCHAARVODDL;13/04/2023;EB;1200;<;0.0001;µg/L
NL89_SCHAARVODDL;10/05/2023;EB;1200;<;0.0001;µg/L
NL89_SCHAARVODDL;06/06/2023;EB;1200;<;0.0001;µg/L
NL89_SCHAARVODDL;05/07/2023;EB;1200;<;0.0001;µg/L
NL89_SCHAARVODDL;02/08/2023;EB;1200;<;0.0001;µg/L
NL89_SCHAARVODDL;31/08/2023;EB;1200;<;0.0001;µg/L
NL89_SCHAARVODDL;28/09/2023;EB;1200;<;0.0001;µg/L
NL89_SCHAARVODDL;23/10/2023;EB;1200;<;0.0001;µg/L
NL89_SCHAARVODDL;21/11/2023;EB;1200;<;0.0001;µg/L
NL89_SCHAARVODDL;19/12/2023;EB;1200;<;0.0001;µg/L
NL89_SCHAARVODDL;17/01/2023;EB;1201;=;0.0001;µg/L
NL89_SCHAARVODDL;01/03/2023;EB;1201;<;0.0001;µg/L
NL89_SCHAARVODDL;14/03/2023;EB;1201;<;0.0001;µg/L
NL89_SCHAARVODDL;13/04/2023;EB;1201;<;0.0001;µg/L
NL89_SCHAARVODDL;10/05/2023;EB;1201;<;0.0001;µg/L
NL89_SCHAARVODDL;06/06/2023;EB;1201;=;0.0001;µg/L
NL89_SCHAARVODDL;05/07/2023;EB;1201;=;0.0001;µg/L
NL89_SCHAARVODDL;02/08/2023;EB;1201;<;0.0001;µg/L
NL89_SCHAARVODDL;31/08/2023;EB;1201;=;0.0001;µg/L
NL89_SCHAARVODDL;28/09/2023;EB;1201;=;0.0001;µg/L
NL89_SCHAARVODDL;23/10/2023;EB;1201;=;0.0001;µg/L
NL89_SCHAARVODDL;21/11/2023;EB;1201;=;0.0001;µg/L
NL89_SCHAARVODDL;19/12/2023;EB;1201;<;0.0001;µg/L
NL89_SCHAARVODDL;17/01/2023;EB;1202;<;0.0001;µg/L
NL89_SCHAARVODDL;01/03/2023;EB;1202;<;0.0001;µg/L
NL89_SCHAARVODDL;14/03/2023;EB;1202;<;0.0001;µg/L
NL89_SCHAARVODDL;13/04/2023;EB;1202;<;0.0001;µg/L
NL89_SCHAARVODDL;10/05/2023;EB;1202;<;0.0001;µg/L
NL89_SCHAARVODDL;06/06/2023;EB;1202;<;0.0001;µg/L
NL89_SCHAARVODDL;05/07/2023;EB;1202;<;0.0001;µg/L
NL89_SCHAARVODDL;02/08/2023;EB;1202;<;0.0001;µg/L
NL89_SCHAARVODDL;31/08/2023;EB;1202;<;0.0001;µg/L
NL89_SCHAARVODDL;28/09/2023;EB;1202;<;0.0001;µg/L
NL89_SCHAARVODDL;23/10/2023;EB;1202;<;0.0001;µg/L
NL89_SCHAARVODDL;21/11/2023;EB;1202;<;0.0001;µg/L
NL89_SCHAARVODDL;19/12/2023;EB;1202;<;0.0001;µg/L
NL89_SCHAARVODDL;17/01/2023;EB;1203;=;0.0003;µg/L
NL89_SCHAARVODDL;01/03/2023;EB;1203;=;0.0002;µg/L
NL89_SCHAARVODDL;14/03/2023;EB;1203;=;0.0002;µg/L
NL89_SCHAARVODDL;13/04/2023;EB;1203;=;0.0002;µg/L
NL89_SCHAARVODDL;10/05/2023;EB;1203;=;0.0002;µg/L
NL89_SCHAARVODDL;06/06/2023;EB;1203;=;0.0002;µg/L
NL89_SCHAARVODDL;05/07/2023;EB;1203;=;0.0001;µg/L
NL89_SCHAARVODDL;02/08/2023;EB;1203;=;0.0001;µg/L
NL89_SCHAARVODDL;31/08/2023;EB;1203;=;0.0001;µg/L
NL89_SCHAARVODDL;28/09/2023;EB;1203;=;0.0002;µg/L
NL89_SCHAARVODDL;23/10/2023;EB;1203;=;0.0002;µg/L
NL89_SCHAARVODDL;21/11/2023;EB;1203;=;0.0002;µg/L
NL89_SCHAARVODDL;19/12/2023;EB;1203;=;0.0003;µg/L
NL89_SCHAARVODDL;17/01/2023;EB;1204;=;0.0048;µg/L
NL89_SCHAARVODDL;01/03/2023;EB;1204;=;0.0075;µg/L
NL89_SCHAARVODDL;14/03/2023;EB;1204;=;0.0108;µg/L
NL89_SCHAARVODDL;13/04/2023;EB;1204;=;0.0122;µg/L
NL89_SCHAARVODDL;10/05/2023;EB;1204;=;0.0569;µg/L
NL89_SCHAARVODDL;06/06/2023;EB;1204;=;0.0046;µg/L
NL89_SCHAARVODDL;05/07/2023;EB;1204;=;0.0122;µg/L
NL89_SCHAARVODDL;02/08/2023;EB;1204;=;0.0102;µg/L
NL89_SCHAARVODDL;31/08/2023;EB;1204;=;0.0061;µg/L
NL89_SCHAARVODDL;28/09/2023;EB;1204;=;0.0076;µg/L
NL89_SCHAARVODDL;23/10/2023;EB;1204;=;0.0039;µg/L
NL89_SCHAARVODDL;21/11/2023;EB;1204;=;0.0086;µg/L
NL89_SCHAARVODDL;19/12/2023;EB;1204;=;0.0113;µg/L
NL89_SCHAARVODDL;17/01/2023;EB;1207;<;0.0003;µg/L
NL89_SCHAARVODDL;01/03/2023;EB;1207;<;0.0003;µg/L
NL89_SCHAARVODDL;14/03/2023;EB;1207;<;0.0003;µg/L
NL89_SCHAARVODDL;13/04/2023;EB;1207;<;0.0003;µg/L
NL89_SCHAARVODDL;10/05/2023;EB;1207;<;0.0003;µg/L
NL89_SCHAARVODDL;06/06/2023;EB;1207;<;0.0003;µg/L
NL89_SCHAARVODDL;05/07/2023;EB;1207;<;0.0003;µg/L
NL89_SCHAARVODDL;02/08/2023;EB;1207;<;0.0003;µg/L
NL89_SCHAARVODDL;31/08/2023;EB;1207;<;0.0003;µg/L
NL89_SCHAARVODDL;28/09/2023;EB;1207;<;0.0003;µg/L
NL89_SCHAARVODDL;23/10/2023;EB;1207;<;0.0003;µg/L
NL89_SCHAARVODDL;21/11/2023;EB;1207;<;0.0003;µg/L
NL89_SCHAARVODDL;19/12/2023;EB;1207;<;0.0003;µg/L
NL89_SCHAARVODDL;17/01/2023;EB;1208;=;0.0037;µg/L
NL89_SCHAARVODDL;01/03/2023;EB;1208;=;0.0021;µg/L
NL89_SCHAARVODDL;14/03/2023;EB;1208;=;0.0024;µg/L
NL89_SCHAARVODDL;13/04/2023;EB;1208;=;0.0019;µg/L
NL89_SCHAARVODDL;10/05/2023;EB;1208;=;0.0018;µg/L
NL89_SCHAARVODDL;06/06/2023;EB;1208;=;0.0022;µg/L
NL89_SCHAARVODDL;05/07/2023;EB;1208;=;0.0013;µg/L
NL89_SCHAARVODDL;02/08/2023;EB;1208;=;0.0015;µg/L
NL89_SCHAARVODDL;31/08/2023;EB;1208;=;0.0017;µg/L
NL89_SCHAARVODDL;28/09/2023;EB;1208;=;0.0015;µg/L
NL89_SCHAARVODDL;23/10/2023;EB;1208;=;0.0021;µg/L
NL89_SCHAARVODDL;21/11/2023;EB;1208;=;0.0028;µg/L
NL89_SCHAARVODDL;19/12/2023;EB;1208;=;0.0041;µg/L
NL89_SCHAARVODDL;17/01/2023;EB;1235;<;0.1000;µg/L
NL89_SCHAARVODDL;01/03/2023;EB;1235;<;0.1000;µg/L
NL89_SCHAARVODDL;14/03/2023;EB;1235;<;0.1000;µg/L
NL89_SCHAARVODDL;13/04/2023;EB;1235;<;0.1000;µg/L
NL89_SCHAARVODDL;10/05/2023;EB;1235;<;0.1000;µg/L
NL89_SCHAARVODDL;06/06/2023;EB;1235;<;0.1000;µg/L
NL89_SCHAARVODDL;05/07/2023;EB;1235;<;0.1000;µg/L
NL89_SCHAARVODDL;02/08/2023;EB;1235;<;0.1000;µg/L
NL89_SCHAARVODDL;31/08/2023;EB;1235;<;0.1000;µg/L
NL89_SCHAARVODDL;28/09/2023;EB;1235;<;0.1000;µg/L
NL89_SCHAARVODDL;23/10/2023;EB;1235;<;0.1000;µg/L
NL89_SCHAARVODDL;21/11/2023;EB;1235;<;0.1000;µg/L
NL89_SCHAARVODDL;19/12/2023;EB;1235;<;0.1000;µg/L
NL89_SCHAARVODDL;17/01/2023;EB;1263;=;0.0020;µg/L
NL89_SCHAARVODDL;01/03/2023;EB;1263;=;0.0011;µg/L
NL89_SCHAARVODDL;14/03/2023;EB;1263;=;0.0014;µg/L
NL89_SCHAARVODDL;13/04/2023;EB;1263;=;0.0014;µg/L
NL89_SCHAARVODDL;10/05/2023;EB;1263;=;0.0012;µg/L
NL89_SCHAARVODDL;06/06/2023;EB;1263;=;0.0019;µg/L
NL89_SCHAARVODDL;05/07/2023;EB;1263;=;0.0016;µg/L
NL89_SCHAARVODDL;02/08/2023;EB;1263;=;0.0021;µg/L
NL89_SCHAARVODDL;31/08/2023;EB;1263;=;0.0030;µg/L
NL89_SCHAARVODDL;28/09/2023;EB;1263;=;0.0025;µg/L
NL89_SCHAARVODDL;23/10/2023;EB;1263;=;0.0021;µg/L
NL89_SCHAARVODDL;21/11/2023;EB;1263;=;0.0016;µg/L
NL89_SCHAARVODDL;19/12/2023;EB;1263;=;0.0012;µg/L
NL89_SCHAARVODDL;17/01/2023;EB;1269;=;0.0043;µg/L
NL89_SCHAARVODDL;01/03/2023;EB;1269;=;0.0025;µg/L
NL89_SCHAARVODDL;14/03/2023;EB;1269;=;0.0034;µg/L
NL89_SCHAARVODDL;13/04/2023;EB;1269;=;0.0030;µg/L
NL89_SCHAARVODDL;10/05/2023;EB;1269;=;0.0024;µg/L
NL89_SCHAARVODDL;06/06/2023;EB;1269;=;0.0023;µg/L
NL89_SCHAARVODDL;05/07/2023;EB;1269;=;0.0020;µg/L
NL89_SCHAARVODDL;02/08/2023;EB;1269;=;0.0027;µg/L
NL89_SCHAARVODDL;31/08/2023;EB;1269;=;0.0028;µg/L
NL89_SCHAARVODDL;28/09/2023;EB;1269;=;0.0028;µg/L
NL89_SCHAARVODDL;23/10/2023;EB;1269;=;0.0027;µg/L
NL89_SCHAARVODDL;21/11/2023;EB;1269;=;0.0040;µg/L
NL89_SCHAARVODDL;19/12/2023;EB;1269;=;0.0032;µg/L
NL89_SCHAARVODDL;17/01/2023;EB;1272;<;0.0100;µg/L
NL89_SCHAARVODDL;01/03/2023;EB;1272;=;0.6300;µg/L
NL89_SCHAARVODDL;14/03/2023;EB;1272;=;0.7300;µg/L
NL89_SCHAARVODDL;13/04/2023;EB;1272;=;0.3800;µg/L
NL89_SCHAARVODDL;10/05/2023;EB;1272;<;0.0100;µg/L
NL89_SCHAARVODDL;06/06/2023;EB;1272;<;0.0100;µg/L
NL89_SCHAARVODDL;05/07/2023;EB;1272;=;0.0400;µg/L
NL89_SCHAARVODDL;02/08/2023;EB;1272;=;0.0200;µg/L
NL89_SCHAARVODDL;31/08/2023;EB;1272;=;0.0100;µg/L
NL89_SCHAARVODDL;28/09/2023;EB;1272;<;0.0100;µg/L
NL89_SCHAARVODDL;23/10/2023;EB;1272;<;0.0100;µg/L
NL89_SCHAARVODDL;21/11/2023;EB;1272;=;0.0100;µg/L
NL89_SCHAARVODDL;19/12/2023;EB;1272;<;0.0100;µg/L
NL89_SCHAARVODDL;17/01/2023;EB;1276;<;0.0100;µg/L
NL89_SCHAARVODDL;01/03/2023;EB;1276;<;0.0100;µg/L
NL89_SCHAARVODDL;14/03/2023;EB;1276;<;0.1000;µg/L
NL89_SCHAARVODDL;13/04/2023;EB;1276;<;0.1000;µg/L
NL89_SCHAARVODDL;10/05/2023;EB;1276;<;0.0100;µg/L
NL89_SCHAARVODDL;06/06/2023;EB;1276;<;0.0100;µg/L
NL89_SCHAARVODDL;05/07/2023;EB;1276;<;0.0100;µg/L
NL89_SCHAARVODDL;02/08/2023;EB;1276;<;0.0100;µg/L
NL89_SCHAARVODDL;31/08/2023;EB;1276;<;0.0100;µg/L
NL89_SCHAARVODDL;28/09/2023;EB;1276;<;0.0100;µg/L
NL89_SCHAARVODDL;23/10/2023;EB;1276;<;0.0100;µg/L
NL89_SCHAARVODDL;21/11/2023;EB;1276;<;0.0100;µg/L
NL89_SCHAARVODDL;19/12/2023;EB;1276;<;0.0100;µg/L
NL89_SCHAARVODDL;17/01/2023;EB;1283;<;0.0100;µg/L
NL89_SCHAARVODDL;01/03/2023;EB;1283;<;0.0100;µg/L
NL89_SCHAARVODDL;14/03/2023;EB;1283;<;0.0100;µg/L
NL89_SCHAARVODDL;13/04/2023;EB;1283;<;0.0100;µg/L
NL89_SCHAARVODDL;10/05/2023;EB;1283;<;0.0100;µg/L
NL89_SCHAARVODDL;06/06/2023;EB;1283;<;0.0100;µg/L
NL89_SCHAARVODDL;05/07/2023;EB;1283;<;0.0100;µg/L
NL89_SCHAARVODDL;02/08/2023;EB;1283;<;0.0100;µg/L
NL89_SCHAARVODDL;31/08/2023;EB;1283;<;0.0100;µg/L
NL89_SCHAARVODDL;28/09/2023;EB;1283;<;0.0100;µg/L
NL89_SCHAARVODDL;23/10/2023;EB;1283;<;0.0100;µg/L
NL89_SCHAARVODDL;21/11/2023;EB;1283;<;0.0100;µg/L
NL89_SCHAARVODDL;19/12/2023;EB;1283;<;0.0100;µg/L
NL89_SCHAARVODDL;17/01/2023;EB;1286;<;0.0100;µg/L
NL89_SCHAARVODDL;01/03/2023;EB;1286;<;0.0100;µg/L
NL89_SCHAARVODDL;14/03/2023;EB;1286;<;0.0100;µg/L
NL89_SCHAARVODDL;13/04/2023;EB;1286;<;0.0100;µg/L
NL89_SCHAARVODDL;10/05/2023;EB;1286;<;0.0100;µg/L
NL89_SCHAARVODDL;06/06/2023;EB;1286;<;0.0100;µg/L
NL89_SCHAARVODDL;05/07/2023;EB;1286;<;0.0100;µg/L
NL89_SCHAARVODDL;02/08/2023;EB;1286;<;0.0100;µg/L
NL89_SCHAARVODDL;31/08/2023;EB;1286;<;0.0100;µg/L
NL89_SCHAARVODDL;28/09/2023;EB;1286;<;0.0100;µg/L
NL89_SCHAARVODDL;23/10/2023;EB;1286;<;0.0100;µg/L
NL89_SCHAARVODDL;21/11/2023;EB;1286;<;0.0100;µg/L
NL89_SCHAARVODDL;19/12/2023;EB;1286;<;0.0100;µg/L
NL89_SCHAARVODDL;01/03/2023;EB;1289;<;0.0010;µg/L
NL89_SCHAARVODDL;06/06/2023;EB;1289;<;0.0010;µg/L
NL89_SCHAARVODDL;28/09/2023;EB;1289;<;0.0010;µg/L
NL89_SCHAARVODDL;05/01/2023;EB;1301;=;8.7600;°C
NL89_SCHAARVODDL;17/01/2023;EB;1301;=;8.6700;°C
NL89_SCHAARVODDL;31/01/2023;EB;1301;=;6.5700;°C
NL89_SCHAARVODDL;01/03/2023;EB;1301;=;7.7900;°C
NL89_SCHAARVODDL;14/03/2023;EB;1301;=;7.8400;°C
NL89_SCHAARVODDL;28/03/2023;EB;1301;=;9.7600;°C
NL89_SCHAARVODDL;13/04/2023;EB;1301;=;11.1000;°C
NL89_SCHAARVODDL;25/04/2023;EB;1301;=;11.9000;°C
NL89_SCHAARVODDL;10/05/2023;EB;1301;=;14.8000;°C
NL89_SCHAARVODDL;06/06/2023;EB;1301;=;18.3000;°C
NL89_SCHAARVODDL;19/06/2023;EB;1301;=;21.3000;°C
NL89_SCHAARVODDL;05/07/2023;EB;1301;=;21.0000;°C
NL89_SCHAARVODDL;18/07/2023;EB;1301;=;21.7000;°C
NL89_SCHAARVODDL;02/08/2023;EB;1301;=;20.9000;°C
NL89_SCHAARVODDL;15/08/2023;EB;1301;=;20.9000;°C
NL89_SCHAARVODDL;31/08/2023;EB;1301;=;21.2000;°C
NL89_SCHAARVODDL;13/09/2023;EB;1301;=;22.8000;°C
NL89_SCHAARVODDL;28/09/2023;EB;1301;=;20.1000;°C
NL89_SCHAARVODDL;10/10/2023;EB;1301;=;19.1000;°C
NL89_SCHAARVODDL;23/10/2023;EB;1301;=;16.4000;°C
NL89_SCHAARVODDL;21/11/2023;EB;1301;=;11.2000;°C
NL89_SCHAARVODDL;06/12/2023;EB;1301;=;7.8200;°C
NL89_SCHAARVODDL;08/12/2023;EB;1301;=;NV;°C
NL89_SCHAARVODDL;19/12/2023;EB;1301;=;8.0900;°C
NL89_SCHAARVODDL;05/01/2023;EB;1302;=;7.8500;u pH
NL89_SCHAARVODDL;17/01/2023;EB;1302;=;7.8600;u pH
NL89_SCHAARVODDL;31/01/2023;EB;1302;=;7.8900;u pH
NL89_SCHAARVODDL;01/03/2023;EB;1302;=;7.9100;u pH
NL89_SCHAARVODDL;14/03/2023;EB;1302;=;7.8200;u pH
NL89_SCHAARVODDL;28/03/2023;EB;1302;=;7.8800;u pH
NL89_SCHAARVODDL;13/04/2023;EB;1302;=;7.8200;u pH
NL89_SCHAARVODDL;25/04/2023;EB;1302;=;7.8700;u pH
NL89_SCHAARVODDL;10/05/2023;EB;1302;=;7.8100;u pH
NL89_SCHAARVODDL;06/06/2023;EB;1302;=;7.9300;u pH
NL89_SCHAARVODDL;19/06/2023;EB;1302;=;7.8000;u pH
NL89_SCHAARVODDL;05/07/2023;EB;1302;=;7.8400;u pH
NL89_SCHAARVODDL;18/07/2023;EB;1302;=;7.8200;u pH
NL89_SCHAARVODDL;02/08/2023;EB;1302;=;8.0900;u pH
NL89_SCHAARVODDL;15/08/2023;EB;1302;=;7.7300;u pH
NL89_SCHAARVODDL;31/08/2023;EB;1302;=;7.6800;u pH
NL89_SCHAARVODDL;13/09/2023;EB;1302;=;7.7100;u pH
NL89_SCHAARVODDL;28/09/2023;EB;1302;=;7.8300;u pH
NL89_SCHAARVODDL;10/10/2023;EB;1302;=;7.7000;u pH
NL89_SCHAARVODDL;23/10/2023;EB;1302;=;7.7900;u pH
NL89_SCHAARVODDL;21/11/2023;EB;1302;=;7.6300;u pH
NL89_SCHAARVODDL;06/12/2023;EB;1302;=;7.7200;u pH
NL89_SCHAARVODDL;08/12/2023;EB;1302;=;NV;u pH
NL89_SCHAARVODDL;19/12/2023;EB;1302;=;7.8000;u pH
NL89_SCHAARVODDL;05/01/2023;EB;1303;=;11655.0000;µS/cm (à/bij 25°C)
NL89_SCHAARVODDL;17/01/2023;EB;1303;=;6771.0000;µS/cm (à/bij 25°C)
NL89_SCHAARVODDL;31/01/2023;EB;1303;=;8336.1000;µS/cm (à/bij 25°C)
NL89_SCHAARVODDL;01/03/2023;EB;1303;=;14208.0000;µS/cm (à/bij 25°C)
NL89_SCHAARVODDL;14/03/2023;EB;1303;=;9290.7000;µS/cm (à/bij 25°C)
NL89_SCHAARVODDL;28/03/2023;EB;1303;=;9224.1000;µS/cm (à/bij 25°C)
NL89_SCHAARVODDL;13/04/2023;EB;1303;=;7958.7000;µS/cm (à/bij 25°C)
NL89_SCHAARVODDL;25/04/2023;EB;1303;=;10134.3000;µS/cm (à/bij 25°C)
NL89_SCHAARVODDL;10/05/2023;EB;1303;=;12099.0000;µS/cm (à/bij 25°C)
NL89_SCHAARVODDL;06/06/2023;EB;1303;=;14430.0000;µS/cm (à/bij 25°C)
NL89_SCHAARVODDL;19/06/2023;EB;1303;=;18537.0000;µS/cm (à/bij 25°C)
NL89_SCHAARVODDL;05/07/2023;EB;1303;=;19092.0000;µS/cm (à/bij 25°C)
NL89_SCHAARVODDL;18/07/2023;EB;1303;=;20313.0000;µS/cm (à/bij 25°C)
NL89_SCHAARVODDL;02/08/2023;EB;1303;=;18870.0000;µS/cm (à/bij 25°C)
NL89_SCHAARVODDL;15/08/2023;EB;1303;=;16650.0000;µS/cm (à/bij 25°C)
NL89_SCHAARVODDL;31/08/2023;EB;1303;=;19092.0000;µS/cm (à/bij 25°C)
NL89_SCHAARVODDL;13/09/2023;EB;1303;=;20091.0000;µS/cm (à/bij 25°C)
NL89_SCHAARVODDL;28/09/2023;EB;1303;=;19980.0000;µS/cm (à/bij 25°C)
NL89_SCHAARVODDL;10/10/2023;EB;1303;=;22200.0000;µS/cm (à/bij 25°C)
NL89_SCHAARVODDL;23/10/2023;EB;1303;=;20757.0000;µS/cm (à/bij 25°C)
NL89_SCHAARVODDL;21/11/2023;EB;1303;=;6693.3000;µS/cm (à/bij 25°C)
NL89_SCHAARVODDL;06/12/2023;EB;1303;=;5772.0000;µS/cm (à/bij 25°C)
NL89_SCHAARVODDL;08/12/2023;EB;1303;=;NV;µS/cm (à/bij 25°C)
NL89_SCHAARVODDL;19/12/2023;EB;1303;=;6238.2000;µS/cm (à/bij 25°C)
NL89_SCHAARVODDL;05/01/2023;EB;1305;=;78.0000;mg/L
NL89_SCHAARVODDL;17/01/2023;EB;1305;=;68.0000;mg/L
NL89_SCHAARVODDL;31/01/2023;EB;1305;=;49.0000;mg/L
NL89_SCHAARVODDL;01/03/2023;EB;1305;=;54.0000;mg/L
NL89_SCHAARVODDL;14/03/2023;EB;1305;=;79.0000;mg/L
NL89_SCHAARVODDL;28/03/2023;EB;1305;=;91.0000;mg/L
NL89_SCHAARVODDL;13/04/2023;EB;1305;=;110.0000;mg/L
NL89_SCHAARVODDL;25/04/2023;EB;1305;=;50.0000;mg/L
NL89_SCHAARVODDL;10/05/2023;EB;1305;=;160.0000;mg/L
NL89_SCHAARVODDL;06/06/2023;EB;1305;=;35.0000;mg/L
NL89_SCHAARVODDL;19/06/2023;EB;1305;=;82.0000;mg/L
NL89_SCHAARVODDL;05/07/2023;EB;1305;=;230.0000;mg/L
NL89_SCHAARVODDL;18/07/2023;EB;1305;=;67.0000;mg/L
NL89_SCHAARVODDL;02/08/2023;EB;1305;=;120.0000;mg/L
NL89_SCHAARVODDL;15/08/2023;EB;1305;=;39.0000;mg/L
NL89_SCHAARVODDL;31/08/2023;EB;1305;=;97.0000;mg/L
NL89_SCHAARVODDL;13/09/2023;EB;1305;=;72.0000;mg/L
NL89_SCHAARVODDL;28/09/2023;EB;1305;=;84.0000;mg/L
NL89_SCHAARVODDL;10/10/2023;EB;1305;=;47.0000;mg/L
NL89_SCHAARVODDL;23/10/2023;EB;1305;=;54.0000;mg/L
NL89_SCHAARVODDL;07/11/2023;EB;1305;=;NV;mg/L
NL89_SCHAARVODDL;21/11/2023;EB;1305;=;79.0000;mg/L
NL89_SCHAARVODDL;06/12/2023;EB;1305;=;40.0000;mg/L
NL89_SCHAARVODDL;08/12/2023;EB;1305;=;NV;mg/L
NL89_SCHAARVODDL;19/12/2023;EB;1305;=;150.0000;mg/L
NL89_SCHAARVODDL;05/01/2023;EB;1311;=;88.0000;%
NL89_SCHAARVODDL;05/01/2023;EB;1311;=;9.8600;mg/L
NL89_SCHAARVODDL;17/01/2023;EB;1311;=;82.0000;%
NL89_SCHAARVODDL;17/01/2023;EB;1311;=;9.1600;mg/L
NL89_SCHAARVODDL;31/01/2023;EB;1311;=;88.0000;%
NL89_SCHAARVODDL;31/01/2023;EB;1311;=;10.5000;mg/L
NL89_SCHAARVODDL;01/03/2023;EB;1311;=;82.0000;%
NL89_SCHAARVODDL;01/03/2023;EB;1311;=;9.3700;mg/L
NL89_SCHAARVODDL;14/03/2023;EB;1311;=;90.0000;%
NL89_SCHAARVODDL;14/03/2023;EB;1311;=;10.2000;mg/L
NL89_SCHAARVODDL;28/03/2023;EB;1311;=;81.0000;%
NL89_SCHAARVODDL;28/03/2023;EB;1311;=;8.9400;mg/L
NL89_SCHAARVODDL;13/04/2023;EB;1311;=;81.0000;%
NL89_SCHAARVODDL;13/04/2023;EB;1311;=;8.6900;mg/L
NL89_SCHAARVODDL;25/04/2023;EB;1311;=;87.0000;%
NL89_SCHAARVODDL;25/04/2023;EB;1311;=;9.2100;mg/L
NL89_SCHAARVODDL;10/05/2023;EB;1311;=;78.0000;%
NL89_SCHAARVODDL;10/05/2023;EB;1311;=;7.6700;mg/L
NL89_SCHAARVODDL;06/06/2023;EB;1311;=;90.0000;%
NL89_SCHAARVODDL;06/06/2023;EB;1311;=;8.1800;mg/L
NL89_SCHAARVODDL;19/06/2023;EB;1311;=;92.0000;%
NL89_SCHAARVODDL;19/06/2023;EB;1311;=;7.6800;mg/L
NL89_SCHAARVODDL;05/07/2023;EB;1311;=;90.0000;%
NL89_SCHAARVODDL;05/07/2023;EB;1311;=;7.5200;mg/L
NL89_SCHAARVODDL;18/07/2023;EB;1311;=;83.0000;%
NL89_SCHAARVODDL;18/07/2023;EB;1311;=;6.8800;mg/L
NL89_SCHAARVODDL;02/08/2023;EB;1311;=;83.0000;%
NL89_SCHAARVODDL;02/08/2023;EB;1311;=;6.9600;mg/L
NL89_SCHAARVODDL;15/08/2023;EB;1311;=;72.0000;%
NL89_SCHAARVODDL;15/08/2023;EB;1311;=;6.0900;mg/L
NL89_SCHAARVODDL;31/08/2023;EB;1311;=;74.0000;%
NL89_SCHAARVODDL;31/08/2023;EB;1311;=;6.0600;mg/L
NL89_SCHAARVODDL;13/09/2023;EB;1311;=;78.0000;%
NL89_SCHAARVODDL;13/09/2023;EB;1311;=;6.3000;mg/L
NL89_SCHAARVODDL;28/09/2023;EB;1311;=;83.0000;%
NL89_SCHAARVODDL;28/09/2023;EB;1311;=;7.1300;mg/L
NL89_SCHAARVODDL;10/10/2023;EB;1311;=;77.0000;%
NL89_SCHAARVODDL;10/10/2023;EB;1311;=;6.6600;mg/L
NL89_SCHAARVODDL;23/10/2023;EB;1311;=;84.0000;%
NL89_SCHAARVODDL;23/10/2023;EB;1311;=;7.6300;mg/L
NL89_SCHAARVODDL;21/11/2023;EB;1311;=;70.0000;%
NL89_SCHAARVODDL;21/11/2023;EB;1311;=;7.5100;mg/L
NL89_SCHAARVODDL;06/12/2023;EB;1311;=;81.0000;%
NL89_SCHAARVODDL;06/12/2023;EB;1311;=;9.4300;mg/L
NL89_SCHAARVODDL;08/12/2023;EB;1311;=;NV;%
NL89_SCHAARVODDL;08/12/2023;EB;1311;=;NV;mg/L
NL89_SCHAARVODDL;19/12/2023;EB;1311;=;84.0000;%
NL89_SCHAARVODDL;19/12/2023;EB;1311;=;9.7500;mg/L
NL89_SCHAARVODDL;17/01/2023;EB;1313;=;1.0000;mg/L O2
NL89_SCHAARVODDL;01/03/2023;EB;1313;=;2.0000;mg/L O2
NL89_SCHAARVODDL;14/03/2023;EB;1313;=;1.0000;mg/L O2
NL89_SCHAARVODDL;13/04/2023;EB;1313;=;2.0000;mg/L O2
NL89_SCHAARVODDL;10/05/2023;EB;1313;=;1.0000;mg/L O2
NL89_SCHAARVODDL;06/06/2023;EB;1313;=;1.0000;mg/L O2
NL89_SCHAARVODDL;05/07/2023;EB;1313;=;2.0000;mg/L O2
NL89_SCHAARVODDL;02/08/2023;EB;1313;=;1.0000;mg/L O2
NL89_SCHAARVODDL;31/08/2023;EB;1313;=;1.0000;mg/L O2
NL89_SCHAARVODDL;28/09/2023;EB;1313;=;1.0000;mg/L O2
NL89_SCHAARVODDL;23/10/2023;EB;1313;=;1.0000;mg/L O2
NL89_SCHAARVODDL;21/11/2023;EB;1313;=;1.0000;mg/L O2
NL89_SCHAARVODDL;19/12/2023;EB;1313;=;1.0000;mg/L O2
NL89_SCHAARVODDL;05/01/2023;EF;1335;=;0.2900;mg/L N
NL89_SCHAARVODDL;17/01/2023;EF;1335;=;0.1200;mg/L N
NL89_SCHAARVODDL;31/01/2023;EF;1335;=;0.1300;mg/L N
NL89_SCHAARVODDL;01/03/2023;EF;1335;=;0.1500;mg/L N
NL89_SCHAARVODDL;14/03/2023;EF;1335;=;0.1200;mg/L N
NL89_SCHAARVODDL;28/03/2023;EF;1335;=;0.0500;mg/L N
NL89_SCHAARVODDL;13/04/2023;EF;1335;=;0.0470;mg/L N
NL89_SCHAARVODDL;25/04/2023;EF;1335;=;0.1000;mg/L N
NL89_SCHAARVODDL;10/05/2023;EF;1335;=;0.0940;mg/L N
NL89_SCHAARVODDL;06/06/2023;EF;1335;=;0.1700;mg/L N
NL89_SCHAARVODDL;19/06/2023;EF;1335;=;0.2800;mg/L N
NL89_SCHAARVODDL;05/07/2023;EF;1335;=;0.2900;mg/L N
NL89_SCHAARVODDL;18/07/2023;EF;1335;=;0.3100;mg/L N
NL89_SCHAARVODDL;02/08/2023;EF;1335;=;0.2900;mg/L N
NL89_SCHAARVODDL;15/08/2023;EF;1335;=;0.2500;mg/L N
NL89_SCHAARVODDL;31/08/2023;EF;1335;=;0.2300;mg/L N
NL89_SCHAARVODDL;13/09/2023;EF;1335;=;0.2400;mg/L N
NL89_SCHAARVODDL;28/09/2023;EF;1335;=;0.1100;mg/L N
NL89_SCHAARVODDL;10/10/2023;EF;1335;=;0.2500;mg/L N
NL89_SCHAARVODDL;23/10/2023;EF;1335;=;0.2400;mg/L N
NL89_SCHAARVODDL;07/11/2023;EF;1335;=;0.1300;mg/L N
NL89_SCHAARVODDL;21/11/2023;EF;1335;=;0.0990;mg/L N
NL89_SCHAARVODDL;06/12/2023;EF;1335;=;0.1100;mg/L N
NL89_SCHAARVODDL;08/12/2023;EF;1335;=;NV;mg/L N
NL89_SCHAARVODDL;19/12/2023;EF;1335;=;0.1500;mg/L N
NL89_SCHAARVODDL;05/01/2023;EF;1337;=;3700.0000;mg/L
NL89_SCHAARVODDL;17/01/2023;EF;1337;=;2000.0000;mg/L
NL89_SCHAARVODDL;31/01/2023;EF;1337;=;2500.0000;mg/L
NL89_SCHAARVODDL;01/03/2023;EF;1337;=;4500.0000;mg/L
NL89_SCHAARVODDL;14/03/2023;EF;1337;=;2700.0000;mg/L
NL89_SCHAARVODDL;28/03/2023;EF;1337;=;2600.0000;mg/L
NL89_SCHAARVODDL;13/04/2023;EF;1337;=;2400.0000;mg/L
NL89_SCHAARVODDL;25/04/2023;EF;1337;=;3300.0000;mg/L
NL89_SCHAARVODDL;10/05/2023;EF;1337;=;3700.0000;mg/L
NL89_SCHAARVODDL;06/06/2023;EF;1337;=;4400.0000;mg/L
NL89_SCHAARVODDL;19/06/2023;EF;1337;=;6000.0000;mg/L
NL89_SCHAARVODDL;05/07/2023;EF;1337;=;6400.0000;mg/L
NL89_SCHAARVODDL;18/07/2023;EF;1337;=;7100.0000;mg/L
NL89_SCHAARVODDL;02/08/2023;EF;1337;=;6000.0000;mg/L
NL89_SCHAARVODDL;15/08/2023;EF;1337;=;5700.0000;mg/L
NL89_SCHAARVODDL;31/08/2023;EF;1337;=;6300.0000;mg/L
NL89_SCHAARVODDL;13/09/2023;EF;1337;=;6900.0000;mg/L
NL89_SCHAARVODDL;28/09/2023;EF;1337;=;6700.0000;mg/L
NL89_SCHAARVODDL;10/10/2023;EF;1337;=;7200.0000;mg/L
NL89_SCHAARVODDL;23/10/2023;EF;1337;=;7200.0000;mg/L
NL89_SCHAARVODDL;07/11/2023;EF;1337;=;4300.0000;mg/L
NL89_SCHAARVODDL;21/11/2023;EF;1337;=;2100.0000;mg/L
NL89_SCHAARVODDL;06/12/2023;EF;1337;=;1600.0000;mg/L
NL89_SCHAARVODDL;08/12/2023;EF;1337;=;NV;mg/L
NL89_SCHAARVODDL;19/12/2023;EF;1337;=;1600.0000;mg/L
NL89_SCHAARVODDL;05/01/2023;EF;1338;=;570.0000;mg/L
NL89_SCHAARVODDL;17/01/2023;EF;1338;=;330.0000;mg/L
NL89_SCHAARVODDL;31/01/2023;EF;1338;=;430.0000;mg/L
NL89_SCHAARVODDL;01/03/2023;EF;1338;=;730.0000;mg/L
NL89_SCHAARVODDL;14/03/2023;EF;1338;=;460.0000;mg/L
NL89_SCHAARVODDL;28/03/2023;EF;1338;=;480.0000;mg/L
NL89_SCHAARVODDL;13/04/2023;EF;1338;=;420.0000;mg/L
NL89_SCHAARVODDL;25/04/2023;EF;1338;=;560.0000;mg/L
NL89_SCHAARVODDL;10/05/2023;EF;1338;=;560.0000;mg/L
NL89_SCHAARVODDL;06/06/2023;EF;1338;=;670.0000;mg/L
NL89_SCHAARVODDL;19/06/2023;EF;1338;=;870.0000;mg/L
NL89_SCHAARVODDL;05/07/2023;EF;1338;=;870.0000;mg/L
NL89_SCHAARVODDL;18/07/2023;EF;1338;=;990.0000;mg/L
NL89_SCHAARVODDL;02/08/2023;EF;1338;=;940.0000;mg/L
NL89_SCHAARVODDL;15/08/2023;EF;1338;=;860.0000;mg/L
NL89_SCHAARVODDL;31/08/2023;EF;1338;=;870.0000;mg/L
NL89_SCHAARVODDL;13/09/2023;EF;1338;=;970.0000;mg/L
NL89_SCHAARVODDL;28/09/2023;EF;1338;=;970.0000;mg/L
NL89_SCHAARVODDL;10/10/2023;EF;1338;=;920.0000;mg/L
NL89_SCHAARVODDL;23/10/2023;EF;1338;=;960.0000;mg/L
NL89_SCHAARVODDL;07/11/2023;EF;1338;=;630.0000;mg/L
NL89_SCHAARVODDL;21/11/2023;EF;1338;=;270.0000;mg/L
NL89_SCHAARVODDL;06/12/2023;EF;1338;=;260.0000;mg/L
NL89_SCHAARVODDL;08/12/2023;EF;1338;=;NV;mg/L
NL89_SCHAARVODDL;19/12/2023;EF;1338;=;250.0000;mg/L
NL89_SCHAARVODDL;05/01/2023;EF;1339;=;0.0200;mg/L N
NL89_SCHAARVODDL;17/01/2023;EF;1339;=;0.0600;mg/L N
NL89_SCHAARVODDL;31/01/2023;EF;1339;=;0.0900;mg/L N
NL89_SCHAARVODDL;01/03/2023;EF;1339;=;0.0700;mg/L N
NL89_SCHAARVODDL;14/03/2023;EF;1339;=;0.0400;mg/L N
NL89_SCHAARVODDL;28/03/2023;EF;1339;=;0.0600;mg/L N
NL89_SCHAARVODDL;13/04/2023;EF;1339;=;0.0400;mg/L N
NL89_SCHAARVODDL;25/04/2023;EF;1339;=;0.0300;mg/L N
NL89_SCHAARVODDL;10/05/2023;EF;1339;=;0.0200;mg/L N
NL89_SCHAARVODDL;06/06/2023;EF;1339;=;0.0200;mg/L N
NL89_SCHAARVODDL;19/06/2023;EF;1339;=;0.0300;mg/L N
NL89_SCHAARVODDL;05/07/2023;EF;1339;<;0.0100;mg/L N
NL89_SCHAARVODDL;18/07/2023;EF;1339;=;0.0300;mg/L N
NL89_SCHAARVODDL;02/08/2023;EF;1339;=;0.0300;mg/L N
NL89_SCHAARVODDL;15/08/2023;EF;1339;=;0.0500;mg/L N
NL89_SCHAARVODDL;31/08/2023;EF;1339;=;0.0100;mg/L N
NL89_SCHAARVODDL;13/09/2023;EF;1339;=;0.0200;mg/L N
NL89_SCHAARVODDL;28/09/2023;EF;1339;<;0.0100;mg/L N
NL89_SCHAARVODDL;10/10/2023;EF;1339;=;0.0100;mg/L N
NL89_SCHAARVODDL;23/10/2023;EF;1339;<;0.0100;mg/L N
NL89_SCHAARVODDL;07/11/2023;EF;1339;<;0.0100;mg/L N
NL89_SCHAARVODDL;21/11/2023;EF;1339;=;0.0400;mg/L N
NL89_SCHAARVODDL;06/12/2023;EF;1339;=;0.0400;mg/L N
NL89_SCHAARVODDL;08/12/2023;EF;1339;=;NV;mg/L N
NL89_SCHAARVODDL;19/12/2023;EF;1339;=;0.0500;mg/L N
NL89_SCHAARVODDL;05/01/2023;EF;1340;=;1.4000;mg/L N
NL89_SCHAARVODDL;17/01/2023;EF;1340;=;3.3000;mg/L N
NL89_SCHAARVODDL;31/01/2023;EF;1340;=;3.1000;mg/L N
NL89_SCHAARVODDL;01/03/2023;EF;1340;=;1.4000;mg/L N
NL89_SCHAARVODDL;14/03/2023;EF;1340;=;2.7000;mg/L N
NL89_SCHAARVODDL;28/03/2023;EF;1340;=;3.8000;mg/L N
NL89_SCHAARVODDL;13/04/2023;EF;1340;=;4.0000;mg/L N
NL89_SCHAARVODDL;25/04/2023;EF;1340;=;2.1000;mg/L N
NL89_SCHAARVODDL;10/05/2023;EF;1340;=;3.9000;mg/L N
NL89_SCHAARVODDL;06/06/2023;EF;1340;=;1.2000;mg/L N
NL89_SCHAARVODDL;19/06/2023;EF;1340;=;0.5600;mg/L N
NL89_SCHAARVODDL;05/07/2023;EF;1340;=;0.5900;mg/L N
NL89_SCHAARVODDL;18/07/2023;EF;1340;=;0.2800;mg/L N
NL89_SCHAARVODDL;02/08/2023;EF;1340;=;0.4500;mg/L N
NL89_SCHAARVODDL;15/08/2023;EF;1340;=;0.5400;mg/L N
NL89_SCHAARVODDL;31/08/2023;EF;1340;=;0.5100;mg/L N
NL89_SCHAARVODDL;13/09/2023;EF;1340;=;0.3700;mg/L N
NL89_SCHAARVODDL;28/09/2023;EF;1340;=;0.5600;mg/L N
NL89_SCHAARVODDL;10/10/2023;EF;1340;=;0.2900;mg/L N
NL89_SCHAARVODDL;23/10/2023;EF;1340;=;0.2100;mg/L N
NL89_SCHAARVODDL;07/11/2023;EF;1340;=;1.1000;mg/L N
NL89_SCHAARVODDL;21/11/2023;EF;1340;=;2.5000;mg/L N
NL89_SCHAARVODDL;06/12/2023;EF;1340;=;3.5000;mg/L N
NL89_SCHAARVODDL;08/12/2023;EF;1340;=;NV;mg/L N
NL89_SCHAARVODDL;19/12/2023;EF;1340;=;3.4000;mg/L N
NL89_SCHAARVODDL;05/01/2023;EB;1345;=;NV;°f (degré français/Franse graden)
NL89_SCHAARVODDL;17/01/2023;EB;1345;=;NV;°f (degré français/Franse graden)
NL89_SCHAARVODDL;31/01/2023;EB;1345;=;NV;°f (degré français/Franse graden)
NL89_SCHAARVODDL;01/03/2023;EB;1345;=;NV;°f (degré français/Franse graden)
NL89_SCHAARVODDL;14/03/2023;EB;1345;=;NV;°f (degré français/Franse graden)
NL89_SCHAARVODDL;28/03/2023;EB;1345;=;NV;°f (degré français/Franse graden)
NL89_SCHAARVODDL;13/04/2023;EB;1345;=;NV;°f (degré français/Franse graden)
NL89_SCHAARVODDL;25/04/2023;EB;1345;=;NV;°f (degré français/Franse graden)
NL89_SCHAARVODDL;10/05/2023;EB;1345;=;NV;°f (degré français/Franse graden)
NL89_SCHAARVODDL;06/06/2023;EB;1345;=;NV;°f (degré français/Franse graden)
NL89_SCHAARVODDL;19/06/2023;EB;1345;=;NV;°f (degré français/Franse graden)
NL89_SCHAARVODDL;05/07/2023;EB;1345;=;NV;°f (degré français/Franse graden)
NL89_SCHAARVODDL;18/07/2023;EB;1345;=;NV;°f (degré français/Franse graden)
NL89_SCHAARVODDL;02/08/2023;EB;1345;=;NV;°f (degré français/Franse graden)
NL89_SCHAARVODDL;15/08/2023;EB;1345;=;NV;°f (degré français/Franse graden)
NL89_SCHAARVODDL;31/08/2023;EB;1345;=;NV;°f (degré français/Franse graden)
NL89_SCHAARVODDL;13/09/2023;EB;1345;=;NV;°f (degré français/Franse graden)
NL89_SCHAARVODDL;28/09/2023;EB;1345;=;NV;°f (degré français/Franse graden)
NL89_SCHAARVODDL;10/10/2023;EB;1345;=;NV;°f (degré français/Franse graden)
NL89_SCHAARVODDL;23/10/2023;EB;1345;=;NV;°f (degré français/Franse graden)
NL89_SCHAARVODDL;07/11/2023;EB;1345;=;NV;°f (degré français/Franse graden)
NL89_SCHAARVODDL;21/11/2023;EB;1345;=;NV;°f (degré français/Franse graden)
NL89_SCHAARVODDL;06/12/2023;EB;1345;=;NV;°f (degré français/Franse graden)
NL89_SCHAARVODDL;08/12/2023;EB;1345;=;NV;°f (degré français/Franse graden)
NL89_SCHAARVODDL;19/12/2023;EB;1345;=;NV;°f (degré français/Franse graden)
NL89_SCHAARVODDL;05/01/2023;EB;1350;=;0.3150;mg/L
NL89_SCHAARVODDL;17/01/2023;EB;1350;=;0.2950;mg/L
NL89_SCHAARVODDL;31/01/2023;EB;1350;=;0.2630;mg/L
NL89_SCHAARVODDL;01/03/2023;EB;1350;=;0.2190;mg/L
NL89_SCHAARVODDL;14/03/2023;EB;1350;=;0.2440;mg/L
NL89_SCHAARVODDL;28/03/2023;EB;1350;=;0.3200;mg/L
NL89_SCHAARVODDL;13/04/2023;EB;1350;=;0.3060;mg/L
NL89_SCHAARVODDL;25/04/2023;EB;1350;=;0.2350;mg/L
NL89_SCHAARVODDL;10/05/2023;EB;1350;=;0.4810;mg/L
NL89_SCHAARVODDL;06/06/2023;EB;1350;=;0.1870;mg/L
NL89_SCHAARVODDL;19/06/2023;EB;1350;=;0.2350;mg/L
NL89_SCHAARVODDL;05/07/2023;EB;1350;=;0.3430;mg/L
NL89_SCHAARVODDL;18/07/2023;EB;1350;=;0.2090;mg/L
NL89_SCHAARVODDL;02/08/2023;EB;1350;=;0.3600;mg/L
NL89_SCHAARVODDL;15/08/2023;EB;1350;=;0.1930;mg/L
NL89_SCHAARVODDL;31/08/2023;EB;1350;=;0.3060;mg/L
NL89_SCHAARVODDL;13/09/2023;EB;1350;=;0.2180;mg/L
NL89_SCHAARVODDL;28/09/2023;EB;1350;=;0.3550;mg/L
NL89_SCHAARVODDL;10/10/2023;EB;1350;=;0.2300;mg/L
NL89_SCHAARVODDL;23/10/2023;EB;1350;=;0.2740;mg/L
NL89_SCHAARVODDL;07/11/2023;EB;1350;=;0.2710;mg/L
NL89_SCHAARVODDL;21/11/2023;EB;1350;=;0.3580;mg/L
NL89_SCHAARVODDL;06/12/2023;EB;1350;=;0.2790;mg/L
NL89_SCHAARVODDL;08/12/2023;EB;1350;=;NV;mg/L
NL89_SCHAARVODDL;19/12/2023;EB;1350;=;0.6110;mg/L
NL89_SCHAARVODDL;05/01/2023;EF;1361;=;1.2800;µg/L
NL89_SCHAARVODDL;17/01/2023;EF;1361;=;1.1000;µg/L
NL89_SCHAARVODDL;31/01/2023;EF;1361;=;1.2200;µg/L
NL89_SCHAARVODDL;01/03/2023;EF;1361;=;1.5000;µg/L
NL89_SCHAARVODDL;14/03/2023;EF;1361;=;1.2600;µg/L
NL89_SCHAARVODDL;28/03/2023;EF;1361;=;1.3100;µg/L
NL89_SCHAARVODDL;13/04/2023;EF;1361;=;1.2100;µg/L
NL89_SCHAARVODDL;25/04/2023;EF;1361;=;1.3000;µg/L
NL89_SCHAARVODDL;10/05/2023;EF;1361;=;1.4200;µg/L
NL89_SCHAARVODDL;06/06/2023;EF;1361;=;1.4200;µg/L
NL89_SCHAARVODDL;19/06/2023;EF;1361;=;1.6000;µg/L
NL89_SCHAARVODDL;05/07/2023;EF;1361;=;1.6200;µg/L
NL89_SCHAARVODDL;18/07/2023;EF;1361;=;1.5000;µg/L
NL89_SCHAARVODDL;02/08/2023;EF;1361;=;1.3900;µg/L
NL89_SCHAARVODDL;15/08/2023;EF;1361;=;1.5000;µg/L
NL89_SCHAARVODDL;31/08/2023;EF;1361;=;1.0700;µg/L
NL89_SCHAARVODDL;13/09/2023;EF;1361;=;1.4800;µg/L
NL89_SCHAARVODDL;28/09/2023;EF;1361;=;1.6100;µg/L
NL89_SCHAARVODDL;10/10/2023;EF;1361;=;1.6900;µg/L
NL89_SCHAARVODDL;23/10/2023;EF;1361;=;1.5700;µg/L
NL89_SCHAARVODDL;07/11/2023;EF;1361;=;1.1900;µg/L
NL89_SCHAARVODDL;21/11/2023;EF;1361;=;1.0000;µg/L
NL89_SCHAARVODDL;06/12/2023;EF;1361;=;1.0300;µg/L
NL89_SCHAARVODDL;08/12/2023;EF;1361;=;NV;µg/L
NL89_SCHAARVODDL;19/12/2023;EF;1361;=;1.1300;µg/L
NL89_SCHAARVODDL;05/01/2023;EF;1368;<;0.0030;µg/L
NL89_SCHAARVODDL;17/01/2023;EF;1368;<;0.0030;µg/L
NL89_SCHAARVODDL;31/01/2023;EF;1368;<;0.0030;µg/L
NL89_SCHAARVODDL;01/03/2023;EF;1368;<;0.0030;µg/L
NL89_SCHAARVODDL;14/03/2023;EF;1368;<;0.0030;µg/L
NL89_SCHAARVODDL;28/03/2023;EF;1368;=;0.0053;µg/L
NL89_SCHAARVODDL;13/04/2023;EF;1368;<;0.0030;µg/L
NL89_SCHAARVODDL;25/04/2023;EF;1368;<;0.0030;µg/L
NL89_SCHAARVODDL;10/05/2023;EF;1368;<;0.0030;µg/L
NL89_SCHAARVODDL;06/06/2023;EF;1368;<;0.0030;µg/L
NL89_SCHAARVODDL;19/06/2023;EF;1368;<;0.0030;µg/L
NL89_SCHAARVODDL;05/07/2023;EF;1368;<;0.0030;µg/L
NL89_SCHAARVODDL;18/07/2023;EF;1368;<;0.0030;µg/L
NL89_SCHAARVODDL;02/08/2023;EF;1368;<;0.0030;µg/L
NL89_SCHAARVODDL;15/08/2023;EF;1368;<;0.0030;µg/L
NL89_SCHAARVODDL;31/08/2023;EF;1368;<;0.0030;µg/L
NL89_SCHAARVODDL;13/09/2023;EF;1368;<;0.0030;µg/L
NL89_SCHAARVODDL;28/09/2023;EF;1368;<;0.0030;µg/L
NL89_SCHAARVODDL;10/10/2023;EF;1368;<;0.0030;µg/L
NL89_SCHAARVODDL;23/10/2023;EF;1368;<;0.0030;µg/L
NL89_SCHAARVODDL;07/11/2023;EF;1368;<;0.0030;µg/L
NL89_SCHAARVODDL;21/11/2023;EF;1368;<;0.0030;µg/L
NL89_SCHAARVODDL;06/12/2023;EF;1368;<;0.0030;µg/L
NL89_SCHAARVODDL;08/12/2023;EF;1368;=;NV;µg/L
NL89_SCHAARVODDL;19/12/2023;EF;1368;<;0.0030;µg/L
NL89_SCHAARVODDL;05/01/2023;EF;1369;=;2.6800;µg/L
NL89_SCHAARVODDL;17/01/2023;EF;1369;=;2.6000;µg/L
NL89_SCHAARVODDL;31/01/2023;EF;1369;=;2.6400;µg/L
NL89_SCHAARVODDL;01/03/2023;EF;1369;=;2.8400;µg/L
NL89_SCHAARVODDL;14/03/2023;EF;1369;=;2.4500;µg/L
NL89_SCHAARVODDL;28/03/2023;EF;1369;=;2.3600;µg/L
NL89_SCHAARVODDL;13/04/2023;EF;1369;=;2.2400;µg/L
NL89_SCHAARVODDL;25/04/2023;EF;1369;=;2.5100;µg/L
NL89_SCHAARVODDL;10/05/2023;EF;1369;=;2.7300;µg/L
NL89_SCHAARVODDL;06/06/2023;EF;1369;=;2.8600;µg/L
NL89_SCHAARVODDL;19/06/2023;EF;1369;=;3.0600;µg/L
NL89_SCHAARVODDL;05/07/2023;EF;1369;=;3.2400;µg/L
NL89_SCHAARVODDL;18/07/2023;EF;1369;=;3.5000;µg/L
NL89_SCHAARVODDL;02/08/2023;EF;1369;=;3.4900;µg/L
NL89_SCHAARVODDL;15/08/2023;EF;1369;=;3.5100;µg/L
NL89_SCHAARVODDL;31/08/2023;EF;1369;=;2.9300;µg/L
NL89_SCHAARVODDL;13/09/2023;EF;1369;=;3.4100;µg/L
NL89_SCHAARVODDL;28/09/2023;EF;1369;=;3.9000;µg/L
NL89_SCHAARVODDL;10/10/2023;EF;1369;=;4.0800;µg/L
NL89_SCHAARVODDL;23/10/2023;EF;1369;=;3.8600;µg/L
NL89_SCHAARVODDL;07/11/2023;EF;1369;=;3.6200;µg/L
NL89_SCHAARVODDL;21/11/2023;EF;1369;=;2.8600;µg/L
NL89_SCHAARVODDL;06/12/2023;EF;1369;=;2.4700;µg/L
NL89_SCHAARVODDL;08/12/2023;EF;1369;=;NV;µg/L
NL89_SCHAARVODDL;19/12/2023;EF;1369;=;2.3600;µg/L
NL89_SCHAARVODDL;05/01/2023;EF;1379;=;0.2470;µg/L
NL89_SCHAARVODDL;17/01/2023;EF;1379;=;0.3390;µg/L
NL89_SCHAARVODDL;31/01/2023;EF;1379;=;0.4020;µg/L
NL89_SCHAARVODDL;01/03/2023;EF;1379;=;0.4900;µg/L
NL89_SCHAARVODDL;14/03/2023;EF;1379;=;0.3340;µg/L
NL89_SCHAARVODDL;28/03/2023;EF;1379;=;0.3020;µg/L
NL89_SCHAARVODDL;13/04/2023;EF;1379;=;0.2720;µg/L
NL89_SCHAARVODDL;25/04/2023;EF;1379;=;0.2650;µg/L
NL89_SCHAARVODDL;10/05/2023;EF;1379;=;0.3420;µg/L
NL89_SCHAARVODDL;06/06/2023;EF;1379;=;0.3510;µg/L
NL89_SCHAARVODDL;19/06/2023;EF;1379;=;0.2560;µg/L
NL89_SCHAARVODDL;05/07/2023;EF;1379;=;0.1940;µg/L
NL89_SCHAARVODDL;18/07/2023;EF;1379;=;0.2600;µg/L
NL89_SCHAARVODDL;02/08/2023;EF;1379;=;0.2710;µg/L
NL89_SCHAARVODDL;15/08/2023;EF;1379;=;0.2260;µg/L
NL89_SCHAARVODDL;31/08/2023;EF;1379;=;0.1600;µg/L
NL89_SCHAARVODDL;13/09/2023;EF;1379;=;0.1620;µg/L
NL89_SCHAARVODDL;28/09/2023;EF;1379;=;0.1690;µg/L
NL89_SCHAARVODDL;10/10/2023;EF;1379;=;0.3410;µg/L
NL89_SCHAARVODDL;23/10/2023;EF;1379;=;0.1490;µg/L
NL89_SCHAARVODDL;07/11/2023;EF;1379;=;0.3010;µg/L
NL89_SCHAARVODDL;21/11/2023;EF;1379;=;0.6290;µg/L
NL89_SCHAARVODDL;06/12/2023;EF;1379;=;0.3050;µg/L
NL89_SCHAARVODDL;08/12/2023;EF;1379;=;NV;µg/L
NL89_SCHAARVODDL;19/12/2023;EF;1379;=;0.2780;µg/L
NL89_SCHAARVODDL;05/01/2023;EF;1382;=;0.0871;µg/L
NL89_SCHAARVODDL;17/01/2023;EF;1382;=;0.0961;µg/L
NL89_SCHAARVODDL;31/01/2023;EF;1382;=;0.0737;µg/L
NL89_SCHAARVODDL;01/03/2023;EF;1382;=;0.0970;µg/L
NL89_SCHAARVODDL;14/03/2023;EF;1382;=;0.0822;µg/L
NL89_SCHAARVODDL;28/03/2023;EF;1382;=;0.0684;µg/L
NL89_SCHAARVODDL;13/04/2023;EF;1382;=;0.0510;µg/L
NL89_SCHAARVODDL;25/04/2023;EF;1382;=;0.0404;µg/L
NL89_SCHAARVODDL;10/05/2023;EF;1382;=;0.0750;µg/L
NL89_SCHAARVODDL;06/06/2023;EF;1382;=;0.0520;µg/L
NL89_SCHAARVODDL;19/06/2023;EF;1382;=;0.0482;µg/L
NL89_SCHAARVODDL;05/07/2023;EF;1382;=;0.0427;µg/L
NL89_SCHAARVODDL;18/07/2023;EF;1382;=;0.0574;µg/L
NL89_SCHAARVODDL;02/08/2023;EF;1382;=;0.0578;µg/L
NL89_SCHAARVODDL;15/08/2023;EF;1382;=;0.0578;µg/L
NL89_SCHAARVODDL;31/08/2023;EF;1382;=;0.0398;µg/L
NL89_SCHAARVODDL;13/09/2023;EF;1382;=;0.0252;µg/L
NL89_SCHAARVODDL;28/09/2023;EF;1382;=;0.0241;µg/L
NL89_SCHAARVODDL;10/10/2023;EF;1382;=;0.0445;µg/L
NL89_SCHAARVODDL;23/10/2023;EF;1382;=;0.0201;µg/L
NL89_SCHAARVODDL;07/11/2023;EF;1382;=;0.0506;µg/L
NL89_SCHAARVODDL;21/11/2023;EF;1382;=;0.0747;µg/L
NL89_SCHAARVODDL;06/12/2023;EF;1382;=;0.0375;µg/L
NL89_SCHAARVODDL;08/12/2023;EF;1382;=;NV;µg/L
NL89_SCHAARVODDL;19/12/2023;EF;1382;=;0.0468;µg/L
NL89_SCHAARVODDL;05/01/2023;EF;1383;=;11.6000;µg/L
NL89_SCHAARVODDL;17/01/2023;EF;1383;=;9.7300;µg/L
NL89_SCHAARVODDL;31/01/2023;EF;1383;=;8.0500;µg/L
NL89_SCHAARVODDL;01/03/2023;EF;1383;=;7.3200;µg/L
NL89_SCHAARVODDL;14/03/2023;EF;1383;=;9.0000;µg/L
NL89_SCHAARVODDL;28/03/2023;EF;1383;=;7.9500;µg/L
NL89_SCHAARVODDL;13/04/2023;EF;1383;=;7.8100;µg/L
NL89_SCHAARVODDL;25/04/2023;EF;1383;=;6.6600;µg/L
NL89_SCHAARVODDL;10/05/2023;EF;1383;=;6.1800;µg/L
NL89_SCHAARVODDL;06/06/2023;EF;1383;=;4.9400;µg/L
NL89_SCHAARVODDL;19/06/2023;EF;1383;=;5.3400;µg/L
NL89_SCHAARVODDL;05/07/2023;EF;1383;=;5.1400;µg/L
NL89_SCHAARVODDL;18/07/2023;EF;1383;=;5.2500;µg/L
NL89_SCHAARVODDL;02/08/2023;EF;1383;=;5.6500;µg/L
NL89_SCHAARVODDL;15/08/2023;EF;1383;=;6.9900;µg/L
NL89_SCHAARVODDL;31/08/2023;EF;1383;=;4.4200;µg/L
NL89_SCHAARVODDL;13/09/2023;EF;1383;=;7.5400;µg/L
NL89_SCHAARVODDL;28/09/2023;EF;1383;=;5.5700;µg/L
NL89_SCHAARVODDL;10/10/2023;EF;1383;=;7.0200;µg/L
NL89_SCHAARVODDL;23/10/2023;EF;1383;=;6.7000;µg/L
NL89_SCHAARVODDL;07/11/2023;EF;1383;=;5.5700;µg/L
NL89_SCHAARVODDL;21/11/2023;EF;1383;=;6.6200;µg/L
NL89_SCHAARVODDL;06/12/2023;EF;1383;=;7.1600;µg/L
NL89_SCHAARVODDL;08/12/2023;EF;1383;=;NV;µg/L
NL89_SCHAARVODDL;19/12/2023;EF;1383;=;7.3000;µg/L
NL89_SCHAARVODDL;05/01/2023;EF;1385;=;0.5210;µg/L
NL89_SCHAARVODDL;17/01/2023;EF;1385;=;0.7120;µg/L
NL89_SCHAARVODDL;31/01/2023;EF;1385;=;0.6060;µg/L
NL89_SCHAARVODDL;01/03/2023;EF;1385;=;0.6330;µg/L
NL89_SCHAARVODDL;14/03/2023;EF;1385;=;0.5990;µg/L
NL89_SCHAARVODDL;28/03/2023;EF;1385;=;0.5560;µg/L
NL89_SCHAARVODDL;13/04/2023;EF;1385;=;0.5540;µg/L
NL89_SCHAARVODDL;25/04/2023;EF;1385;=;0.5730;µg/L
NL89_SCHAARVODDL;10/05/2023;EF;1385;=;0.5730;µg/L
NL89_SCHAARVODDL;06/06/2023;EF;1385;=;0.5150;µg/L
NL89_SCHAARVODDL;19/06/2023;EF;1385;=;0.4770;µg/L
NL89_SCHAARVODDL;05/07/2023;EF;1385;=;0.4530;µg/L
NL89_SCHAARVODDL;18/07/2023;EF;1385;=;0.4480;µg/L
NL89_SCHAARVODDL;02/08/2023;EF;1385;=;0.4500;µg/L
NL89_SCHAARVODDL;15/08/2023;EF;1385;=;0.4760;µg/L
NL89_SCHAARVODDL;31/08/2023;EF;1385;=;0.3720;µg/L
NL89_SCHAARVODDL;13/09/2023;EF;1385;=;0.4400;µg/L
NL89_SCHAARVODDL;28/09/2023;EF;1385;=;0.4370;µg/L
NL89_SCHAARVODDL;10/10/2023;EF;1385;=;0.4870;µg/L
NL89_SCHAARVODDL;23/10/2023;EF;1385;=;0.4710;µg/L
NL89_SCHAARVODDL;07/11/2023;EF;1385;=;0.4570;µg/L
NL89_SCHAARVODDL;21/11/2023;EF;1385;=;0.5430;µg/L
NL89_SCHAARVODDL;06/12/2023;EF;1385;=;0.5300;µg/L
NL89_SCHAARVODDL;08/12/2023;EF;1385;=;NV;µg/L
NL89_SCHAARVODDL;19/12/2023;EF;1385;=;0.5580;µg/L
NL89_SCHAARVODDL;05/01/2023;EF;1386;=;2.7000;µg/L
NL89_SCHAARVODDL;17/01/2023;EF;1386;=;2.8300;µg/L
NL89_SCHAARVODDL;31/01/2023;EF;1386;=;2.8900;µg/L
NL89_SCHAARVODDL;01/03/2023;EF;1386;=;2.6400;µg/L
NL89_SCHAARVODDL;14/03/2023;EF;1386;=;2.7300;µg/L
NL89_SCHAARVODDL;28/03/2023;EF;1386;=;2.6800;µg/L
NL89_SCHAARVODDL;13/04/2023;EF;1386;=;2.6900;µg/L
NL89_SCHAARVODDL;25/04/2023;EF;1386;=;2.6300;µg/L
NL89_SCHAARVODDL;10/05/2023;EF;1386;=;2.5500;µg/L
NL89_SCHAARVODDL;06/06/2023;EF;1386;=;2.0400;µg/L
NL89_SCHAARVODDL;19/06/2023;EF;1386;=;NV;µg/L
NL89_SCHAARVODDL;05/07/2023;EF;1386;=;2.1500;µg/L
NL89_SCHAARVODDL;18/07/2023;EF;1386;=;2.2500;µg/L
NL89_SCHAARVODDL;02/08/2023;EF;1386;=;2.2900;µg/L
NL89_SCHAARVODDL;15/08/2023;EF;1386;=;2.5000;µg/L
NL89_SCHAARVODDL;31/08/2023;EF;1386;=;1.7000;µg/L
NL89_SCHAARVODDL;13/09/2023;EF;1386;=;2.4300;µg/L
NL89_SCHAARVODDL;28/09/2023;EF;1386;=;2.3400;µg/L
NL89_SCHAARVODDL;10/10/2023;EF;1386;=;2.6200;µg/L
NL89_SCHAARVODDL;23/10/2023;EF;1386;=;2.4600;µg/L
NL89_SCHAARVODDL;07/11/2023;EF;1386;=;2.5200;µg/L
NL89_SCHAARVODDL;21/11/2023;EF;1386;=;2.8600;µg/L
NL89_SCHAARVODDL;06/12/2023;EF;1386;=;2.7800;µg/L
NL89_SCHAARVODDL;08/12/2023;EF;1386;=;NV;µg/L
NL89_SCHAARVODDL;19/12/2023;EF;1386;=;2.8600;µg/L
NL89_SCHAARVODDL;05/01/2023;EF;1387;=;0.0005;µg/L
NL89_SCHAARVODDL;17/01/2023;EF;1387;=;0.0006;µg/L
NL89_SCHAARVODDL;31/01/2023;EF;1387;=;0.0007;µg/L
NL89_SCHAARVODDL;01/03/2023;EF;1387;=;0.0006;µg/L
NL89_SCHAARVODDL;14/03/2023;EF;1387;=;0.0005;µg/L
NL89_SCHAARVODDL;28/03/2023;EF;1387;=;0.0007;µg/L
NL89_SCHAARVODDL;13/04/2023;EF;1387;=;0.0006;µg/L
NL89_SCHAARVODDL;25/04/2023;EF;1387;=;0.0005;µg/L
NL89_SCHAARVODDL;10/05/2023;EF;1387;=;0.0004;µg/L
NL89_SCHAARVODDL;06/06/2023;EF;1387;=;0.0004;µg/L
NL89_SCHAARVODDL;19/06/2023;EF;1387;=;0.0004;µg/L
NL89_SCHAARVODDL;05/07/2023;EF;1387;=;0.0003;µg/L
NL89_SCHAARVODDL;18/07/2023;EF;1387;=;0.0003;µg/L
NL89_SCHAARVODDL;02/08/2023;EF;1387;=;0.0003;µg/L
NL89_SCHAARVODDL;15/08/2023;EF;1387;=;0.0003;µg/L
NL89_SCHAARVODDL;31/08/2023;EF;1387;=;0.0002;µg/L
NL89_SCHAARVODDL;13/09/2023;EF;1387;=;0.0003;µg/L
NL89_SCHAARVODDL;28/09/2023;EF;1387;=;0.0003;µg/L
NL89_SCHAARVODDL;10/10/2023;EF;1387;=;0.0002;µg/L
NL89_SCHAARVODDL;23/10/2023;EF;1387;=;0.0006;µg/L
NL89_SCHAARVODDL;07/11/2023;EF;1387;=;0.0004;µg/L
NL89_SCHAARVODDL;21/11/2023;EF;1387;=;0.0007;µg/L
NL89_SCHAARVODDL;06/12/2023;EF;1387;=;0.0007;µg/L
NL89_SCHAARVODDL;08/12/2023;EF;1387;=;NV;µg/L
NL89_SCHAARVODDL;19/12/2023;EF;1387;=;0.0007;µg/L
NL89_SCHAARVODDL;05/01/2023;EF;1388;=;0.0949;µg/L
NL89_SCHAARVODDL;17/01/2023;EF;1388;=;0.0564;µg/L
NL89_SCHAARVODDL;31/01/2023;EF;1388;=;0.0484;µg/L
NL89_SCHAARVODDL;01/03/2023;EF;1388;=;0.0552;µg/L
NL89_SCHAARVODDL;14/03/2023;EF;1388;=;0.0621;µg/L
NL89_SCHAARVODDL;28/03/2023;EF;1388;=;0.0592;µg/L
NL89_SCHAARVODDL;13/04/2023;EF;1388;=;0.0536;µg/L
NL89_SCHAARVODDL;25/04/2023;EF;1388;=;0.0530;µg/L
NL89_SCHAARVODDL;10/05/2023;EF;1388;=;0.0558;µg/L
NL89_SCHAARVODDL;06/06/2023;EF;1388;=;0.0714;µg/L
NL89_SCHAARVODDL;19/06/2023;EF;1388;=;0.0965;µg/L
NL89_SCHAARVODDL;05/07/2023;EF;1388;=;0.1170;µg/L
NL89_SCHAARVODDL;18/07/2023;EF;1388;=;0.1010;µg/L
NL89_SCHAARVODDL;02/08/2023;EF;1388;=;0.0968;µg/L
NL89_SCHAARVODDL;15/08/2023;EF;1388;=;0.0934;µg/L
NL89_SCHAARVODDL;31/08/2023;EF;1388;=;0.1280;µg/L
NL89_SCHAARVODDL;13/09/2023;EF;1388;=;0.1680;µg/L
NL89_SCHAARVODDL;28/09/2023;EF;1388;=;0.1670;µg/L
NL89_SCHAARVODDL;10/10/2023;EF;1388;=;0.1100;µg/L
NL89_SCHAARVODDL;23/10/2023;EF;1388;=;0.1780;µg/L
NL89_SCHAARVODDL;07/11/2023;EF;1388;=;0.0675;µg/L
NL89_SCHAARVODDL;21/11/2023;EF;1388;=;0.0350;µg/L
NL89_SCHAARVODDL;06/12/2023;EF;1388;=;0.0385;µg/L
NL89_SCHAARVODDL;08/12/2023;EF;1388;=;NV;µg/L
NL89_SCHAARVODDL;19/12/2023;EF;1388;=;0.0489;µg/L
NL89_SCHAARVODDL;05/01/2023;EF;1392;=;3.1100;µg/L
NL89_SCHAARVODDL;17/01/2023;EF;1392;=;3.3300;µg/L
NL89_SCHAARVODDL;31/01/2023;EF;1392;=;3.2600;µg/L
NL89_SCHAARVODDL;01/03/2023;EF;1392;=;2.7800;µg/L
NL89_SCHAARVODDL;14/03/2023;EF;1392;=;3.0200;µg/L
NL89_SCHAARVODDL;28/03/2023;EF;1392;=;3.1900;µg/L
NL89_SCHAARVODDL;13/04/2023;EF;1392;=;3.4000;µg/L
NL89_SCHAARVODDL;25/04/2023;EF;1392;=;3.3600;µg/L
NL89_SCHAARVODDL;10/05/2023;EF;1392;=;2.5300;µg/L
NL89_SCHAARVODDL;06/06/2023;EF;1392;=;3.1500;µg/L
NL89_SCHAARVODDL;19/06/2023;EF;1392;=;3.3100;µg/L
NL89_SCHAARVODDL;05/07/2023;EF;1392;=;3.3000;µg/L
NL89_SCHAARVODDL;18/07/2023;EF;1392;=;3.0500;µg/L
NL89_SCHAARVODDL;02/08/2023;EF;1392;=;3.1700;µg/L
NL89_SCHAARVODDL;15/08/2023;EF;1392;=;3.1800;µg/L
NL89_SCHAARVODDL;31/08/2023;EF;1392;=;2.4000;µg/L
NL89_SCHAARVODDL;13/09/2023;EF;1392;=;3.3700;µg/L
NL89_SCHAARVODDL;28/09/2023;EF;1392;=;3.1300;µg/L
NL89_SCHAARVODDL;10/10/2023;EF;1392;=;2.8500;µg/L
NL89_SCHAARVODDL;23/10/2023;EF;1392;=;3.0400;µg/L
NL89_SCHAARVODDL;07/11/2023;EF;1392;=;2.8100;µg/L
NL89_SCHAARVODDL;21/11/2023;EF;1392;=;3.0100;µg/L
NL89_SCHAARVODDL;06/12/2023;EF;1392;=;4.0800;µg/L
NL89_SCHAARVODDL;08/12/2023;EF;1392;=;NV;µg/L
NL89_SCHAARVODDL;19/12/2023;EF;1392;=;3.5800;µg/L
NL89_SCHAARVODDL;05/01/2023;EF;1433;=;0.1500;mg/L P
NL89_SCHAARVODDL;17/01/2023;EF;1433;=;0.1800;mg/L P
NL89_SCHAARVODDL;31/01/2023;EF;1433;=;0.1300;mg/L P
NL89_SCHAARVODDL;01/03/2023;EF;1433;=;0.1000;mg/L P
NL89_SCHAARVODDL;14/03/2023;EF;1433;=;0.1100;mg/L P
NL89_SCHAARVODDL;28/03/2023;EF;1433;=;0.1000;mg/L P
NL89_SCHAARVODDL;13/04/2023;EF;1433;=;0.1100;mg/L P
NL89_SCHAARVODDL;25/04/2023;EF;1433;=;0.1200;mg/L P
NL89_SCHAARVODDL;10/05/2023;EF;1433;=;0.1100;mg/L P
NL89_SCHAARVODDL;06/06/2023;EF;1433;=;0.1200;mg/L P
NL89_SCHAARVODDL;19/06/2023;EF;1433;=;0.1200;mg/L P
NL89_SCHAARVODDL;05/07/2023;EF;1433;=;0.1300;mg/L P
NL89_SCHAARVODDL;18/07/2023;EF;1433;=;0.1200;mg/L P
NL89_SCHAARVODDL;02/08/2023;EF;1433;=;0.1300;mg/L P
NL89_SCHAARVODDL;15/08/2023;EF;1433;=;0.1100;mg/L P
NL89_SCHAARVODDL;31/08/2023;EF;1433;=;0.1500;mg/L P
NL89_SCHAARVODDL;13/09/2023;EF;1433;=;0.1400;mg/L P
NL89_SCHAARVODDL;28/09/2023;EF;1433;<;0.0100;mg/L P
NL89_SCHAARVODDL;10/10/2023;EF;1433;=;0.1200;mg/L P
NL89_SCHAARVODDL;23/10/2023;EF;1433;=;0.1400;mg/L P
NL89_SCHAARVODDL;07/11/2023;EF;1433;=;0.1500;mg/L P
NL89_SCHAARVODDL;21/11/2023;EF;1433;=;0.1300;mg/L P
NL89_SCHAARVODDL;06/12/2023;EF;1433;=;0.1500;mg/L P
NL89_SCHAARVODDL;08/12/2023;EF;1433;=;NV;mg/L P
NL89_SCHAARVODDL;19/12/2023;EF;1433;=;0.1300;mg/L P
NL89_SCHAARVODDL;17/01/2023;EB;1458;<;0.0030;µg/L
NL89_SCHAARVODDL;01/03/2023;EB;1458;=;0.0047;µg/L
NL89_SCHAARVODDL;14/03/2023;EB;1458;=;0.0059;µg/L
NL89_SCHAARVODDL;13/04/2023;EB;1458;=;0.0065;µg/L
NL89_SCHAARVODDL;10/05/2023;EB;1458;=;0.0195;µg/L
NL89_SCHAARVODDL;06/06/2023;EB;1458;<;0.0030;µg/L
NL89_SCHAARVODDL;05/07/2023;EB;1458;=;0.0073;µg/L
NL89_SCHAARVODDL;02/08/2023;EB;1458;=;0.0067;µg/L
NL89_SCHAARVODDL;31/08/2023;EB;1458;=;0.0038;µg/L
NL89_SCHAARVODDL;28/09/2023;EB;1458;<;0.0030;µg/L
NL89_SCHAARVODDL;23/10/2023;EB;1458;<;0.0030;µg/L
NL89_SCHAARVODDL;21/11/2023;EB;1458;=;0.0046;µg/L
NL89_SCHAARVODDL;19/12/2023;EB;1458;=;0.0051;µg/L
NL89_SCHAARVODDL;17/01/2023;EB;1464;<;0.0003;µg/L
NL89_SCHAARVODDL;01/03/2023;EB;1464;<;0.0003;µg/L
NL89_SCHAARVODDL;14/03/2023;EB;1464;<;0.0003;µg/L
NL89_SCHAARVODDL;13/04/2023;EB;1464;<;0.0003;µg/L
NL89_SCHAARVODDL;10/05/2023;EB;1464;<;0.0003;µg/L
NL89_SCHAARVODDL;06/06/2023;EB;1464;<;0.0003;µg/L
NL89_SCHAARVODDL;05/07/2023;EB;1464;<;0.0003;µg/L
NL89_SCHAARVODDL;02/08/2023;EB;1464;<;0.0003;µg/L
NL89_SCHAARVODDL;31/08/2023;EB;1464;<;0.0003;µg/L
NL89_SCHAARVODDL;28/09/2023;EB;1464;<;0.0003;µg/L
NL89_SCHAARVODDL;23/10/2023;EB;1464;<;0.0003;µg/L
NL89_SCHAARVODDL;21/11/2023;EB;1464;<;0.0003;µg/L
NL89_SCHAARVODDL;19/12/2023;EB;1464;<;0.0003;µg/L
NL89_SCHAARVODDL;17/01/2023;EB;1517;=;0.0339;µg/L
NL89_SCHAARVODDL;01/03/2023;EB;1517;=;0.0302;µg/L
NL89_SCHAARVODDL;14/03/2023;EB;1517;=;0.0391;µg/L
NL89_SCHAARVODDL;13/04/2023;EB;1517;=;0.0330;µg/L
NL89_SCHAARVODDL;10/05/2023;EB;1517;<;0.0200;µg/L
NL89_SCHAARVODDL;06/06/2023;EB;1517;<;0.0200;µg/L
NL89_SCHAARVODDL;05/07/2023;EB;1517;=;0.0222;µg/L
NL89_SCHAARVODDL;02/08/2023;EB;1517;<;0.0200;µg/L
NL89_SCHAARVODDL;31/08/2023;EB;1517;<;0.0200;µg/L
NL89_SCHAARVODDL;28/09/2023;EB;1517;<;0.0200;µg/L
NL89_SCHAARVODDL;23/10/2023;EB;1517;<;0.0200;µg/L
NL89_SCHAARVODDL;21/11/2023;EB;1517;<;0.0200;µg/L
NL89_SCHAARVODDL;19/12/2023;EB;1517;<;0.0200;µg/L
NL89_SCHAARVODDL;05/01/2023;EB;1551;=;4.0000;mg/L
NL89_SCHAARVODDL;17/01/2023;EB;1551;=;4.8000;mg/L
NL89_SCHAARVODDL;31/01/2023;EB;1551;=;4.8000;mg/L
NL89_SCHAARVODDL;01/03/2023;EB;1551;=;2.2000;mg/L
NL89_SCHAARVODDL;14/03/2023;EB;1551;=;4.5000;mg/L
NL89_SCHAARVODDL;28/03/2023;EB;1551;=;4.8000;mg/L
NL89_SCHAARVODDL;13/04/2023;EB;1551;=;4.3000;mg/L
NL89_SCHAARVODDL;25/04/2023;EB;1551;=;4.0000;mg/L
NL89_SCHAARVODDL;10/05/2023;EB;1551;=;4.5000;mg/L
NL89_SCHAARVODDL;06/06/2023;EB;1551;=;3.5000;mg/L
NL89_SCHAARVODDL;19/06/2023;EB;1551;=;3.1000;mg/L
NL89_SCHAARVODDL;05/07/2023;EB;1551;=;2.8000;mg/L
NL89_SCHAARVODDL;18/07/2023;EB;1551;=;2.3000;mg/L
NL89_SCHAARVODDL;02/08/2023;EB;1551;=;2.4000;mg/L
NL89_SCHAARVODDL;15/08/2023;EB;1551;=;2.3000;mg/L
NL89_SCHAARVODDL;31/08/2023;EB;1551;=;2.2000;mg/L
NL89_SCHAARVODDL;13/09/2023;EB;1551;=;2.2000;mg/L
NL89_SCHAARVODDL;28/09/2023;EB;1551;=;2.3000;mg/L
NL89_SCHAARVODDL;10/10/2023;EB;1551;=;2.4000;mg/L
NL89_SCHAARVODDL;23/10/2023;EB;1551;=;2.2000;mg/L
NL89_SCHAARVODDL;07/11/2023;EB;1551;=;2.8000;mg/L
NL89_SCHAARVODDL;21/11/2023;EB;1551;=;3.9000;mg/L
NL89_SCHAARVODDL;06/12/2023;EB;1551;=;4.3000;mg/L
NL89_SCHAARVODDL;08/12/2023;EB;1551;=;NV;mg/L
NL89_SCHAARVODDL;19/12/2023;EB;1551;=;4.4000;mg/L
NL89_SCHAARVODDL;17/01/2023;EB;1629;<;0.0500;µg/L
NL89_SCHAARVODDL;01/03/2023;EB;1629;<;0.0500;µg/L
NL89_SCHAARVODDL;14/03/2023;EB;1629;<;0.0500;µg/L
NL89_SCHAARVODDL;13/04/2023;EB;1629;<;0.0500;µg/L
NL89_SCHAARVODDL;10/05/2023;EB;1629;<;0.0500;µg/L
NL89_SCHAARVODDL;06/06/2023;EB;1629;<;0.0500;µg/L
NL89_SCHAARVODDL;05/07/2023;EB;1629;<;0.0500;µg/L
NL89_SCHAARVODDL;02/08/2023;EB;1629;<;0.0500;µg/L
NL89_SCHAARVODDL;31/08/2023;EB;1629;<;0.0500;µg/L
NL89_SCHAARVODDL;28/09/2023;EB;1629;<;0.0500;µg/L
NL89_SCHAARVODDL;23/10/2023;EB;1629;<;0.0500;µg/L
NL89_SCHAARVODDL;21/11/2023;EB;1629;<;0.0500;µg/L
NL89_SCHAARVODDL;19/12/2023;EB;1629;<;0.0500;µg/L
NL89_SCHAARVODDL;17/01/2023;EB;1630;<;0.0100;µg/L
NL89_SCHAARVODDL;01/03/2023;EB;1630;<;0.0100;µg/L
NL89_SCHAARVODDL;14/03/2023;EB;1630;<;0.0100;µg/L
NL89_SCHAARVODDL;13/04/2023;EB;1630;<;0.0100;µg/L
NL89_SCHAARVODDL;10/05/2023;EB;1630;<;0.0100;µg/L
NL89_SCHAARVODDL;06/06/2023;EB;1630;<;0.0100;µg/L
NL89_SCHAARVODDL;05/07/2023;EB;1630;<;0.0100;µg/L
NL89_SCHAARVODDL;02/08/2023;EB;1630;<;0.0100;µg/L
NL89_SCHAARVODDL;31/08/2023;EB;1630;<;0.0100;µg/L
NL89_SCHAARVODDL;28/09/2023;EB;1630;<;0.0100;µg/L
NL89_SCHAARVODDL;23/10/2023;EB;1630;<;0.0100;µg/L
NL89_SCHAARVODDL;21/11/2023;EB;1630;<;0.0100;µg/L
NL89_SCHAARVODDL;19/12/2023;EB;1630;<;0.0100;µg/L
NL89_SCHAARVODDL;17/01/2023;EB;1652;<;0.0005;µg/L
NL89_SCHAARVODDL;01/03/2023;EB;1652;<;0.0005;µg/L
NL89_SCHAARVODDL;14/03/2023;EB;1652;<;0.0005;µg/L
NL89_SCHAARVODDL;13/04/2023;EB;1652;<;0.0005;µg/L
NL89_SCHAARVODDL;10/05/2023;EB;1652;=;0.0006;µg/L
NL89_SCHAARVODDL;06/06/2023;EB;1652;<;0.0005;µg/L
NL89_SCHAARVODDL;05/07/2023;EB;1652;<;0.0005;µg/L
NL89_SCHAARVODDL;02/08/2023;EB;1652;<;0.0005;µg/L
NL89_SCHAARVODDL;31/08/2023;EB;1652;<;0.0005;µg/L
NL89_SCHAARVODDL;28/09/2023;EB;1652;<;0.0005;µg/L
NL89_SCHAARVODDL;23/10/2023;EB;1652;<;0.0005;µg/L
NL89_SCHAARVODDL;21/11/2023;EB;1652;<;0.0005;µg/L
NL89_SCHAARVODDL;19/12/2023;EB;1652;<;0.0005;µg/L
NL89_SCHAARVODDL;17/01/2023;EB;1688;<;0.0010;µg/L
NL89_SCHAARVODDL;01/03/2023;EB;1688;<;0.0010;µg/L
NL89_SCHAARVODDL;14/03/2023;EB;1688;<;0.0010;µg/L
NL89_SCHAARVODDL;13/04/2023;EB;1688;<;0.0010;µg/L
NL89_SCHAARVODDL;10/05/2023;EB;1688;<;0.0010;µg/L
NL89_SCHAARVODDL;06/06/2023;EB;1688;<;0.0010;µg/L
NL89_SCHAARVODDL;05/07/2023;EB;1688;<;0.0010;µg/L
NL89_SCHAARVODDL;02/08/2023;EB;1688;<;0.0010;µg/L
NL89_SCHAARVODDL;31/08/2023;EB;1688;<;0.0010;µg/L
NL89_SCHAARVODDL;28/09/2023;EB;1688;<;0.0010;µg/L
NL89_SCHAARVODDL;23/10/2023;EB;1688;<;0.0010;µg/L
NL89_SCHAARVODDL;21/11/2023;EB;1688;<;0.0010;µg/L
NL89_SCHAARVODDL;19/12/2023;EB;1688;<;0.0010;µg/L
NL89_SCHAARVODDL;17/01/2023;EB;1877;=;0.0044;µg/L
NL89_SCHAARVODDL;01/03/2023;EB;1877;=;0.0025;µg/L
NL89_SCHAARVODDL;14/03/2023;EB;1877;=;0.0040;µg/L
NL89_SCHAARVODDL;13/04/2023;EB;1877;=;0.0034;µg/L
NL89_SCHAARVODDL;10/05/2023;EB;1877;=;0.0028;µg/L
NL89_SCHAARVODDL;06/06/2023;EB;1877;=;0.0032;µg/L
NL89_SCHAARVODDL;05/07/2023;EB;1877;=;0.0024;µg/L
NL89_SCHAARVODDL;02/08/2023;EB;1877;=;0.0029;µg/L
NL89_SCHAARVODDL;31/08/2023;EB;1877;=;0.0049;µg/L
NL89_SCHAARVODDL;28/09/2023;EB;1877;=;0.0026;µg/L
NL89_SCHAARVODDL;23/10/2023;EB;1877;=;0.0023;µg/L
NL89_SCHAARVODDL;21/11/2023;EB;1877;=;0.0038;µg/L
NL89_SCHAARVODDL;19/12/2023;EB;1877;=;0.0031;µg/L
NL89_SCHAARVODDL;17/01/2023;EB;1888;=;0.0000;µg/L
NL89_SCHAARVODDL;01/03/2023;EB;1888;<;0.0000;µg/L
NL89_SCHAARVODDL;14/03/2023;EB;1888;<;0.0000;µg/L
NL89_SCHAARVODDL;13/04/2023;EB;1888;=;0.0000;µg/L
NL89_SCHAARVODDL;10/05/2023;EB;1888;=;0.0000;µg/L
NL89_SCHAARVODDL;06/06/2023;EB;1888;<;0.0000;µg/L
NL89_SCHAARVODDL;05/07/2023;EB;1888;=;0.0000;µg/L
NL89_SCHAARVODDL;02/08/2023;EB;1888;=;0.0000;µg/L
NL89_SCHAARVODDL;31/08/2023;EB;1888;=;0.0000;µg/L
NL89_SCHAARVODDL;28/09/2023;EB;1888;=;0.0000;µg/L
NL89_SCHAARVODDL;23/10/2023;EB;1888;<;0.0000;µg/L
NL89_SCHAARVODDL;21/11/2023;EB;1888;=;0.0000;µg/L
NL89_SCHAARVODDL;19/12/2023;EB;1888;=;0.0000;µg/L
NL89_SCHAARVODDL;17/01/2023;EB;1935;=;0.0002;µg/L
NL89_SCHAARVODDL;01/03/2023;EB;1935;=;0.0002;µg/L
NL89_SCHAARVODDL;14/03/2023;EB;1935;=;0.0002;µg/L
NL89_SCHAARVODDL;13/04/2023;EB;1935;=;0.0002;µg/L
NL89_SCHAARVODDL;10/05/2023;EB;1935;=;0.0002;µg/L
NL89_SCHAARVODDL;06/06/2023;EB;1935;=;0.0002;µg/L
NL89_SCHAARVODDL;05/07/2023;EB;1935;=;0.0002;µg/L
NL89_SCHAARVODDL;02/08/2023;EB;1935;=;0.0002;µg/L
NL89_SCHAARVODDL;31/08/2023;EB;1935;=;0.0002;µg/L
NL89_SCHAARVODDL;28/09/2023;EB;1935;=;0.0002;µg/L
NL89_SCHAARVODDL;23/10/2023;EB;1935;=;0.0002;µg/L
NL89_SCHAARVODDL;21/11/2023;EB;1935;=;0.0002;µg/L
NL89_SCHAARVODDL;19/12/2023;EB;1935;=;0.0001;µg/L
NL89_SCHAARVODDL;17/01/2023;EB;1959;<;0.0030;µg/L
NL89_SCHAARVODDL;01/03/2023;EB;1959;<;0.0030;µg/L
NL89_SCHAARVODDL;14/03/2023;EB;1959;<;0.0030;µg/L
NL89_SCHAARVODDL;13/04/2023;EB;1959;<;0.0030;µg/L
NL89_SCHAARVODDL;10/05/2023;EB;1959;=;0.0046;µg/L
NL89_SCHAARVODDL;06/06/2023;EB;1959;<;0.0030;µg/L
NL89_SCHAARVODDL;05/07/2023;EB;1959;<;0.0030;µg/L
NL89_SCHAARVODDL;02/08/2023;EB;1959;<;0.0030;µg/L
NL89_SCHAARVODDL;31/08/2023;EB;1959;<;0.0030;µg/L
NL89_SCHAARVODDL;28/09/2023;EB;1959;<;0.0030;µg/L
NL89_SCHAARVODDL;23/10/2023;EB;1959;<;0.0030;µg/L
NL89_SCHAARVODDL;21/11/2023;EB;1959;=;0.0033;µg/L
NL89_SCHAARVODDL;19/12/2023;EB;1959;=;0.0058;µg/L
NL89_SCHAARVODDL;17/01/2023;EB;2028;<;0.0001;µg/L
NL89_SCHAARVODDL;01/03/2023;EB;2028;<;0.0001;µg/L
NL89_SCHAARVODDL;14/03/2023;EB;2028;<;0.0001;µg/L
NL89_SCHAARVODDL;13/04/2023;EB;2028;<;0.0001;µg/L
NL89_SCHAARVODDL;10/05/2023;EB;2028;<;0.0001;µg/L
NL89_SCHAARVODDL;06/06/2023;EB;2028;<;0.0001;µg/L
NL89_SCHAARVODDL;05/07/2023;EB;2028;<;0.0001;µg/L
NL89_SCHAARVODDL;02/08/2023;EB;2028;<;0.0001;µg/L
NL89_SCHAARVODDL;31/08/2023;EB;2028;<;0.0001;µg/L
NL89_SCHAARVODDL;28/09/2023;EB;2028;<;0.0001;µg/L
NL89_SCHAARVODDL;23/10/2023;EB;2028;<;0.0001;µg/L
NL89_SCHAARVODDL;21/11/2023;EB;2028;<;0.0001;µg/L
NL89_SCHAARVODDL;19/12/2023;EB;2028;<;0.0001;µg/L
NL89_SCHAARVODDL;17/01/2023;EB;2879;=;0.0014;µg/L
NL89_SCHAARVODDL;01/03/2023;EB;2879;=;0.0019;µg/L
NL89_SCHAARVODDL;14/03/2023;EB;2879;=;0.0023;µg/L
NL89_SCHAARVODDL;13/04/2023;EB;2879;=;0.0022;µg/L
NL89_SCHAARVODDL;10/05/2023;EB;2879;=;0.0041;µg/L
NL89_SCHAARVODDL;06/06/2023;EB;2879;=;0.0010;µg/L
NL89_SCHAARVODDL;05/07/2023;EB;2879;=;0.0023;µg/L
NL89_SCHAARVODDL;02/08/2023;EB;2879;=;0.0019;µg/L
NL89_SCHAARVODDL;31/08/2023;EB;2879;=;0.0014;µg/L
NL89_SCHAARVODDL;28/09/2023;EB;2879;=;0.0011;µg/L
NL89_SCHAARVODDL;23/10/2023;EB;2879;=;0.0008;µg/L
NL89_SCHAARVODDL;21/11/2023;EB;2879;=;0.0019;µg/L
NL89_SCHAARVODDL;19/12/2023;EB;2879;=;0.0023;µg/L
NL89_SCHAARVODDL;17/01/2023;EB;2911;<;0.0005;µg/L
NL89_SCHAARVODDL;01/03/2023;EB;2911;<;0.0005;µg/L
NL89_SCHAARVODDL;14/03/2023;EB;2911;<;0.0005;µg/L
NL89_SCHAARVODDL;13/04/2023;EB;2911;<;0.0005;µg/L
NL89_SCHAARVODDL;10/05/2023;EB;2911;<;0.0005;µg/L
NL89_SCHAARVODDL;06/06/2023;EB;2911;<;0.0005;µg/L
NL89_SCHAARVODDL;05/07/2023;EB;2911;<;0.0005;µg/L
NL89_SCHAARVODDL;02/08/2023;EB;2911;<;0.0005;µg/L
NL89_SCHAARVODDL;31/08/2023;EB;2911;<;0.0005;µg/L
NL89_SCHAARVODDL;28/09/2023;EB;2911;<;0.0005;µg/L
NL89_SCHAARVODDL;23/10/2023;EB;2911;<;0.0005;µg/L
NL89_SCHAARVODDL;21/11/2023;EB;2911;<;0.0005;µg/L
NL89_SCHAARVODDL;19/12/2023;EB;2911;<;0.0005;µg/L
NL89_SCHAARVODDL;17/01/2023;EB;2912;<;0.0005;µg/L
NL89_SCHAARVODDL;01/03/2023;EB;2912;<;0.0005;µg/L
NL89_SCHAARVODDL;14/03/2023;EB;2912;<;0.0005;µg/L
NL89_SCHAARVODDL;13/04/2023;EB;2912;<;0.0005;µg/L
NL89_SCHAARVODDL;10/05/2023;EB;2912;<;0.0005;µg/L
NL89_SCHAARVODDL;06/06/2023;EB;2912;<;0.0005;µg/L
NL89_SCHAARVODDL;05/07/2023;EB;2912;<;0.0005;µg/L
NL89_SCHAARVODDL;02/08/2023;EB;2912;<;0.0005;µg/L
NL89_SCHAARVODDL;31/08/2023;EB;2912;<;0.0005;µg/L
NL89_SCHAARVODDL;28/09/2023;EB;2912;<;0.0005;µg/L
NL89_SCHAARVODDL;23/10/2023;EB;2912;<;0.0005;µg/L
NL89_SCHAARVODDL;21/11/2023;EB;2912;<;0.0005;µg/L
NL89_SCHAARVODDL;19/12/2023;EB;2912;<;0.0005;µg/L
NL89_SCHAARVODDL;17/01/2023;EB;2915;<;0.0005;µg/L
NL89_SCHAARVODDL;01/03/2023;EB;2915;<;0.0005;µg/L
NL89_SCHAARVODDL;14/03/2023;EB;2915;<;0.0005;µg/L
NL89_SCHAARVODDL;13/04/2023;EB;2915;<;0.0005;µg/L
NL89_SCHAARVODDL;10/05/2023;EB;2915;<;0.0005;µg/L
NL89_SCHAARVODDL;06/06/2023;EB;2915;<;0.0005;µg/L
NL89_SCHAARVODDL;05/07/2023;EB;2915;<;0.0005;µg/L
NL89_SCHAARVODDL;02/08/2023;EB;2915;<;0.0005;µg/L
NL89_SCHAARVODDL;31/08/2023;EB;2915;<;0.0005;µg/L
NL89_SCHAARVODDL;28/09/2023;EB;2915;<;0.0005;µg/L
NL89_SCHAARVODDL;23/10/2023;EB;2915;<;0.0005;µg/L
NL89_SCHAARVODDL;21/11/2023;EB;2915;<;0.0005;µg/L
NL89_SCHAARVODDL;19/12/2023;EB;2915;<;0.0005;µg/L
NL89_SCHAARVODDL;17/01/2023;EB;2916;<;0.0005;µg/L
NL89_SCHAARVODDL;01/03/2023;EB;2916;<;0.0005;µg/L
NL89_SCHAARVODDL;14/03/2023;EB;2916;<;0.0005;µg/L
NL89_SCHAARVODDL;13/04/2023;EB;2916;<;0.0005;µg/L
NL89_SCHAARVODDL;10/05/2023;EB;2916;<;0.0005;µg/L
NL89_SCHAARVODDL;06/06/2023;EB;2916;<;0.0005;µg/L
NL89_SCHAARVODDL;05/07/2023;EB;2916;<;0.0005;µg/L
NL89_SCHAARVODDL;02/08/2023;EB;2916;<;0.0005;µg/L
NL89_SCHAARVODDL;31/08/2023;EB;2916;<;0.0005;µg/L
NL89_SCHAARVODDL;28/09/2023;EB;2916;<;0.0005;µg/L
NL89_SCHAARVODDL;23/10/2023;EB;2916;<;0.0005;µg/L
NL89_SCHAARVODDL;21/11/2023;EB;2916;<;0.0005;µg/L
NL89_SCHAARVODDL;19/12/2023;EB;2916;<;0.0005;µg/L
NL89_SCHAARVODDL;17/01/2023;EB;2919;<;0.0005;µg/L
NL89_SCHAARVODDL;01/03/2023;EB;2919;<;0.0005;µg/L
NL89_SCHAARVODDL;14/03/2023;EB;2919;<;0.0005;µg/L
NL89_SCHAARVODDL;13/04/2023;EB;2919;<;0.0005;µg/L
NL89_SCHAARVODDL;10/05/2023;EB;2919;<;0.0005;µg/L
NL89_SCHAARVODDL;06/06/2023;EB;2919;<;0.0005;µg/L
NL89_SCHAARVODDL;05/07/2023;EB;2919;<;0.0005;µg/L
NL89_SCHAARVODDL;02/08/2023;EB;2919;=;0.0009;µg/L
NL89_SCHAARVODDL;31/08/2023;EB;2919;<;0.0005;µg/L
NL89_SCHAARVODDL;28/09/2023;EB;2919;<;0.0005;µg/L
NL89_SCHAARVODDL;23/10/2023;EB;2919;<;0.0005;µg/L
NL89_SCHAARVODDL;21/11/2023;EB;2919;<;0.0005;µg/L
NL89_SCHAARVODDL;19/12/2023;EB;2919;<;0.0005;µg/L
NL89_SCHAARVODDL;17/01/2023;EB;2920;<;0.0005;µg/L
NL89_SCHAARVODDL;01/03/2023;EB;2920;<;0.0005;µg/L
NL89_SCHAARVODDL;14/03/2023;EB;2920;<;0.0005;µg/L
NL89_SCHAARVODDL;13/04/2023;EB;2920;<;0.0005;µg/L
NL89_SCHAARVODDL;10/05/2023;EB;2920;<;0.0005;µg/L
NL89_SCHAARVODDL;06/06/2023;EB;2920;<;0.0005;µg/L
NL89_SCHAARVODDL;05/07/2023;EB;2920;<;0.0005;µg/L
NL89_SCHAARVODDL;02/08/2023;EB;2920;<;0.0005;µg/L
NL89_SCHAARVODDL;31/08/2023;EB;2920;<;0.0005;µg/L
NL89_SCHAARVODDL;28/09/2023;EB;2920;<;0.0005;µg/L
NL89_SCHAARVODDL;23/10/2023;EB;2920;<;0.0005;µg/L
NL89_SCHAARVODDL;21/11/2023;EB;2920;<;0.0005;µg/L
NL89_SCHAARVODDL;19/12/2023;EB;2920;<;0.0005;µg/L
NL89_SCHAARVODDL;17/01/2023;EB;5347;=;0.0083;ng/L
NL89_SCHAARVODDL;01/03/2023;EB;5347;=;0.0082;ng/L
NL89_SCHAARVODDL;14/03/2023;EB;5347;=;0.0083;ng/L
NL89_SCHAARVODDL;13/04/2023;EB;5347;=;0.0079;ng/L
NL89_SCHAARVODDL;10/05/2023;EB;5347;=;0.0143;ng/L
NL89_SCHAARVODDL;06/06/2023;EB;5347;=;0.0086;ng/L
NL89_SCHAARVODDL;05/07/2023;EB;5347;=;0.0085;ng/L
NL89_SCHAARVODDL;02/08/2023;EB;5347;=;0.0103;ng/L
NL89_SCHAARVODDL;31/08/2023;EB;5347;=;0.0077;ng/L
NL89_SCHAARVODDL;28/09/2023;EB;5347;=;0.0083;ng/L
NL89_SCHAARVODDL;23/10/2023;EB;5347;=;0.0074;ng/L
NL89_SCHAARVODDL;21/11/2023;EB;5347;=;0.0075;ng/L
NL89_SCHAARVODDL;19/12/2023;EB;5347;=;0.0093;ng/L
NL89_SCHAARVODDL;17/01/2023;EB;5474;<;0.1000;µg/L
NL89_SCHAARVODDL;01/03/2023;EB;5474;<;0.1000;µg/L
NL89_SCHAARVODDL;14/03/2023;EB;5474;<;0.1000;µg/L
NL89_SCHAARVODDL;13/04/2023;EB;5474;<;0.1000;µg/L
NL89_SCHAARVODDL;10/05/2023;EB;5474;<;0.1000;µg/L
NL89_SCHAARVODDL;06/06/2023;EB;5474;<;0.1000;µg/L
NL89_SCHAARVODDL;05/07/2023;EB;5474;<;0.1000;µg/L
NL89_SCHAARVODDL;02/08/2023;EB;5474;<;0.1000;µg/L
NL89_SCHAARVODDL;31/08/2023;EB;5474;<;0.1000;µg/L
NL89_SCHAARVODDL;28/09/2023;EB;5474;<;0.1000;µg/L
NL89_SCHAARVODDL;23/10/2023;EB;5474;<;0.1000;µg/L
NL89_SCHAARVODDL;21/11/2023;EB;5474;<;0.1000;µg/L
NL89_SCHAARVODDL;19/12/2023;EB;5474;=;0.1320;µg/L
NL89_SCHAARVODDL;17/01/2023;EB;5977;=;3.7100;ng/L
NL89_SCHAARVODDL;01/03/2023;EB;5977;=;3.3700;ng/L
NL89_SCHAARVODDL;14/03/2023;EB;5977;=;3.3900;ng/L
NL89_SCHAARVODDL;13/04/2023;EB;5977;=;3.2000;ng/L
NL89_SCHAARVODDL;10/05/2023;EB;5977;=;4.1100;ng/L
NL89_SCHAARVODDL;06/06/2023;EB;5977;=;3.6000;ng/L
NL89_SCHAARVODDL;05/07/2023;EB;5977;=;3.5200;ng/L
NL89_SCHAARVODDL;02/08/2023;EB;5977;=;4.0300;ng/L
NL89_SCHAARVODDL;31/08/2023;EB;5977;=;3.5300;ng/L
NL89_SCHAARVODDL;28/09/2023;EB;5977;=;4.1300;ng/L
NL89_SCHAARVODDL;23/10/2023;EB;5977;=;3.4800;ng/L
NL89_SCHAARVODDL;21/11/2023;EB;5977;=;3.4900;ng/L
NL89_SCHAARVODDL;19/12/2023;EB;5977;=;3.8100;ng/L
NL89_SCHAARVODDL;17/01/2023;EB;5978;=;9.5700;ng/L
NL89_SCHAARVODDL;01/03/2023;EB;5978;=;8.8800;ng/L
NL89_SCHAARVODDL;14/03/2023;EB;5978;=;9.2100;ng/L
NL89_SCHAARVODDL;13/04/2023;EB;5978;=;7.9400;ng/L
NL89_SCHAARVODDL;10/05/2023;EB;5978;=;8.8100;ng/L
NL89_SCHAARVODDL;06/06/2023;EB;5978;=;9.2600;ng/L
NL89_SCHAARVODDL;05/07/2023;EB;5978;=;9.8500;ng/L
NL89_SCHAARVODDL;02/08/2023;EB;5978;=;11.2000;ng/L
NL89_SCHAARVODDL;31/08/2023;EB;5978;=;9.2800;ng/L
NL89_SCHAARVODDL;28/09/2023;EB;5978;=;9.2100;ng/L
NL89_SCHAARVODDL;23/10/2023;EB;5978;=;9.2100;ng/L
NL89_SCHAARVODDL;21/11/2023;EB;5978;=;7.8600;ng/L
NL89_SCHAARVODDL;19/12/2023;EB;5978;=;9.3400;ng/L
NL89_SCHAARVODDL;17/01/2023;EB;5979;=;6.1800;ng/L
NL89_SCHAARVODDL;01/03/2023;EB;5979;=;7.5200;ng/L
NL89_SCHAARVODDL;14/03/2023;EB;5979;=;6.7900;ng/L
NL89_SCHAARVODDL;13/04/2023;EB;5979;=;6.7200;ng/L
NL89_SCHAARVODDL;10/05/2023;EB;5979;=;6.7100;ng/L
NL89_SCHAARVODDL;06/06/2023;EB;5979;=;7.1600;ng/L
NL89_SCHAARVODDL;05/07/2023;EB;5979;=;7.5700;ng/L
NL89_SCHAARVODDL;02/08/2023;EB;5979;=;8.8200;ng/L
NL89_SCHAARVODDL;31/08/2023;EB;5979;=;7.5400;ng/L
NL89_SCHAARVODDL;28/09/2023;EB;5979;=;8.1900;ng/L
NL89_SCHAARVODDL;23/10/2023;EB;5979;=;7.2500;ng/L
NL89_SCHAARVODDL;21/11/2023;EB;5979;=;6.9400;ng/L
NL89_SCHAARVODDL;19/12/2023;EB;5979;=;8.1900;ng/L
NL89_SCHAARVODDL;01/03/2023;EB;6616;<;1000.0000;µg/L
NL89_SCHAARVODDL;06/06/2023;EB;6616;<;1000.0000;µg/L
NL89_SCHAARVODDL;28/09/2023;EB;6616;<;1000.0000;µg/L
NL89_SCHAARVODDL;17/01/2023;EB;6830;=;4.9700;ng/L
NL89_SCHAARVODDL;01/03/2023;EB;6830;=;5.1000;ng/L
NL89_SCHAARVODDL;14/03/2023;EB;6830;=;5.4300;ng/L
NL89_SCHAARVODDL;13/04/2023;EB;6830;=;4.7200;ng/L
NL89_SCHAARVODDL;10/05/2023;EB;6830;=;8.0600;ng/L
NL89_SCHAARVODDL;06/06/2023;EB;6830;=;5.1500;ng/L
NL89_SCHAARVODDL;05/07/2023;EB;6830;=;5.0700;ng/L
NL89_SCHAARVODDL;02/08/2023;EB;6830;=;6.2400;ng/L
NL89_SCHAARVODDL;31/08/2023;EB;6830;=;4.5200;ng/L
NL89_SCHAARVODDL;28/09/2023;EB;6830;=;4.5800;ng/L
NL89_SCHAARVODDL;23/10/2023;EB;6830;=;4.5300;ng/L
NL89_SCHAARVODDL;21/11/2023;EB;6830;=;4.0800;ng/L
NL89_SCHAARVODDL;19/12/2023;EB;6830;=;4.7900;ng/L
NL89_SCHAARVODDL;01/03/2023;EB;7073;=;1.3000;mg/L
NL89_SCHAARVODDL;13/04/2023;EB;7073;=;1.1000;mg/L
NL89_SCHAARVODDL;06/06/2023;EB;7073;<;0.5000;mg/L
NL89_SCHAARVODDL;02/08/2023;EB;7073;=;1.7000;mg/L
NL89_SCHAARVODDL;28/09/2023;EB;7073;=;1.9000;mg/L
NL89_SCHAARVODDL;21/11/2023;EB;7073;=;0.4800;mg/L
NL89_SCHAARVODDL;17/01/2023;EB;1774;<;0.0700;µg/L
NL89_SCHAARVODDL;01/03/2023;EB;1774;<;0.0700;µg/L
NL89_SCHAARVODDL;14/03/2023;EB;1774;<;0.0700;µg/L
NL89_SCHAARVODDL;13/04/2023;EB;1774;<;0.0700;µg/L
NL89_SCHAARVODDL;10/05/2023;EB;1774;<;0.0700;µg/L
NL89_SCHAARVODDL;06/06/2023;EB;1774;<;0.0700;µg/L
NL89_SCHAARVODDL;05/07/2023;EB;1774;<;0.0700;µg/L
NL89_SCHAARVODDL;02/08/2023;EB;1774;<;0.0700;µg/L
NL89_SCHAARVODDL;31/08/2023;EB;1774;<;0.0700;µg/L
NL89_SCHAARVODDL;28/09/2023;EB;1774;<;0.0700;µg/L
NL89_SCHAARVODDL;23/10/2023;EB;1774;<;0.0700;µg/L
NL89_SCHAARVODDL;21/11/2023;EB;1774;<;0.0700;µg/L
NL89_SCHAARVODDL;19/12/2023;EB;1774;<;0.0700;µg/L
NL89_SCHAARVODDL;17/01/2023;EB;5534;<;0.0018;µg/L
NL89_SCHAARVODDL;01/03/2023;EB;5534;<;0.0018;µg/L
NL89_SCHAARVODDL;14/03/2023;EB;5534;<;0.0018;µg/L
NL89_SCHAARVODDL;13/04/2023;EB;5534;<;0.0018;µg/L
NL89_SCHAARVODDL;10/05/2023;EB;5534;<;0.0018;µg/L
NL89_SCHAARVODDL;06/06/2023;EB;5534;<;0.0018;µg/L
NL89_SCHAARVODDL;05/07/2023;EB;5534;<;0.0018;µg/L
NL89_SCHAARVODDL;02/08/2023;EB;5534;<;0.0018;µg/L
NL89_SCHAARVODDL;31/08/2023;EB;5534;<;0.0018;µg/L
NL89_SCHAARVODDL;28/09/2023;EB;5534;<;0.0018;µg/L
NL89_SCHAARVODDL;23/10/2023;EB;5534;<;0.0018;µg/L
NL89_SCHAARVODDL;21/11/2023;EB;5534;<;0.0018;µg/L
NL89_SCHAARVODDL;19/12/2023;EB;5534;<;0.0018;µg/L
NL89_SCHAARVODDL;17/01/2023;EB;6561;=;14.7700;ng/L
NL89_SCHAARVODDL;01/03/2023;EB;6561;=;15.7300;ng/L
NL89_SCHAARVODDL;14/03/2023;EB;6561;=;15.9500;ng/L
NL89_SCHAARVODDL;13/04/2023;EB;6561;=;13.9900;ng/L
NL89_SCHAARVODDL;10/05/2023;EB;6561;=;28.4000;ng/L
NL89_SCHAARVODDL;06/06/2023;EB;6561;=;15.9400;ng/L
NL89_SCHAARVODDL;05/07/2023;EB;6561;=;15.1600;ng/L
NL89_SCHAARVODDL;02/08/2023;EB;6561;=;19.1100;ng/L
NL89_SCHAARVODDL;31/08/2023;EB;6561;=;14.0200;ng/L
NL89_SCHAARVODDL;28/09/2023;EB;6561;=;15.1900;ng/L
NL89_SCHAARVODDL;23/10/2023;EB;6561;=;14.1700;ng/L
NL89_SCHAARVODDL;21/11/2023;EB;6561;=;16.0200;ng/L
NL89_SCHAARVODDL;19/12/2023;EB;6561;=;16.1100;ng/L
NL89_SCHAARVODDL;05/01/2023;EF;COD;=;5.9000;mg/L
NL89_SCHAARVODDL;17/01/2023;EF;COD;=;5.4000;mg/L
NL89_SCHAARVODDL;31/01/2023;EF;COD;=;6.0000;mg/L
NL89_SCHAARVODDL;01/03/2023;EF;COD;=;6.1000;mg/L
NL89_SCHAARVODDL;14/03/2023;EF;COD;=;5.3000;mg/L
NL89_SCHAARVODDL;28/03/2023;EF;COD;=;6.0000;mg/L
NL89_SCHAARVODDL;13/04/2023;EF;COD;=;6.3000;mg/L
NL89_SCHAARVODDL;25/04/2023;EF;COD;=;5.4000;mg/L
NL89_SCHAARVODDL;10/05/2023;EF;COD;=;5.3000;mg/L
NL89_SCHAARVODDL;06/06/2023;EF;COD;=;5.3000;mg/L
NL89_SCHAARVODDL;19/06/2023;EF;COD;=;4.5000;mg/L
NL89_SCHAARVODDL;05/07/2023;EF;COD;=;4.5000;mg/L
NL89_SCHAARVODDL;18/07/2023;EF;COD;=;4.9000;mg/L
NL89_SCHAARVODDL;02/08/2023;EF;COD;=;4.4000;mg/L
NL89_SCHAARVODDL;15/08/2023;EF;COD;=;4.8000;mg/L
NL89_SCHAARVODDL;31/08/2023;EF;COD;=;4.2000;mg/L
NL89_SCHAARVODDL;13/09/2023;EF;COD;=;4.1000;mg/L
NL89_SCHAARVODDL;28/09/2023;EF;COD;=;4.7000;mg/L
NL89_SCHAARVODDL;10/10/2023;EF;COD;=;4.3000;mg/L
NL89_SCHAARVODDL;23/10/2023;EF;COD;=;4.2000;mg/L
NL89_SCHAARVODDL;07/11/2023;EF;COD;=;5.1000;mg/L
NL89_SCHAARVODDL;21/11/2023;EF;COD;=;6.0000;mg/L
NL89_SCHAARVODDL;06/12/2023;EF;COD;=;7.0000;mg/L
NL89_SCHAARVODDL;08/12/2023;EF;COD;=;NV;mg/L
NL89_SCHAARVODDL;19/12/2023;EF;COD;=;7.0000;mg/L
NL89_SCHAARVODDL;05/01/2023;EB;COT;=;7.1000;mg/L
NL89_SCHAARVODDL;17/01/2023;EB;COT;=;10.0000;mg/L
NL89_SCHAARVODDL;31/01/2023;EB;COT;=;NV;mg/L
NL89_SCHAARVODDL;01/03/2023;EB;COT;=;7.4000;mg/L
NL89_SCHAARVODDL;14/03/2023;EB;COT;=;7.5000;mg/L
NL89_SCHAARVODDL;28/03/2023;EB;COT;=;7.6000;mg/L
NL89_SCHAARVODDL;13/04/2023;EB;COT;=;8.5000;mg/L
NL89_SCHAARVODDL;25/04/2023;EB;COT;=;7.2000;mg/L
NL89_SCHAARVODDL;10/05/2023;EB;COT;=;11.0000;mg/L
NL89_SCHAARVODDL;06/06/2023;EB;COT;=;6.2000;mg/L
NL89_SCHAARVODDL;19/06/2023;EB;COT;=;7.2000;mg/L
NL89_SCHAARVODDL;05/07/2023;EB;COT;=;7.0000;mg/L
NL89_SCHAARVODDL;18/07/2023;EB;COT;=;6.7000;mg/L
NL89_SCHAARVODDL;02/08/2023;EB;COT;=;7.5000;mg/L
NL89_SCHAARVODDL;15/08/2023;EB;COT;=;5.3000;mg/L
NL89_SCHAARVODDL;31/08/2023;EB;COT;=;6.7000;mg/L
NL89_SCHAARVODDL;13/09/2023;EB;COT;=;5.3000;mg/L
NL89_SCHAARVODDL;28/09/2023;EB;COT;=;6.4000;mg/L
NL89_SCHAARVODDL;10/10/2023;EB;COT;=;5.4000;mg/L
NL89_SCHAARVODDL;23/10/2023;EB;COT;=;5.2000;mg/L
NL89_SCHAARVODDL;07/11/2023;EB;COT;=;6.3000;mg/L
NL89_SCHAARVODDL;21/11/2023;EB;COT;=;8.4000;mg/L
NL89_SCHAARVODDL;06/12/2023;EB;COT;=;9.9000;mg/L
NL89_SCHAARVODDL;08/12/2023;EB;COT;=;NV;mg/L
NL89_SCHAARVODDL;19/12/2023;EB;COT;=;14.0000;mg/L
NL89_TERNZBI20;04/01/2023;EB;1082;=;0.0052;µg/L
NL89_TERNZBI20;30/01/2023;EB;1082;<;0.0030;µg/L
NL89_TERNZBI20;28/02/2023;EB;1082;<;0.0030;µg/L
NL89_TERNZBI20;27/03/2023;EB;1082;<;0.0030;µg/L
NL89_TERNZBI20;24/04/2023;EB;1082;=;0.0081;µg/L
NL89_TERNZBI20;22/06/2023;EB;1082;<;0.0030;µg/L
NL89_TERNZBI20;17/07/2023;EB;1082;<;0.0030;µg/L
NL89_TERNZBI20;14/08/2023;EB;1082;<;0.0030;µg/L
NL89_TERNZBI20;12/09/2023;EB;1082;<;0.0030;µg/L
NL89_TERNZBI20;11/10/2023;EB;1082;<;0.0030;µg/L
NL89_TERNZBI20;08/11/2023;EB;1082;<;0.0030;µg/L
NL89_TERNZBI20;05/12/2023;EB;1082;<;0.0030;µg/L
NL89_TERNZBI20;04/01/2023;EB;1083;<;0.0002;µg/L
NL89_TERNZBI20;30/01/2023;EB;1083;<;0.0002;µg/L
NL89_TERNZBI20;28/02/2023;EB;1083;<;0.0002;µg/L
NL89_TERNZBI20;27/03/2023;EB;1083;<;0.0002;µg/L
NL89_TERNZBI20;24/04/2023;EB;1083;<;0.0002;µg/L
NL89_TERNZBI20;22/06/2023;EB;1083;<;0.0002;µg/L
NL89_TERNZBI20;17/07/2023;EB;1083;<;0.0002;µg/L
NL89_TERNZBI20;14/08/2023;EB;1083;<;0.0002;µg/L
NL89_TERNZBI20;12/09/2023;EB;1083;<;0.0002;µg/L
NL89_TERNZBI20;11/10/2023;EB;1083;<;0.0002;µg/L
NL89_TERNZBI20;08/11/2023;EB;1083;<;0.0002;µg/L
NL89_TERNZBI20;05/12/2023;EB;1083;<;0.0002;µg/L
NL89_TERNZBI20;04/01/2023;EB;1101;<;0.0006;µg/L
NL89_TERNZBI20;30/01/2023;EB;1101;=;0.0009;µg/L
NL89_TERNZBI20;28/02/2023;EB;1101;<;0.0006;µg/L
NL89_TERNZBI20;27/03/2023;EB;1101;<;0.0006;µg/L
NL89_TERNZBI20;24/04/2023;EB;1101;<;0.0006;µg/L
NL89_TERNZBI20;22/06/2023;EB;1101;<;0.0006;µg/L
NL89_TERNZBI20;17/07/2023;EB;1101;<;0.0006;µg/L
NL89_TERNZBI20;14/08/2023;EB;1101;<;0.0006;µg/L
NL89_TERNZBI20;12/09/2023;EB;1101;<;0.0006;µg/L
NL89_TERNZBI20;11/10/2023;EB;1101;<;0.0006;µg/L
NL89_TERNZBI20;08/11/2023;EB;1101;<;0.0006;µg/L
NL89_TERNZBI20;05/12/2023;EB;1101;<;0.0006;µg/L
NL89_TERNZBI20;04/01/2023;EB;1103;<;0.0003;µg/L
NL89_TERNZBI20;30/01/2023;EB;1103;<;0.0003;µg/L
NL89_TERNZBI20;28/02/2023;EB;1103;<;0.0003;µg/L
NL89_TERNZBI20;27/03/2023;EB;1103;<;0.0003;µg/L
NL89_TERNZBI20;24/04/2023;EB;1103;<;0.0003;µg/L
NL89_TERNZBI20;22/06/2023;EB;1103;<;0.0003;µg/L
NL89_TERNZBI20;17/07/2023;EB;1103;<;0.0003;µg/L
NL89_TERNZBI20;14/08/2023;EB;1103;<;0.0003;µg/L
NL89_TERNZBI20;12/09/2023;EB;1103;<;0.0003;µg/L
NL89_TERNZBI20;11/10/2023;EB;1103;<;0.0003;µg/L
NL89_TERNZBI20;08/11/2023;EB;1103;<;0.0003;µg/L
NL89_TERNZBI20;05/12/2023;EB;1103;<;0.0003;µg/L
NL89_TERNZBI20;04/01/2023;EB;1107;=;0.0013;µg/L
NL89_TERNZBI20;30/01/2023;EB;1107;=;0.0015;µg/L
NL89_TERNZBI20;28/02/2023;EB;1107;=;0.0012;µg/L
NL89_TERNZBI20;27/03/2023;EB;1107;=;0.0013;µg/L
NL89_TERNZBI20;24/04/2023;EB;1107;=;0.0012;µg/L
NL89_TERNZBI20;22/06/2023;EB;1107;=;0.0009;µg/L
NL89_TERNZBI20;17/07/2023;EB;1107;=;0.0011;µg/L
NL89_TERNZBI20;14/08/2023;EB;1107;=;0.0010;µg/L
NL89_TERNZBI20;12/09/2023;EB;1107;=;0.0008;µg/L
NL89_TERNZBI20;11/10/2023;EB;1107;=;0.0010;µg/L
NL89_TERNZBI20;08/11/2023;EB;1107;=;0.0012;µg/L
NL89_TERNZBI20;05/12/2023;EB;1107;=;0.0014;µg/L
NL89_TERNZBI20;04/01/2023;EB;1114;<;0.0100;µg/L
NL89_TERNZBI20;30/01/2023;EB;1114;<;0.0100;µg/L
NL89_TERNZBI20;28/02/2023;EB;1114;=;0.0200;µg/L
NL89_TERNZBI20;27/03/2023;EB;1114;=;0.0500;µg/L
NL89_TERNZBI20;24/04/2023;EB;1114;<;0.0100;µg/L
NL89_TERNZBI20;22/06/2023;EB;1114;<;0.0100;µg/L
NL89_TERNZBI20;17/07/2023;EB;1114;<;0.0100;µg/L
NL89_TERNZBI20;14/08/2023;EB;1114;<;0.0100;µg/L
NL89_TERNZBI20;12/09/2023;EB;1114;<;0.0100;µg/L
NL89_TERNZBI20;11/10/2023;EB;1114;=;0.0100;µg/L
NL89_TERNZBI20;08/11/2023;EB;1114;<;0.0100;µg/L
NL89_TERNZBI20;05/12/2023;EB;1114;<;0.0100;µg/L
NL89_TERNZBI20;04/01/2023;EB;1115;=;0.0066;µg/L
NL89_TERNZBI20;30/01/2023;EB;1115;=;0.0022;µg/L
NL89_TERNZBI20;28/02/2023;EB;1115;=;0.0021;µg/L
NL89_TERNZBI20;27/03/2023;EB;1115;<;0.0020;µg/L
NL89_TERNZBI20;24/04/2023;EB;1115;=;0.0081;µg/L
NL89_TERNZBI20;22/06/2023;EB;1115;<;0.0020;µg/L
NL89_TERNZBI20;17/07/2023;EB;1115;<;0.0020;µg/L
NL89_TERNZBI20;14/08/2023;EB;1115;<;0.0020;µg/L
NL89_TERNZBI20;12/09/2023;EB;1115;<;0.0020;µg/L
NL89_TERNZBI20;11/10/2023;EB;1115;<;0.0020;µg/L
NL89_TERNZBI20;08/11/2023;EB;1115;<;0.0020;µg/L
NL89_TERNZBI20;05/12/2023;EB;1115;<;0.0020;µg/L
NL89_TERNZBI20;04/01/2023;EB;1117;=;0.0054;µg/L
NL89_TERNZBI20;30/01/2023;EB;1117;=;0.0015;µg/L
NL89_TERNZBI20;28/02/2023;EB;1117;=;0.0016;µg/L
NL89_TERNZBI20;27/03/2023;EB;1117;=;0.0011;µg/L
NL89_TERNZBI20;24/04/2023;EB;1117;=;0.0057;µg/L
NL89_TERNZBI20;22/06/2023;EB;1117;=;0.0013;µg/L
NL89_TERNZBI20;17/07/2023;EB;1117;=;0.0015;µg/L
NL89_TERNZBI20;14/08/2023;EB;1117;=;0.0012;µg/L
NL89_TERNZBI20;12/09/2023;EB;1117;=;0.0005;µg/L
NL89_TERNZBI20;11/10/2023;EB;1117;=;0.0007;µg/L
NL89_TERNZBI20;08/11/2023;EB;1117;=;0.0011;µg/L
NL89_TERNZBI20;05/12/2023;EB;1117;=;0.0012;µg/L
NL89_TERNZBI20;04/01/2023;EB;1118;=;0.0069;µg/L
NL89_TERNZBI20;30/01/2023;EB;1118;=;0.0025;µg/L
NL89_TERNZBI20;28/02/2023;EB;1118;=;0.0021;µg/L
NL89_TERNZBI20;27/03/2023;EB;1118;=;0.0018;µg/L
NL89_TERNZBI20;24/04/2023;EB;1118;=;0.0085;µg/L
NL89_TERNZBI20;22/06/2023;EB;1118;=;0.0019;µg/L
NL89_TERNZBI20;17/07/2023;EB;1118;=;0.0019;µg/L
NL89_TERNZBI20;14/08/2023;EB;1118;=;0.0014;µg/L
NL89_TERNZBI20;12/09/2023;EB;1118;=;0.0007;µg/L
NL89_TERNZBI20;11/10/2023;EB;1118;=;0.0007;µg/L
NL89_TERNZBI20;08/11/2023;EB;1118;=;0.0014;µg/L
NL89_TERNZBI20;05/12/2023;EB;1118;=;0.0018;µg/L
NL89_TERNZBI20;04/01/2023;EB;1119;<;0.0004;µg/L
NL89_TERNZBI20;30/01/2023;EB;1119;<;0.0004;µg/L
NL89_TERNZBI20;28/02/2023;EB;1119;<;0.0004;µg/L
NL89_TERNZBI20;27/03/2023;EB;1119;<;0.0004;µg/L
NL89_TERNZBI20;24/04/2023;EB;1119;<;0.0004;µg/L
NL89_TERNZBI20;22/06/2023;EB;1119;<;0.0004;µg/L
NL89_TERNZBI20;17/07/2023;EB;1119;<;0.0004;µg/L
NL89_TERNZBI20;14/08/2023;EB;1119;<;0.0004;µg/L
NL89_TERNZBI20;12/09/2023;EB;1119;<;0.0004;µg/L
NL89_TERNZBI20;11/10/2023;EB;1119;<;0.0004;µg/L
NL89_TERNZBI20;08/11/2023;EB;1119;<;0.0004;µg/L
NL89_TERNZBI20;05/12/2023;EB;1119;<;0.0004;µg/L
NL89_TERNZBI20;04/01/2023;EB;1135;=;0.0100;µg/L
NL89_TERNZBI20;30/01/2023;EB;1135;<;0.0100;µg/L
NL89_TERNZBI20;28/02/2023;EB;1135;=;0.0100;µg/L
NL89_TERNZBI20;27/03/2023;EB;1135;=;0.0300;µg/L
NL89_TERNZBI20;24/04/2023;EB;1135;<;0.0100;µg/L
NL89_TERNZBI20;22/06/2023;EB;1135;=;2.0000;µg/L
NL89_TERNZBI20;17/07/2023;EB;1135;=;0.1100;µg/L
NL89_TERNZBI20;14/08/2023;EB;1135;=;0.0200;µg/L
NL89_TERNZBI20;12/09/2023;EB;1135;<;0.0100;µg/L
NL89_TERNZBI20;11/10/2023;EB;1135;<;0.0100;µg/L
NL89_TERNZBI20;08/11/2023;EB;1135;<;0.0100;µg/L
NL89_TERNZBI20;05/12/2023;EB;1135;<;0.0100;µg/L
NL89_TERNZBI20;04/01/2023;EB;1140;<;0.0007;µg/L
NL89_TERNZBI20;30/01/2023;EB;1140;<;0.0007;µg/L
NL89_TERNZBI20;28/02/2023;EB;1140;<;0.0007;µg/L
NL89_TERNZBI20;27/03/2023;EB;1140;<;0.0007;µg/L
NL89_TERNZBI20;24/04/2023;EB;1140;<;0.0007;µg/L
NL89_TERNZBI20;22/06/2023;EB;1140;<;0.0007;µg/L
NL89_TERNZBI20;17/07/2023;EB;1140;<;0.0007;µg/L
NL89_TERNZBI20;14/08/2023;EB;1140;<;0.0007;µg/L
NL89_TERNZBI20;12/09/2023;EB;1140;<;0.0007;µg/L
NL89_TERNZBI20;11/10/2023;EB;1140;<;0.0007;µg/L
NL89_TERNZBI20;08/11/2023;EB;1140;<;0.0007;µg/L
NL89_TERNZBI20;05/12/2023;EB;1140;<;0.0007;µg/L
NL89_TERNZBI20;04/01/2023;EB;1144;<;0.0003;µg/L
NL89_TERNZBI20;30/01/2023;EB;1144;<;0.0003;µg/L
NL89_TERNZBI20;28/02/2023;EB;1144;<;0.0003;µg/L
NL89_TERNZBI20;27/03/2023;EB;1144;<;0.0003;µg/L
NL89_TERNZBI20;24/04/2023;EB;1144;<;0.0003;µg/L
NL89_TERNZBI20;22/06/2023;EB;1144;<;0.0003;µg/L
NL89_TERNZBI20;17/07/2023;EB;1144;<;0.0003;µg/L
NL89_TERNZBI20;14/08/2023;EB;1144;<;0.0003;µg/L
NL89_TERNZBI20;12/09/2023;EB;1144;<;0.0003;µg/L
NL89_TERNZBI20;11/10/2023;EB;1144;<;0.0003;µg/L
NL89_TERNZBI20;08/11/2023;EB;1144;<;0.0003;µg/L
NL89_TERNZBI20;05/12/2023;EB;1144;<;0.0003;µg/L
NL89_TERNZBI20;04/01/2023;EB;1146;<;0.0002;µg/L
NL89_TERNZBI20;30/01/2023;EB;1146;<;0.0002;µg/L
NL89_TERNZBI20;28/02/2023;EB;1146;<;0.0002;µg/L
NL89_TERNZBI20;27/03/2023;EB;1146;<;0.0002;µg/L
NL89_TERNZBI20;24/04/2023;EB;1146;<;0.0002;µg/L
NL89_TERNZBI20;22/06/2023;EB;1146;<;0.0002;µg/L
NL89_TERNZBI20;17/07/2023;EB;1146;<;0.0002;µg/L
NL89_TERNZBI20;14/08/2023;EB;1146;<;0.0002;µg/L
NL89_TERNZBI20;12/09/2023;EB;1146;<;0.0002;µg/L
NL89_TERNZBI20;11/10/2023;EB;1146;<;0.0002;µg/L
NL89_TERNZBI20;08/11/2023;EB;1146;<;0.0002;µg/L
NL89_TERNZBI20;05/12/2023;EB;1146;<;0.0002;µg/L
NL89_TERNZBI20;04/01/2023;EB;1147;<;0.0006;µg/L
NL89_TERNZBI20;30/01/2023;EB;1147;<;0.0006;µg/L
NL89_TERNZBI20;28/02/2023;EB;1147;<;0.0006;µg/L
NL89_TERNZBI20;27/03/2023;EB;1147;<;0.0006;µg/L
NL89_TERNZBI20;24/04/2023;EB;1147;<;0.0006;µg/L
NL89_TERNZBI20;22/06/2023;EB;1147;<;0.0006;µg/L
NL89_TERNZBI20;17/07/2023;EB;1147;<;0.0006;µg/L
NL89_TERNZBI20;14/08/2023;EB;1147;<;0.0006;µg/L
NL89_TERNZBI20;12/09/2023;EB;1147;<;0.0006;µg/L
NL89_TERNZBI20;11/10/2023;EB;1147;<;0.0006;µg/L
NL89_TERNZBI20;08/11/2023;EB;1147;<;0.0006;µg/L
NL89_TERNZBI20;05/12/2023;EB;1147;<;0.0006;µg/L
NL89_TERNZBI20;04/01/2023;EB;1148;<;0.0002;µg/L
NL89_TERNZBI20;30/01/2023;EB;1148;<;0.0002;µg/L
NL89_TERNZBI20;28/02/2023;EB;1148;<;0.0002;µg/L
NL89_TERNZBI20;27/03/2023;EB;1148;<;0.0002;µg/L
NL89_TERNZBI20;24/04/2023;EB;1148;<;0.0002;µg/L
NL89_TERNZBI20;22/06/2023;EB;1148;<;0.0002;µg/L
NL89_TERNZBI20;17/07/2023;EB;1148;<;0.0002;µg/L
NL89_TERNZBI20;14/08/2023;EB;1148;<;0.0002;µg/L
NL89_TERNZBI20;12/09/2023;EB;1148;<;0.0002;µg/L
NL89_TERNZBI20;11/10/2023;EB;1148;<;0.0002;µg/L
NL89_TERNZBI20;08/11/2023;EB;1148;<;0.0002;µg/L
NL89_TERNZBI20;05/12/2023;EB;1148;<;0.0002;µg/L
NL89_TERNZBI20;04/01/2023;EB;1161;<;0.0100;µg/L
NL89_TERNZBI20;30/01/2023;EB;1161;<;0.0100;µg/L
NL89_TERNZBI20;28/02/2023;EB;1161;<;0.0100;µg/L
NL89_TERNZBI20;27/03/2023;EB;1161;<;0.0100;µg/L
NL89_TERNZBI20;24/04/2023;EB;1161;<;0.0100;µg/L
NL89_TERNZBI20;22/06/2023;EB;1161;<;0.0100;µg/L
NL89_TERNZBI20;17/07/2023;EB;1161;<;0.0100;µg/L
NL89_TERNZBI20;14/08/2023;EB;1161;<;0.0100;µg/L
NL89_TERNZBI20;12/09/2023;EB;1161;<;0.0100;µg/L
NL89_TERNZBI20;11/10/2023;EB;1161;<;0.0100;µg/L
NL89_TERNZBI20;08/11/2023;EB;1161;<;0.0100;µg/L
NL89_TERNZBI20;05/12/2023;EB;1161;<;0.0100;µg/L
NL89_TERNZBI20;04/01/2023;EB;1168;<;0.5000;µg/L
NL89_TERNZBI20;30/01/2023;EB;1168;<;0.5000;µg/L
NL89_TERNZBI20;28/02/2023;EB;1168;<;0.5000;µg/L
NL89_TERNZBI20;27/03/2023;EB;1168;<;0.5000;µg/L
NL89_TERNZBI20;24/04/2023;EB;1168;<;0.5000;µg/L
NL89_TERNZBI20;22/06/2023;EB;1168;<;0.5000;µg/L
NL89_TERNZBI20;17/07/2023;EB;1168;<;0.5000;µg/L
NL89_TERNZBI20;14/08/2023;EB;1168;<;0.5000;µg/L
NL89_TERNZBI20;12/09/2023;EB;1168;<;0.5000;µg/L
NL89_TERNZBI20;11/10/2023;EB;1168;<;0.5000;µg/L
NL89_TERNZBI20;08/11/2023;EB;1168;<;0.5000;µg/L
NL89_TERNZBI20;05/12/2023;EB;1168;<;0.5000;µg/L
NL89_TERNZBI20;04/01/2023;EB;1170;<;0.0003;µg/L
NL89_TERNZBI20;30/01/2023;EB;1170;<;0.0003;µg/L
NL89_TERNZBI20;28/02/2023;EB;1170;<;0.0003;µg/L
NL89_TERNZBI20;27/03/2023;EB;1170;<;0.0003;µg/L
NL89_TERNZBI20;24/04/2023;EB;1170;<;0.0003;µg/L
NL89_TERNZBI20;22/06/2023;EB;1170;<;0.0003;µg/L
NL89_TERNZBI20;17/07/2023;EB;1170;<;0.0003;µg/L
NL89_TERNZBI20;14/08/2023;EB;1170;<;0.0003;µg/L
NL89_TERNZBI20;12/09/2023;EB;1170;<;0.0003;µg/L
NL89_TERNZBI20;11/10/2023;EB;1170;<;0.0003;µg/L
NL89_TERNZBI20;08/11/2023;EB;1170;<;0.0003;µg/L
NL89_TERNZBI20;05/12/2023;EB;1170;<;0.0003;µg/L
NL89_TERNZBI20;04/01/2023;EB;1172;=;0.0002;µg/L
NL89_TERNZBI20;30/01/2023;EB;1172;=;0.0001;µg/L
NL89_TERNZBI20;28/02/2023;EB;1172;<;0.0001;µg/L
NL89_TERNZBI20;27/03/2023;EB;1172;<;0.0001;µg/L
NL89_TERNZBI20;24/04/2023;EB;1172;=;0.0002;µg/L
NL89_TERNZBI20;22/06/2023;EB;1172;=;0.0001;µg/L
NL89_TERNZBI20;17/07/2023;EB;1172;=;0.0003;µg/L
NL89_TERNZBI20;14/08/2023;EB;1172;<;0.0001;µg/L
NL89_TERNZBI20;12/09/2023;EB;1172;<;0.0001;µg/L
NL89_TERNZBI20;11/10/2023;EB;1172;<;0.0001;µg/L
NL89_TERNZBI20;08/11/2023;EB;1172;<;0.0001;µg/L
NL89_TERNZBI20;05/12/2023;EB;1172;<;0.0001;µg/L
NL89_TERNZBI20;04/01/2023;EB;1173;<;0.0002;µg/L
NL89_TERNZBI20;30/01/2023;EB;1173;<;0.0002;µg/L
NL89_TERNZBI20;28/02/2023;EB;1173;<;0.0002;µg/L
NL89_TERNZBI20;27/03/2023;EB;1173;<;0.0002;µg/L
NL89_TERNZBI20;24/04/2023;EB;1173;<;0.0002;µg/L
NL89_TERNZBI20;22/06/2023;EB;1173;<;0.0002;µg/L
NL89_TERNZBI20;17/07/2023;EB;1173;<;0.0002;µg/L
NL89_TERNZBI20;14/08/2023;EB;1173;<;0.0002;µg/L
NL89_TERNZBI20;12/09/2023;EB;1173;<;0.0002;µg/L
NL89_TERNZBI20;11/10/2023;EB;1173;<;0.0002;µg/L
NL89_TERNZBI20;08/11/2023;EB;1173;<;0.0002;µg/L
NL89_TERNZBI20;05/12/2023;EB;1173;<;0.0002;µg/L
NL89_TERNZBI20;04/01/2023;EB;1177;=;0.0035;µg/L
NL89_TERNZBI20;30/01/2023;EB;1177;=;0.0035;µg/L
NL89_TERNZBI20;28/02/2023;EB;1177;=;0.0028;µg/L
NL89_TERNZBI20;27/03/2023;EB;1177;=;0.0025;µg/L
NL89_TERNZBI20;24/04/2023;EB;1177;=;0.0023;µg/L
NL89_TERNZBI20;22/06/2023;EB;1177;=;0.0021;µg/L
NL89_TERNZBI20;17/07/2023;EB;1177;=;0.0025;µg/L
NL89_TERNZBI20;14/08/2023;EB;1177;=;0.0026;µg/L
NL89_TERNZBI20;12/09/2023;EB;1177;=;0.0021;µg/L
NL89_TERNZBI20;11/10/2023;EB;1177;=;0.0028;µg/L
NL89_TERNZBI20;08/11/2023;EB;1177;=;0.0036;µg/L
NL89_TERNZBI20;05/12/2023;EB;1177;=;0.0044;µg/L
NL89_TERNZBI20;04/01/2023;EB;1178;<;0.0004;µg/L
NL89_TERNZBI20;30/01/2023;EB;1178;<;0.0004;µg/L
NL89_TERNZBI20;28/02/2023;EB;1178;<;0.0004;µg/L
NL89_TERNZBI20;27/03/2023;EB;1178;<;0.0004;µg/L
NL89_TERNZBI20;24/04/2023;EB;1178;<;0.0004;µg/L
NL89_TERNZBI20;22/06/2023;EB;1178;<;0.0004;µg/L
NL89_TERNZBI20;17/07/2023;EB;1178;<;0.0004;µg/L
NL89_TERNZBI20;14/08/2023;EB;1178;<;0.0004;µg/L
NL89_TERNZBI20;12/09/2023;EB;1178;<;0.0004;µg/L
NL89_TERNZBI20;11/10/2023;EB;1178;<;0.0004;µg/L
NL89_TERNZBI20;08/11/2023;EB;1178;<;0.0004;µg/L
NL89_TERNZBI20;05/12/2023;EB;1178;<;0.0004;µg/L
NL89_TERNZBI20;04/01/2023;EB;1179;<;0.0003;µg/L
NL89_TERNZBI20;30/01/2023;EB;1179;<;0.0003;µg/L
NL89_TERNZBI20;28/02/2023;EB;1179;<;0.0003;µg/L
NL89_TERNZBI20;27/03/2023;EB;1179;<;0.0003;µg/L
NL89_TERNZBI20;24/04/2023;EB;1179;<;0.0003;µg/L
NL89_TERNZBI20;22/06/2023;EB;1179;<;0.0003;µg/L
NL89_TERNZBI20;17/07/2023;EB;1179;<;0.0003;µg/L
NL89_TERNZBI20;14/08/2023;EB;1179;<;0.0003;µg/L
NL89_TERNZBI20;12/09/2023;EB;1179;<;0.0003;µg/L
NL89_TERNZBI20;11/10/2023;EB;1179;<;0.0003;µg/L
NL89_TERNZBI20;08/11/2023;EB;1179;<;0.0003;µg/L
NL89_TERNZBI20;05/12/2023;EB;1179;=;0.0005;µg/L
NL89_TERNZBI20;04/01/2023;EB;1181;<;0.0010;µg/L
NL89_TERNZBI20;30/01/2023;EB;1181;<;0.0010;µg/L
NL89_TERNZBI20;28/02/2023;EB;1181;<;0.0010;µg/L
NL89_TERNZBI20;27/03/2023;EB;1181;<;0.0010;µg/L
NL89_TERNZBI20;24/04/2023;EB;1181;<;0.0010;µg/L
NL89_TERNZBI20;22/06/2023;EB;1181;<;0.0010;µg/L
NL89_TERNZBI20;17/07/2023;EB;1181;<;0.0010;µg/L
NL89_TERNZBI20;14/08/2023;EB;1181;<;0.0010;µg/L
NL89_TERNZBI20;12/09/2023;EB;1181;<;0.0010;µg/L
NL89_TERNZBI20;11/10/2023;EB;1181;<;0.0010;µg/L
NL89_TERNZBI20;08/11/2023;EB;1181;<;0.0010;µg/L
NL89_TERNZBI20;05/12/2023;EB;1181;<;0.0010;µg/L
NL89_TERNZBI20;04/01/2023;EB;1191;=;0.0201;µg/L
NL89_TERNZBI20;30/01/2023;EB;1191;=;0.0091;µg/L
NL89_TERNZBI20;28/02/2023;EB;1191;=;0.0086;µg/L
NL89_TERNZBI20;27/03/2023;EB;1191;=;0.0064;µg/L
NL89_TERNZBI20;24/04/2023;EB;1191;=;0.0261;µg/L
NL89_TERNZBI20;22/06/2023;EB;1191;=;0.0145;µg/L
NL89_TERNZBI20;17/07/2023;EB;1191;=;0.0103;µg/L
NL89_TERNZBI20;14/08/2023;EB;1191;=;0.0052;µg/L
NL89_TERNZBI20;12/09/2023;EB;1191;=;0.0052;µg/L
NL89_TERNZBI20;11/10/2023;EB;1191;=;0.0055;µg/L
NL89_TERNZBI20;08/11/2023;EB;1191;=;0.0078;µg/L
NL89_TERNZBI20;05/12/2023;EB;1191;=;0.0046;µg/L
NL89_TERNZBI20;04/01/2023;EB;1197;<;0.0001;µg/L
NL89_TERNZBI20;30/01/2023;EB;1197;<;0.0001;µg/L
NL89_TERNZBI20;28/02/2023;EB;1197;<;0.0001;µg/L
NL89_TERNZBI20;27/03/2023;EB;1197;<;0.0001;µg/L
NL89_TERNZBI20;24/04/2023;EB;1197;<;0.0001;µg/L
NL89_TERNZBI20;22/06/2023;EB;1197;<;0.0001;µg/L
NL89_TERNZBI20;17/07/2023;EB;1197;<;0.0001;µg/L
NL89_TERNZBI20;14/08/2023;EB;1197;<;0.0001;µg/L
NL89_TERNZBI20;12/09/2023;EB;1197;<;0.0001;µg/L
NL89_TERNZBI20;11/10/2023;EB;1197;<;0.0001;µg/L
NL89_TERNZBI20;08/11/2023;EB;1197;<;0.0001;µg/L
NL89_TERNZBI20;05/12/2023;EB;1197;<;0.0001;µg/L
NL89_TERNZBI20;04/01/2023;EB;1198;<;0.0001;µg/L
NL89_TERNZBI20;30/01/2023;EB;1198;<;0.0001;µg/L
NL89_TERNZBI20;28/02/2023;EB;1198;<;0.0001;µg/L
NL89_TERNZBI20;27/03/2023;EB;1198;<;0.0001;µg/L
NL89_TERNZBI20;24/04/2023;EB;1198;<;0.0001;µg/L
NL89_TERNZBI20;22/06/2023;EB;1198;<;0.0001;µg/L
NL89_TERNZBI20;17/07/2023;EB;1198;<;0.0001;µg/L
NL89_TERNZBI20;14/08/2023;EB;1198;<;0.0001;µg/L
NL89_TERNZBI20;12/09/2023;EB;1198;<;0.0001;µg/L
NL89_TERNZBI20;11/10/2023;EB;1198;<;0.0001;µg/L
NL89_TERNZBI20;08/11/2023;EB;1198;<;0.0001;µg/L
NL89_TERNZBI20;05/12/2023;EB;1198;<;0.0001;µg/L
NL89_TERNZBI20;04/01/2023;EB;1199;<;0.0002;µg/L
NL89_TERNZBI20;30/01/2023;EB;1199;<;0.0002;µg/L
NL89_TERNZBI20;28/02/2023;EB;1199;<;0.0002;µg/L
NL89_TERNZBI20;27/03/2023;EB;1199;<;0.0002;µg/L
NL89_TERNZBI20;24/04/2023;EB;1199;<;0.0002;µg/L
NL89_TERNZBI20;22/06/2023;EB;1199;<;0.0002;µg/L
NL89_TERNZBI20;17/07/2023;EB;1199;<;0.0002;µg/L
NL89_TERNZBI20;14/08/2023;EB;1199;<;0.0002;µg/L
NL89_TERNZBI20;12/09/2023;EB;1199;<;0.0002;µg/L
NL89_TERNZBI20;11/10/2023;EB;1199;<;0.0002;µg/L
NL89_TERNZBI20;08/11/2023;EB;1199;<;0.0002;µg/L
NL89_TERNZBI20;05/12/2023;EB;1199;<;0.0002;µg/L
NL89_TERNZBI20;04/01/2023;EB;1200;<;0.0001;µg/L
NL89_TERNZBI20;30/01/2023;EB;1200;<;0.0001;µg/L
NL89_TERNZBI20;28/02/2023;EB;1200;<;0.0001;µg/L
NL89_TERNZBI20;27/03/2023;EB;1200;<;0.0001;µg/L
NL89_TERNZBI20;24/04/2023;EB;1200;<;0.0001;µg/L
NL89_TERNZBI20;22/06/2023;EB;1200;<;0.0001;µg/L
NL89_TERNZBI20;17/07/2023;EB;1200;<;0.0001;µg/L
NL89_TERNZBI20;14/08/2023;EB;1200;<;0.0001;µg/L
NL89_TERNZBI20;12/09/2023;EB;1200;<;0.0001;µg/L
NL89_TERNZBI20;11/10/2023;EB;1200;<;0.0001;µg/L
NL89_TERNZBI20;08/11/2023;EB;1200;<;0.0001;µg/L
NL89_TERNZBI20;05/12/2023;EB;1200;<;0.0001;µg/L
NL89_TERNZBI20;04/01/2023;EB;1201;=;0.0001;µg/L
NL89_TERNZBI20;30/01/2023;EB;1201;<;0.0001;µg/L
NL89_TERNZBI20;28/02/2023;EB;1201;<;0.0001;µg/L
NL89_TERNZBI20;27/03/2023;EB;1201;<;0.0001;µg/L
NL89_TERNZBI20;24/04/2023;EB;1201;<;0.0001;µg/L
NL89_TERNZBI20;22/06/2023;EB;1201;<;0.0001;µg/L
NL89_TERNZBI20;17/07/2023;EB;1201;<;0.0001;µg/L
NL89_TERNZBI20;14/08/2023;EB;1201;<;0.0001;µg/L
NL89_TERNZBI20;12/09/2023;EB;1201;<;0.0001;µg/L
NL89_TERNZBI20;11/10/2023;EB;1201;<;0.0001;µg/L
NL89_TERNZBI20;08/11/2023;EB;1201;<;0.0001;µg/L
NL89_TERNZBI20;05/12/2023;EB;1201;<;0.0001;µg/L
NL89_TERNZBI20;04/01/2023;EB;1202;<;0.0001;µg/L
NL89_TERNZBI20;30/01/2023;EB;1202;<;0.0001;µg/L
NL89_TERNZBI20;28/02/2023;EB;1202;<;0.0001;µg/L
NL89_TERNZBI20;27/03/2023;EB;1202;<;0.0001;µg/L
NL89_TERNZBI20;24/04/2023;EB;1202;<;0.0001;µg/L
NL89_TERNZBI20;22/06/2023;EB;1202;<;0.0001;µg/L
NL89_TERNZBI20;17/07/2023;EB;1202;<;0.0001;µg/L
NL89_TERNZBI20;14/08/2023;EB;1202;<;0.0001;µg/L
NL89_TERNZBI20;12/09/2023;EB;1202;<;0.0001;µg/L
NL89_TERNZBI20;11/10/2023;EB;1202;<;0.0001;µg/L
NL89_TERNZBI20;08/11/2023;EB;1202;<;0.0001;µg/L
NL89_TERNZBI20;05/12/2023;EB;1202;<;0.0001;µg/L
NL89_TERNZBI20;04/01/2023;EB;1203;=;0.0001;µg/L
NL89_TERNZBI20;30/01/2023;EB;1203;=;0.0001;µg/L
NL89_TERNZBI20;28/02/2023;EB;1203;=;0.0001;µg/L
NL89_TERNZBI20;27/03/2023;EB;1203;<;0.0001;µg/L
NL89_TERNZBI20;24/04/2023;EB;1203;<;0.0001;µg/L
NL89_TERNZBI20;22/06/2023;EB;1203;<;0.0001;µg/L
NL89_TERNZBI20;17/07/2023;EB;1203;<;0.0001;µg/L
NL89_TERNZBI20;14/08/2023;EB;1203;<;0.0001;µg/L
NL89_TERNZBI20;12/09/2023;EB;1203;<;0.0001;µg/L
NL89_TERNZBI20;11/10/2023;EB;1203;<;0.0001;µg/L
NL89_TERNZBI20;08/11/2023;EB;1203;=;0.0001;µg/L
NL89_TERNZBI20;05/12/2023;EB;1203;=;0.0001;µg/L
NL89_TERNZBI20;04/01/2023;EB;1204;=;0.0085;µg/L
NL89_TERNZBI20;30/01/2023;EB;1204;=;0.0024;µg/L
NL89_TERNZBI20;28/02/2023;EB;1204;=;0.0023;µg/L
NL89_TERNZBI20;27/03/2023;EB;1204;=;0.0017;µg/L
NL89_TERNZBI20;24/04/2023;EB;1204;=;0.0086;µg/L
NL89_TERNZBI20;22/06/2023;EB;1204;=;0.0019;µg/L
NL89_TERNZBI20;17/07/2023;EB;1204;=;0.0020;µg/L
NL89_TERNZBI20;14/08/2023;EB;1204;=;0.0013;µg/L
NL89_TERNZBI20;12/09/2023;EB;1204;=;0.0007;µg/L
NL89_TERNZBI20;11/10/2023;EB;1204;=;0.0008;µg/L
NL89_TERNZBI20;08/11/2023;EB;1204;=;0.0014;µg/L
NL89_TERNZBI20;05/12/2023;EB;1204;=;0.0015;µg/L
NL89_TERNZBI20;04/01/2023;EB;1207;<;0.0003;µg/L
NL89_TERNZBI20;30/01/2023;EB;1207;<;0.0003;µg/L
NL89_TERNZBI20;28/02/2023;EB;1207;<;0.0003;µg/L
NL89_TERNZBI20;27/03/2023;EB;1207;<;0.0003;µg/L
NL89_TERNZBI20;24/04/2023;EB;1207;<;0.0003;µg/L
NL89_TERNZBI20;22/06/2023;EB;1207;<;0.0003;µg/L
NL89_TERNZBI20;17/07/2023;EB;1207;<;0.0003;µg/L
NL89_TERNZBI20;14/08/2023;EB;1207;<;0.0003;µg/L
NL89_TERNZBI20;12/09/2023;EB;1207;<;0.0003;µg/L
NL89_TERNZBI20;11/10/2023;EB;1207;<;0.0003;µg/L
NL89_TERNZBI20;08/11/2023;EB;1207;<;0.0003;µg/L
NL89_TERNZBI20;05/12/2023;EB;1207;<;0.0003;µg/L
NL89_TERNZBI20;04/01/2023;EB;1208;=;0.0011;µg/L
NL89_TERNZBI20;30/01/2023;EB;1208;=;0.0013;µg/L
NL89_TERNZBI20;28/02/2023;EB;1208;=;0.0011;µg/L
NL89_TERNZBI20;27/03/2023;EB;1208;=;0.0010;µg/L
NL89_TERNZBI20;24/04/2023;EB;1208;=;0.0007;µg/L
NL89_TERNZBI20;22/06/2023;EB;1208;=;0.0004;µg/L
NL89_TERNZBI20;17/07/2023;EB;1208;=;0.0004;µg/L
NL89_TERNZBI20;14/08/2023;EB;1208;=;0.0004;µg/L
NL89_TERNZBI20;12/09/2023;EB;1208;=;0.0003;µg/L
NL89_TERNZBI20;11/10/2023;EB;1208;=;0.0004;µg/L
NL89_TERNZBI20;08/11/2023;EB;1208;=;0.0007;µg/L
NL89_TERNZBI20;05/12/2023;EB;1208;=;0.0012;µg/L
NL89_TERNZBI20;04/01/2023;EB;1235;<;0.1000;µg/L
NL89_TERNZBI20;30/01/2023;EB;1235;<;0.1000;µg/L
NL89_TERNZBI20;28/02/2023;EB;1235;<;0.1000;µg/L
NL89_TERNZBI20;27/03/2023;EB;1235;<;0.1000;µg/L
NL89_TERNZBI20;24/04/2023;EB;1235;<;0.1000;µg/L
NL89_TERNZBI20;22/06/2023;EB;1235;<;0.1000;µg/L
NL89_TERNZBI20;17/07/2023;EB;1235;<;0.1000;µg/L
NL89_TERNZBI20;14/08/2023;EB;1235;<;0.1000;µg/L
NL89_TERNZBI20;12/09/2023;EB;1235;<;0.1000;µg/L
NL89_TERNZBI20;11/10/2023;EB;1235;<;0.1000;µg/L
NL89_TERNZBI20;08/11/2023;EB;1235;<;0.1000;µg/L
NL89_TERNZBI20;05/12/2023;EB;1235;<;0.1000;µg/L
NL89_TERNZBI20;04/01/2023;EB;1263;=;0.0008;µg/L
NL89_TERNZBI20;30/01/2023;EB;1263;=;0.0008;µg/L
NL89_TERNZBI20;28/02/2023;EB;1263;=;0.0006;µg/L
NL89_TERNZBI20;27/03/2023;EB;1263;=;0.0006;µg/L
NL89_TERNZBI20;24/04/2023;EB;1263;=;0.0005;µg/L
NL89_TERNZBI20;22/06/2023;EB;1263;<;0.0005;µg/L
NL89_TERNZBI20;17/07/2023;EB;1263;=;0.0005;µg/L
NL89_TERNZBI20;14/08/2023;EB;1263;=;0.0006;µg/L
NL89_TERNZBI20;12/09/2023;EB;1263;=;0.0006;µg/L
NL89_TERNZBI20;11/10/2023;EB;1263;=;0.0008;µg/L
NL89_TERNZBI20;08/11/2023;EB;1263;=;0.0010;µg/L
NL89_TERNZBI20;05/12/2023;EB;1263;=;0.0010;µg/L
NL89_TERNZBI20;04/01/2023;EB;1269;=;0.0013;µg/L
NL89_TERNZBI20;30/01/2023;EB;1269;=;0.0015;µg/L
NL89_TERNZBI20;28/02/2023;EB;1269;=;0.0012;µg/L
NL89_TERNZBI20;27/03/2023;EB;1269;=;0.0012;µg/L
NL89_TERNZBI20;24/04/2023;EB;1269;=;0.0009;µg/L
NL89_TERNZBI20;22/06/2023;EB;1269;=;0.0006;µg/L
NL89_TERNZBI20;17/07/2023;EB;1269;=;0.0006;µg/L
NL89_TERNZBI20;14/08/2023;EB;1269;=;0.0007;µg/L
NL89_TERNZBI20;12/09/2023;EB;1269;<;0.0006;µg/L
NL89_TERNZBI20;11/10/2023;EB;1269;=;0.0007;µg/L
NL89_TERNZBI20;08/11/2023;EB;1269;=;0.0011;µg/L
NL89_TERNZBI20;05/12/2023;EB;1269;=;0.0017;µg/L
NL89_TERNZBI20;04/01/2023;EB;1272;<;0.0100;µg/L
NL89_TERNZBI20;30/01/2023;EB;1272;<;0.0100;µg/L
NL89_TERNZBI20;28/02/2023;EB;1272;=;0.7700;µg/L
NL89_TERNZBI20;27/03/2023;EB;1272;=;0.9200;µg/L
NL89_TERNZBI20;24/04/2023;EB;1272;<;0.0100;µg/L
NL89_TERNZBI20;22/06/2023;EB;1272;<;0.0100;µg/L
NL89_TERNZBI20;17/07/2023;EB;1272;<;0.0100;µg/L
NL89_TERNZBI20;14/08/2023;EB;1272;<;0.0100;µg/L
NL89_TERNZBI20;12/09/2023;EB;1272;<;0.0100;µg/L
NL89_TERNZBI20;11/10/2023;EB;1272;<;0.0100;µg/L
NL89_TERNZBI20;08/11/2023;EB;1272;<;0.0100;µg/L
NL89_TERNZBI20;05/12/2023;EB;1272;<;0.0100;µg/L
NL89_TERNZBI20;04/01/2023;EB;1276;<;0.0100;µg/L
NL89_TERNZBI20;30/01/2023;EB;1276;<;0.0100;µg/L
NL89_TERNZBI20;28/02/2023;EB;1276;<;0.0100;µg/L
NL89_TERNZBI20;27/03/2023;EB;1276;<;0.0100;µg/L
NL89_TERNZBI20;24/04/2023;EB;1276;<;0.0100;µg/L
NL89_TERNZBI20;22/06/2023;EB;1276;<;0.1000;µg/L
NL89_TERNZBI20;17/07/2023;EB;1276;<;0.0100;µg/L
NL89_TERNZBI20;14/08/2023;EB;1276;<;0.0100;µg/L
NL89_TERNZBI20;12/09/2023;EB;1276;<;0.0100;µg/L
NL89_TERNZBI20;11/10/2023;EB;1276;<;0.0100;µg/L
NL89_TERNZBI20;08/11/2023;EB;1276;<;0.0100;µg/L
NL89_TERNZBI20;05/12/2023;EB;1276;<;0.0100;µg/L
NL89_TERNZBI20;04/01/2023;EB;1283;<;0.0100;µg/L
NL89_TERNZBI20;30/01/2023;EB;1283;<;0.0100;µg/L
NL89_TERNZBI20;28/02/2023;EB;1283;<;0.0100;µg/L
NL89_TERNZBI20;27/03/2023;EB;1283;<;0.0100;µg/L
NL89_TERNZBI20;24/04/2023;EB;1283;<;0.0100;µg/L
NL89_TERNZBI20;22/06/2023;EB;1283;<;0.0100;µg/L
NL89_TERNZBI20;17/07/2023;EB;1283;<;0.0100;µg/L
NL89_TERNZBI20;14/08/2023;EB;1283;<;0.0100;µg/L
NL89_TERNZBI20;12/09/2023;EB;1283;<;0.0100;µg/L
NL89_TERNZBI20;11/10/2023;EB;1283;<;0.0100;µg/L
NL89_TERNZBI20;08/11/2023;EB;1283;<;0.0100;µg/L
NL89_TERNZBI20;05/12/2023;EB;1283;<;0.0100;µg/L
NL89_TERNZBI20;04/01/2023;EB;1286;<;0.0100;µg/L
NL89_TERNZBI20;30/01/2023;EB;1286;<;0.0100;µg/L
NL89_TERNZBI20;28/02/2023;EB;1286;<;0.0100;µg/L
NL89_TERNZBI20;27/03/2023;EB;1286;<;0.0100;µg/L
NL89_TERNZBI20;24/04/2023;EB;1286;<;0.0100;µg/L
NL89_TERNZBI20;22/06/2023;EB;1286;<;0.0100;µg/L
NL89_TERNZBI20;17/07/2023;EB;1286;<;0.0100;µg/L
NL89_TERNZBI20;14/08/2023;EB;1286;<;0.0100;µg/L
NL89_TERNZBI20;12/09/2023;EB;1286;<;0.0100;µg/L
NL89_TERNZBI20;11/10/2023;EB;1286;<;0.0100;µg/L
NL89_TERNZBI20;08/11/2023;EB;1286;<;0.0100;µg/L
NL89_TERNZBI20;05/12/2023;EB;1286;<;0.0100;µg/L
NL89_TERNZBI20;04/01/2023;EB;1289;=;NV;µg/L
NL89_TERNZBI20;30/01/2023;EB;1289;=;NV;µg/L
NL89_TERNZBI20;28/02/2023;EB;1289;=;NV;µg/L
NL89_TERNZBI20;27/03/2023;EB;1289;=;NV;µg/L
NL89_TERNZBI20;24/04/2023;EB;1289;=;NV;µg/L
NL89_TERNZBI20;22/06/2023;EB;1289;=;NV;µg/L
NL89_TERNZBI20;17/07/2023;EB;1289;=;NV;µg/L
NL89_TERNZBI20;14/08/2023;EB;1289;=;NV;µg/L
NL89_TERNZBI20;12/09/2023;EB;1289;=;NV;µg/L
NL89_TERNZBI20;04/01/2023;EB;1301;=;7.6000;°C
NL89_TERNZBI20;30/01/2023;EB;1301;=;5.9400;°C
NL89_TERNZBI20;28/02/2023;EB;1301;=;6.8100;°C
NL89_TERNZBI20;27/03/2023;EB;1301;=;8.7300;°C
NL89_TERNZBI20;24/04/2023;EB;1301;=;10.7000;°C
NL89_TERNZBI20;22/06/2023;EB;1301;=;20.4000;°C
NL89_TERNZBI20;17/07/2023;EB;1301;=;20.2000;°C
NL89_TERNZBI20;14/08/2023;EB;1301;=;19.6000;°C
NL89_TERNZBI20;12/09/2023;EB;1301;=;21.6000;°C
NL89_TERNZBI20;11/10/2023;EB;1301;=;17.8000;°C
NL89_TERNZBI20;08/11/2023;EB;1301;=;11.9000;°C
NL89_TERNZBI20;05/12/2023;EB;1301;=;7.4300;°C
NL89_TERNZBI20;04/01/2023;EB;1302;=;7.9200;u pH
NL89_TERNZBI20;30/01/2023;EB;1302;=;8.0200;u pH
NL89_TERNZBI20;28/02/2023;EB;1302;=;7.9500;u pH
NL89_TERNZBI20;27/03/2023;EB;1302;=;8.0200;u pH
NL89_TERNZBI20;24/04/2023;EB;1302;=;7.9700;u pH
NL89_TERNZBI20;22/06/2023;EB;1302;=;7.9800;u pH
NL89_TERNZBI20;17/07/2023;EB;1302;=;8.0500;u pH
NL89_TERNZBI20;14/08/2023;EB;1302;=;7.9700;u pH
NL89_TERNZBI20;12/09/2023;EB;1302;=;7.9700;u pH
NL89_TERNZBI20;11/10/2023;EB;1302;=;7.9100;u pH
NL89_TERNZBI20;08/11/2023;EB;1302;=;7.9400;u pH
NL89_TERNZBI20;05/12/2023;EB;1302;=;7.9600;u pH
NL89_TERNZBI20;04/01/2023;EB;1303;=;38850.0000;µS/cm (à/bij 25°C)
NL89_TERNZBI20;30/01/2023;EB;1303;=;34965.0000;µS/cm (à/bij 25°C)
NL89_TERNZBI20;28/02/2023;EB;1303;=;36630.0000;µS/cm (à/bij 25°C)
NL89_TERNZBI20;27/03/2023;EB;1303;=;34299.0000;µS/cm (à/bij 25°C)
NL89_TERNZBI20;24/04/2023;EB;1303;=;36519.0000;µS/cm (à/bij 25°C)
NL89_TERNZBI20;22/06/2023;EB;1303;=;39516.0000;µS/cm (à/bij 25°C)
NL89_TERNZBI20;17/07/2023;EB;1303;=;40626.0000;µS/cm (à/bij 25°C)
NL89_TERNZBI20;14/08/2023;EB;1303;=;40404.0000;µS/cm (à/bij 25°C)
NL89_TERNZBI20;12/09/2023;EB;1303;=;41070.0000;µS/cm (à/bij 25°C)
NL89_TERNZBI20;11/10/2023;EB;1303;=;42846.0000;µS/cm (à/bij 25°C)
NL89_TERNZBI20;08/11/2023;EB;1303;=;37962.0000;µS/cm (à/bij 25°C)
NL89_TERNZBI20;05/12/2023;EB;1303;=;30525.0000;µS/cm (à/bij 25°C)
NL89_TERNZBI20;04/01/2023;EB;1305;=;106.0000;mg/L
NL89_TERNZBI20;30/01/2023;EB;1305;=;51.0000;mg/L
NL89_TERNZBI20;28/02/2023;EB;1305;=;21.6000;mg/L
NL89_TERNZBI20;27/03/2023;EB;1305;=;45.4000;mg/L
NL89_TERNZBI20;24/04/2023;EB;1305;=;69.4000;mg/L
NL89_TERNZBI20;22/06/2023;EB;1305;=;33.2000;mg/L
NL89_TERNZBI20;17/07/2023;EB;1305;=;109.0000;mg/L
NL89_TERNZBI20;14/08/2023;EB;1305;=;28.6000;mg/L
NL89_TERNZBI20;12/09/2023;EB;1305;=;20.5000;mg/L
NL89_TERNZBI20;11/10/2023;EB;1305;=;61.0000;mg/L
NL89_TERNZBI20;08/11/2023;EB;1305;=;19.0000;mg/L
NL89_TERNZBI20;05/12/2023;EB;1305;=;20.0000;mg/L
NL89_TERNZBI20;04/01/2023;EB;1311;=;95.0000;%
NL89_TERNZBI20;04/01/2023;EB;1311;=;9.7100;mg/L
NL89_TERNZBI20;30/01/2023;EB;1311;=;94.0000;%
NL89_TERNZBI20;30/01/2023;EB;1311;=;10.0000;mg/L
NL89_TERNZBI20;28/02/2023;EB;1311;=;91.0000;%
NL89_TERNZBI20;28/02/2023;EB;1311;=;9.6700;mg/L
NL89_TERNZBI20;27/03/2023;EB;1311;=;97.0000;%
NL89_TERNZBI20;27/03/2023;EB;1311;=;9.6600;mg/L
NL89_TERNZBI20;24/04/2023;EB;1311;=;94.0000;%
NL89_TERNZBI20;24/04/2023;EB;1311;=;9.1500;mg/L
NL89_TERNZBI20;22/06/2023;EB;1311;=;109.0000;%
NL89_TERNZBI20;22/06/2023;EB;1311;=;8.5000;mg/L
NL89_TERNZBI20;17/07/2023;EB;1311;=;104.0000;%
NL89_TERNZBI20;17/07/2023;EB;1311;=;8.1300;mg/L
NL89_TERNZBI20;14/08/2023;EB;1311;=;98.0000;%
NL89_TERNZBI20;14/08/2023;EB;1311;=;7.7500;mg/L
NL89_TERNZBI20;12/09/2023;EB;1311;=;101.0000;%
NL89_TERNZBI20;12/09/2023;EB;1311;=;7.6600;mg/L
NL89_TERNZBI20;11/10/2023;EB;1311;=;93.0000;%
NL89_TERNZBI20;11/10/2023;EB;1311;=;7.4900;mg/L
NL89_TERNZBI20;08/11/2023;EB;1311;=;92.0000;%
NL89_TERNZBI20;08/11/2023;EB;1311;=;8.4800;mg/L
NL89_TERNZBI20;05/12/2023;EB;1311;=;96.0000;%
NL89_TERNZBI20;05/12/2023;EB;1311;=;10.2000;mg/L
NL89_TERNZBI20;04/01/2023;EB;1313;=;NV;mg/L O2
NL89_TERNZBI20;30/01/2023;EB;1313;=;NV;mg/L O2
NL89_TERNZBI20;28/02/2023;EB;1313;=;NV;mg/L O2
NL89_TERNZBI20;27/03/2023;EB;1313;=;NV;mg/L O2
NL89_TERNZBI20;24/04/2023;EB;1313;=;NV;mg/L O2
NL89_TERNZBI20;22/06/2023;EB;1313;=;0.6800;mg/L O2
NL89_TERNZBI20;17/07/2023;EB;1313;=;NV;mg/L O2
NL89_TERNZBI20;14/08/2023;EB;1313;=;1.1000;mg/L O2
NL89_TERNZBI20;12/09/2023;EB;1313;=;0.8700;mg/L O2
NL89_TERNZBI20;11/10/2023;EB;1313;=;0.7600;mg/L O2
NL89_TERNZBI20;08/11/2023;EB;1313;=;0.8200;mg/L O2
NL89_TERNZBI20;05/12/2023;EB;1313;=;NV;mg/L O2
NL89_TERNZBI20;04/01/2023;EF;1335;=;0.0760;mg/L N
NL89_TERNZBI20;30/01/2023;EF;1335;=;0.0917;mg/L N
NL89_TERNZBI20;28/02/2023;EF;1335;=;0.0444;mg/L N
NL89_TERNZBI20;27/03/2023;EF;1335;=;0.0573;mg/L N
NL89_TERNZBI20;24/04/2023;EF;1335;=;0.0517;mg/L N
NL89_TERNZBI20;22/06/2023;EF;1335;=;0.0139;mg/L N
NL89_TERNZBI20;17/07/2023;EF;1335;=;0.0123;mg/L N
NL89_TERNZBI20;14/08/2023;EF;1335;=;0.0579;mg/L N
NL89_TERNZBI20;12/09/2023;EF;1335;=;0.0253;mg/L N
NL89_TERNZBI20;11/10/2023;EF;1335;=;0.0606;mg/L N
NL89_TERNZBI20;08/11/2023;EF;1335;=;0.0855;mg/L N
NL89_TERNZBI20;05/12/2023;EF;1335;=;0.0759;mg/L N
NL89_TERNZBI20;04/01/2023;EF;1337;=;14000.0000;mg/L
NL89_TERNZBI20;30/01/2023;EF;1337;=;12000.0000;mg/L
NL89_TERNZBI20;28/02/2023;EF;1337;=;13000.0000;mg/L
NL89_TERNZBI20;27/03/2023;EF;1337;=;12000.0000;mg/L
NL89_TERNZBI20;24/04/2023;EF;1337;=;13000.0000;mg/L
NL89_TERNZBI20;22/06/2023;EF;1337;=;14000.0000;mg/L
NL89_TERNZBI20;17/07/2023;EF;1337;=;15000.0000;mg/L
NL89_TERNZBI20;14/08/2023;EF;1337;=;14000.0000;mg/L
NL89_TERNZBI20;12/09/2023;EF;1337;=;16000.0000;mg/L
NL89_TERNZBI20;11/10/2023;EF;1337;=;15000.0000;mg/L
NL89_TERNZBI20;08/11/2023;EF;1337;=;13000.0000;mg/L
NL89_TERNZBI20;05/12/2023;EF;1337;=;11000.0000;mg/L
NL89_TERNZBI20;04/01/2023;EF;1338;=;2000.0000;mg/L
NL89_TERNZBI20;30/01/2023;EF;1338;=;1800.0000;mg/L
NL89_TERNZBI20;28/02/2023;EF;1338;=;2000.0000;mg/L
NL89_TERNZBI20;27/03/2023;EF;1338;=;1700.0000;mg/L
NL89_TERNZBI20;24/04/2023;EF;1338;=;1800.0000;mg/L
NL89_TERNZBI20;22/06/2023;EF;1338;=;1800.0000;mg/L
NL89_TERNZBI20;17/07/2023;EF;1338;=;2100.0000;mg/L
NL89_TERNZBI20;14/08/2023;EF;1338;=;2200.0000;mg/L
NL89_TERNZBI20;12/09/2023;EF;1338;=;2300.0000;mg/L
NL89_TERNZBI20;11/10/2023;EF;1338;=;2300.0000;mg/L
NL89_TERNZBI20;08/11/2023;EF;1338;=;1500.0000;mg/L
NL89_TERNZBI20;05/12/2023;EF;1338;=;1600.0000;mg/L
NL89_TERNZBI20;04/01/2023;EF;1339;=;0.0300;mg/L N
NL89_TERNZBI20;30/01/2023;EF;1339;=;0.0787;mg/L N
NL89_TERNZBI20;28/02/2023;EF;1339;=;0.0557;mg/L N
NL89_TERNZBI20;27/03/2023;EF;1339;=;0.0392;mg/L N
NL89_TERNZBI20;24/04/2023;EF;1339;=;0.0333;mg/L N
NL89_TERNZBI20;22/06/2023;EF;1339;=;0.0069;mg/L N
NL89_TERNZBI20;17/07/2023;EF;1339;=;0.0099;mg/L N
NL89_TERNZBI20;14/08/2023;EF;1339;=;0.0251;mg/L N
NL89_TERNZBI20;12/09/2023;EF;1339;=;0.0285;mg/L N
NL89_TERNZBI20;11/10/2023;EF;1339;=;0.0127;mg/L N
NL89_TERNZBI20;08/11/2023;EF;1339;=;0.0206;mg/L N
NL89_TERNZBI20;05/12/2023;EF;1339;=;0.0417;mg/L N
NL89_TERNZBI20;04/01/2023;EF;1340;=;0.7300;mg/L N
NL89_TERNZBI20;30/01/2023;EF;1340;=;1.6100;mg/L N
NL89_TERNZBI20;28/02/2023;EF;1340;=;1.5300;mg/L N
NL89_TERNZBI20;27/03/2023;EF;1340;=;1.7300;mg/L N
NL89_TERNZBI20;24/04/2023;EF;1340;=;1.4700;mg/L N
NL89_TERNZBI20;22/06/2023;EF;1340;=;0.7600;mg/L N
NL89_TERNZBI20;17/07/2023;EF;1340;<;0.0100;mg/L N
NL89_TERNZBI20;14/08/2023;EF;1340;=;0.5670;mg/L N
NL89_TERNZBI20;12/09/2023;EF;1340;=;0.4040;mg/L N
NL89_TERNZBI20;11/10/2023;EF;1340;=;0.4480;mg/L N
NL89_TERNZBI20;08/11/2023;EF;1340;=;1.0000;mg/L N
NL89_TERNZBI20;05/12/2023;EF;1340;=;1.7200;mg/L N
NL89_TERNZBI20;04/01/2023;EB;1345;=;NV;°f (degré français/Franse graden)
NL89_TERNZBI20;30/01/2023;EB;1345;=;NV;°f (degré français/Franse graden)
NL89_TERNZBI20;28/02/2023;EB;1345;=;NV;°f (degré français/Franse graden)
NL89_TERNZBI20;27/03/2023;EB;1345;=;NV;°f (degré français/Franse graden)
NL89_TERNZBI20;24/04/2023;EB;1345;=;NV;°f (degré français/Franse graden)
NL89_TERNZBI20;22/06/2023;EB;1345;=;NV;°f (degré français/Franse graden)
NL89_TERNZBI20;17/07/2023;EB;1345;=;NV;°f (degré français/Franse graden)
NL89_TERNZBI20;14/08/2023;EB;1345;=;NV;°f (degré français/Franse graden)
NL89_TERNZBI20;12/09/2023;EB;1345;=;NV;°f (degré français/Franse graden)
NL89_TERNZBI20;11/10/2023;EB;1345;=;NV;°f (degré français/Franse graden)
NL89_TERNZBI20;08/11/2023;EB;1345;=;NV;°f (degré français/Franse graden)
NL89_TERNZBI20;05/12/2023;EB;1345;=;NV;°f (degré français/Franse graden)
NL89_TERNZBI20;04/01/2023;EB;1350;=;0.1540;mg/L
NL89_TERNZBI20;04/01/2023;EF;1350;=;0.0818;mg/L
NL89_TERNZBI20;30/01/2023;EB;1350;=;0.1430;mg/L
NL89_TERNZBI20;30/01/2023;EF;1350;=;0.0960;mg/L
NL89_TERNZBI20;28/02/2023;EB;1350;=;0.1090;mg/L
NL89_TERNZBI20;28/02/2023;EF;1350;=;0.0730;mg/L
NL89_TERNZBI20;27/03/2023;EB;1350;=;0.1140;mg/L
NL89_TERNZBI20;27/03/2023;EF;1350;=;0.0788;mg/L
NL89_TERNZBI20;24/04/2023;EB;1350;=;0.0981;mg/L
NL89_TERNZBI20;24/04/2023;EF;1350;=;0.0635;mg/L
NL89_TERNZBI20;22/06/2023;EB;1350;=;0.0994;mg/L
NL89_TERNZBI20;22/06/2023;EF;1350;=;0.0477;mg/L
NL89_TERNZBI20;17/07/2023;EB;1350;=;0.0884;mg/L
NL89_TERNZBI20;17/07/2023;EF;1350;=;0.0381;mg/L
NL89_TERNZBI20;14/08/2023;EB;1350;=;0.1380;mg/L
NL89_TERNZBI20;14/08/2023;EF;1350;=;0.0826;mg/L
NL89_TERNZBI20;12/09/2023;EB;1350;=;0.0625;mg/L
NL89_TERNZBI20;12/09/2023;EF;1350;=;0.0383;mg/L
NL89_TERNZBI20;11/10/2023;EB;1350;=;0.1140;mg/L
NL89_TERNZBI20;11/10/2023;EF;1350;=;0.0655;mg/L
NL89_TERNZBI20;08/11/2023;EB;1350;=;0.1150;mg/L
NL89_TERNZBI20;08/11/2023;EF;1350;=;0.0920;mg/L
NL89_TERNZBI20;05/12/2023;EB;1350;=;0.1430;mg/L
NL89_TERNZBI20;05/12/2023;EF;1350;=;0.1210;mg/L
NL89_TERNZBI20;04/01/2023;EF;1361;=;2.6700;µg/L
NL89_TERNZBI20;30/01/2023;EF;1361;=;1.7500;µg/L
NL89_TERNZBI20;28/02/2023;EF;1361;=;1.5600;µg/L
NL89_TERNZBI20;27/03/2023;EF;1361;=;1.6200;µg/L
NL89_TERNZBI20;24/04/2023;EF;1361;=;2.0500;µg/L
NL89_TERNZBI20;22/06/2023;EF;1361;=;1.8100;µg/L
NL89_TERNZBI20;17/07/2023;EF;1361;=;1.5700;µg/L
NL89_TERNZBI20;14/08/2023;EF;1361;=;1.9500;µg/L
NL89_TERNZBI20;12/09/2023;EF;1361;=;2.7300;µg/L
NL89_TERNZBI20;11/10/2023;EF;1361;=;1.7800;µg/L
NL89_TERNZBI20;08/11/2023;EF;1361;=;1.7100;µg/L
NL89_TERNZBI20;05/12/2023;EF;1361;=;1.2700;µg/L
NL89_TERNZBI20;04/01/2023;EF;1368;=;0.0069;µg/L
NL89_TERNZBI20;30/01/2023;EF;1368;<;0.0030;µg/L
NL89_TERNZBI20;28/02/2023;EF;1368;<;0.0030;µg/L
NL89_TERNZBI20;27/03/2023;EF;1368;<;0.0030;µg/L
NL89_TERNZBI20;24/04/2023;EF;1368;=;0.0302;µg/L
NL89_TERNZBI20;22/06/2023;EF;1368;<;0.0030;µg/L
NL89_TERNZBI20;17/07/2023;EF;1368;<;0.0030;µg/L
NL89_TERNZBI20;14/08/2023;EF;1368;<;0.0030;µg/L
NL89_TERNZBI20;12/09/2023;EF;1368;=;0.0036;µg/L
NL89_TERNZBI20;11/10/2023;EF;1368;<;0.0030;µg/L
NL89_TERNZBI20;08/11/2023;EF;1368;<;0.0030;µg/L
NL89_TERNZBI20;05/12/2023;EF;1368;<;0.0030;µg/L
NL89_TERNZBI20;04/01/2023;EF;1369;=;2.2800;µg/L
NL89_TERNZBI20;30/01/2023;EF;1369;=;1.8900;µg/L
NL89_TERNZBI20;28/02/2023;EF;1369;=;1.6900;µg/L
NL89_TERNZBI20;27/03/2023;EF;1369;=;1.5900;µg/L
NL89_TERNZBI20;24/04/2023;EF;1369;=;2.0000;µg/L
NL89_TERNZBI20;22/06/2023;EF;1369;=;1.8700;µg/L
NL89_TERNZBI20;17/07/2023;EF;1369;=;1.9200;µg/L
NL89_TERNZBI20;14/08/2023;EF;1369;=;2.4000;µg/L
NL89_TERNZBI20;12/09/2023;EF;1369;=;2.4600;µg/L
NL89_TERNZBI20;11/10/2023;EF;1369;=;2.3600;µg/L
NL89_TERNZBI20;08/11/2023;EF;1369;=;2.0200;µg/L
NL89_TERNZBI20;05/12/2023;EF;1369;=;1.9100;µg/L
NL89_TERNZBI20;04/01/2023;EF;1379;=;0.0899;µg/L
NL89_TERNZBI20;30/01/2023;EF;1379;=;0.0698;µg/L
NL89_TERNZBI20;28/02/2023;EF;1379;=;0.0807;µg/L
NL89_TERNZBI20;27/03/2023;EF;1379;=;0.0649;µg/L
NL89_TERNZBI20;24/04/2023;EF;1379;=;0.0739;µg/L
NL89_TERNZBI20;22/06/2023;EF;1379;=;0.0584;µg/L
NL89_TERNZBI20;17/07/2023;EF;1379;=;0.0524;µg/L
NL89_TERNZBI20;14/08/2023;EF;1379;=;0.0554;µg/L
NL89_TERNZBI20;12/09/2023;EF;1379;=;0.0633;µg/L
NL89_TERNZBI20;11/10/2023;EF;1379;=;0.0927;µg/L
NL89_TERNZBI20;08/11/2023;EF;1379;=;0.0792;µg/L
NL89_TERNZBI20;05/12/2023;EF;1379;=;0.0643;µg/L
NL89_TERNZBI20;04/01/2023;EF;1382;=;0.0619;µg/L
NL89_TERNZBI20;30/01/2023;EF;1382;=;0.0391;µg/L
NL89_TERNZBI20;28/02/2023;EF;1382;=;0.0419;µg/L
NL89_TERNZBI20;27/03/2023;EF;1382;=;0.0392;µg/L
NL89_TERNZBI20;24/04/2023;EF;1382;=;0.0462;µg/L
NL89_TERNZBI20;22/06/2023;EF;1382;=;0.0233;µg/L
NL89_TERNZBI20;17/07/2023;EF;1382;<;0.0200;µg/L
NL89_TERNZBI20;14/08/2023;EF;1382;=;0.0203;µg/L
NL89_TERNZBI20;12/09/2023;EF;1382;=;0.0299;µg/L
NL89_TERNZBI20;11/10/2023;EF;1382;=;0.0264;µg/L
NL89_TERNZBI20;08/11/2023;EF;1382;<;0.0200;µg/L
NL89_TERNZBI20;05/12/2023;EF;1382;=;0.0210;µg/L
NL89_TERNZBI20;04/01/2023;EF;1383;=;4.8000;µg/L
NL89_TERNZBI20;30/01/2023;EF;1383;=;2.8300;µg/L
NL89_TERNZBI20;28/02/2023;EF;1383;=;2.4400;µg/L
NL89_TERNZBI20;27/03/2023;EF;1383;=;2.2200;µg/L
NL89_TERNZBI20;24/04/2023;EF;1383;=;3.2600;µg/L
NL89_TERNZBI20;22/06/2023;EF;1383;=;2.1700;µg/L
NL89_TERNZBI20;17/07/2023;EF;1383;=;1.1400;µg/L
NL89_TERNZBI20;14/08/2023;EF;1383;=;2.0600;µg/L
NL89_TERNZBI20;12/09/2023;EF;1383;=;2.3300;µg/L
NL89_TERNZBI20;11/10/2023;EF;1383;=;1.3600;µg/L
NL89_TERNZBI20;08/11/2023;EF;1383;=;1.4100;µg/L
NL89_TERNZBI20;05/12/2023;EF;1383;=;1.2500;µg/L
NL89_TERNZBI20;04/01/2023;EF;1385;=;0.2500;µg/L
NL89_TERNZBI20;30/01/2023;EF;1385;=;0.2360;µg/L
NL89_TERNZBI20;28/02/2023;EF;1385;=;0.2240;µg/L
NL89_TERNZBI20;27/03/2023;EF;1385;=;0.2010;µg/L
NL89_TERNZBI20;24/04/2023;EF;1385;=;0.2370;µg/L
NL89_TERNZBI20;22/06/2023;EF;1385;=;0.1560;µg/L
NL89_TERNZBI20;17/07/2023;EF;1385;=;0.1700;µg/L
NL89_TERNZBI20;14/08/2023;EF;1385;=;0.1680;µg/L
NL89_TERNZBI20;12/09/2023;EF;1385;=;0.1800;µg/L
NL89_TERNZBI20;11/10/2023;EF;1385;=;0.1490;µg/L
NL89_TERNZBI20;08/11/2023;EF;1385;=;0.1750;µg/L
NL89_TERNZBI20;05/12/2023;EF;1385;=;0.2070;µg/L
NL89_TERNZBI20;04/01/2023;EF;1386;=;1.2900;µg/L
NL89_TERNZBI20;30/01/2023;EF;1386;=;1.0100;µg/L
NL89_TERNZBI20;28/02/2023;EF;1386;=;0.9040;µg/L
NL89_TERNZBI20;27/03/2023;EF;1386;=;0.8610;µg/L
NL89_TERNZBI20;24/04/2023;EF;1386;=;1.2800;µg/L
NL89_TERNZBI20;22/06/2023;EF;1386;=;1.2200;µg/L
NL89_TERNZBI20;17/07/2023;EF;1386;=;0.6900;µg/L
NL89_TERNZBI20;14/08/2023;EF;1386;=;0.9720;µg/L
NL89_TERNZBI20;12/09/2023;EF;1386;=;1.0000;µg/L
NL89_TERNZBI20;11/10/2023;EF;1386;=;0.8440;µg/L
NL89_TERNZBI20;08/11/2023;EF;1386;=;0.9030;µg/L
NL89_TERNZBI20;05/12/2023;EF;1386;=;0.9840;µg/L
NL89_TERNZBI20;04/01/2023;EF;1387;=;0.0003;µg/L
NL89_TERNZBI20;30/01/2023;EF;1387;=;0.0006;µg/L
NL89_TERNZBI20;28/02/2023;EF;1387;=;0.0001;µg/L
NL89_TERNZBI20;27/03/2023;EF;1387;=;0.0002;µg/L
NL89_TERNZBI20;24/04/2023;EF;1387;=;0.0003;µg/L
NL89_TERNZBI20;22/06/2023;EF;1387;=;0.0001;µg/L
NL89_TERNZBI20;17/07/2023;EF;1387;=;0.0002;µg/L
NL89_TERNZBI20;14/08/2023;EF;1387;<;0.0001;µg/L
NL89_TERNZBI20;12/09/2023;EF;1387;=;0.0002;µg/L
NL89_TERNZBI20;11/10/2023;EF;1387;=;0.0004;µg/L
NL89_TERNZBI20;08/11/2023;EF;1387;<;0.0003;µg/L
NL89_TERNZBI20;05/12/2023;EF;1387;<;0.0003;µg/L
NL89_TERNZBI20;04/01/2023;EF;1388;=;0.0846;µg/L
NL89_TERNZBI20;30/01/2023;EF;1388;=;0.0410;µg/L
NL89_TERNZBI20;28/02/2023;EF;1388;=;0.0352;µg/L
NL89_TERNZBI20;27/03/2023;EF;1388;=;0.0356;µg/L
NL89_TERNZBI20;24/04/2023;EF;1388;=;0.0618;µg/L
NL89_TERNZBI20;22/06/2023;EF;1388;=;0.0412;µg/L
NL89_TERNZBI20;17/07/2023;EF;1388;=;0.0239;µg/L
NL89_TERNZBI20;14/08/2023;EF;1388;=;0.0461;µg/L
NL89_TERNZBI20;12/09/2023;EF;1388;=;0.0493;µg/L
NL89_TERNZBI20;11/10/2023;EF;1388;=;0.0364;µg/L
NL89_TERNZBI20;08/11/2023;EF;1388;=;0.0366;µg/L
NL89_TERNZBI20;05/12/2023;EF;1388;=;0.0276;µg/L
NL89_TERNZBI20;04/01/2023;EF;1392;=;1.5300;µg/L
NL89_TERNZBI20;30/01/2023;EF;1392;=;1.3200;µg/L
NL89_TERNZBI20;28/02/2023;EF;1392;=;1.0200;µg/L
NL89_TERNZBI20;27/03/2023;EF;1392;=;0.9360;µg/L
NL89_TERNZBI20;24/04/2023;EF;1392;=;1.5000;µg/L
NL89_TERNZBI20;22/06/2023;EF;1392;=;1.3400;µg/L
NL89_TERNZBI20;17/07/2023;EF;1392;=;1.2100;µg/L
NL89_TERNZBI20;14/08/2023;EF;1392;=;1.3800;µg/L
NL89_TERNZBI20;12/09/2023;EF;1392;=;1.6300;µg/L
NL89_TERNZBI20;11/10/2023;EF;1392;=;1.1100;µg/L
NL89_TERNZBI20;08/11/2023;EF;1392;=;0.9900;µg/L
NL89_TERNZBI20;05/12/2023;EF;1392;=;1.2000;µg/L
NL89_TERNZBI20;04/01/2023;EF;1433;=;0.0711;mg/L P
NL89_TERNZBI20;30/01/2023;EF;1433;=;0.0738;mg/L P
NL89_TERNZBI20;28/02/2023;EF;1433;=;0.0721;mg/L P
NL89_TERNZBI20;27/03/2023;EF;1433;=;0.0693;mg/L P
NL89_TERNZBI20;24/04/2023;EF;1433;=;0.0581;mg/L P
NL89_TERNZBI20;22/06/2023;EF;1433;=;0.0394;mg/L P
NL89_TERNZBI20;17/07/2023;EF;1433;=;0.0399;mg/L P
NL89_TERNZBI20;14/08/2023;EF;1433;=;0.0709;mg/L P
NL89_TERNZBI20;12/09/2023;EF;1433;=;0.0473;mg/L P
NL89_TERNZBI20;11/10/2023;EF;1433;=;0.0481;mg/L P
NL89_TERNZBI20;08/11/2023;EF;1433;=;0.0927;mg/L P
NL89_TERNZBI20;05/12/2023;EF;1433;=;0.1170;mg/L P
NL89_TERNZBI20;04/01/2023;EB;1439;=;0.2600;µg/L
NL89_TERNZBI20;30/01/2023;EB;1439;=;2.2000;µg/L
NL89_TERNZBI20;28/02/2023;EB;1439;=;1.1600;µg/L
NL89_TERNZBI20;27/03/2023;EB;1439;=;2.2000;µg/L
NL89_TERNZBI20;24/04/2023;EB;1439;=;1.5100;µg/L
NL89_TERNZBI20;22/06/2023;EB;1439;=;10.0000;µg/L
NL89_TERNZBI20;17/07/2023;EB;1439;=;13.2000;µg/L
NL89_TERNZBI20;14/08/2023;EB;1439;=;4.6000;µg/L
NL89_TERNZBI20;12/09/2023;EB;1439;=;5.7000;µg/L
NL89_TERNZBI20;11/10/2023;EB;1439;=;3.3000;µg/L
NL89_TERNZBI20;08/11/2023;EB;1439;=;1.7200;µg/L
NL89_TERNZBI20;05/12/2023;EB;1439;=;1.2300;µg/L
NL89_TERNZBI20;04/01/2023;EB;1458;<;0.0030;µg/L
NL89_TERNZBI20;30/01/2023;EB;1458;<;0.0030;µg/L
NL89_TERNZBI20;28/02/2023;EB;1458;<;0.0030;µg/L
NL89_TERNZBI20;27/03/2023;EB;1458;<;0.0030;µg/L
NL89_TERNZBI20;24/04/2023;EB;1458;=;0.0033;µg/L
NL89_TERNZBI20;22/06/2023;EB;1458;<;0.0030;µg/L
NL89_TERNZBI20;17/07/2023;EB;1458;<;0.0030;µg/L
NL89_TERNZBI20;14/08/2023;EB;1458;<;0.0030;µg/L
NL89_TERNZBI20;12/09/2023;EB;1458;<;0.0030;µg/L
NL89_TERNZBI20;11/10/2023;EB;1458;<;0.0030;µg/L
NL89_TERNZBI20;08/11/2023;EB;1458;<;0.0030;µg/L
NL89_TERNZBI20;05/12/2023;EB;1458;<;0.0030;µg/L
NL89_TERNZBI20;04/01/2023;EB;1464;<;0.0003;µg/L
NL89_TERNZBI20;30/01/2023;EB;1464;<;0.0003;µg/L
NL89_TERNZBI20;28/02/2023;EB;1464;<;0.0003;µg/L
NL89_TERNZBI20;27/03/2023;EB;1464;<;0.0003;µg/L
NL89_TERNZBI20;24/04/2023;EB;1464;<;0.0003;µg/L
NL89_TERNZBI20;22/06/2023;EB;1464;<;0.0003;µg/L
NL89_TERNZBI20;17/07/2023;EB;1464;<;0.0003;µg/L
NL89_TERNZBI20;14/08/2023;EB;1464;<;0.0003;µg/L
NL89_TERNZBI20;12/09/2023;EB;1464;<;0.0003;µg/L
NL89_TERNZBI20;11/10/2023;EB;1464;<;0.0003;µg/L
NL89_TERNZBI20;08/11/2023;EB;1464;<;0.0003;µg/L
NL89_TERNZBI20;05/12/2023;EB;1464;<;0.0003;µg/L
NL89_TERNZBI20;04/01/2023;EB;1517;=;0.0722;µg/L
NL89_TERNZBI20;30/01/2023;EB;1517;=;0.0452;µg/L
NL89_TERNZBI20;28/02/2023;EB;1517;=;0.0355;µg/L
NL89_TERNZBI20;27/03/2023;EB;1517;=;0.0519;µg/L
NL89_TERNZBI20;24/04/2023;EB;1517;<;0.0200;µg/L
NL89_TERNZBI20;22/06/2023;EB;1517;=;0.0202;µg/L
NL89_TERNZBI20;17/07/2023;EB;1517;<;0.0200;µg/L
NL89_TERNZBI20;14/08/2023;EB;1517;<;0.0200;µg/L
NL89_TERNZBI20;12/09/2023;EB;1517;<;0.0200;µg/L
NL89_TERNZBI20;11/10/2023;EB;1517;<;0.0200;µg/L
NL89_TERNZBI20;08/11/2023;EB;1517;<;0.0200;µg/L
NL89_TERNZBI20;05/12/2023;EB;1517;<;0.0200;µg/L
NL89_TERNZBI20;04/01/2023;EB;1551;=;0.9500;mg/L
NL89_TERNZBI20;04/01/2023;EF;1551;=;0.5650;mg/L
NL89_TERNZBI20;30/01/2023;EB;1551;=;1.9900;mg/L
NL89_TERNZBI20;30/01/2023;EF;1551;=;1.8400;mg/L
NL89_TERNZBI20;28/02/2023;EB;1551;=;1.2300;mg/L
NL89_TERNZBI20;28/02/2023;EF;1551;=;1.1500;mg/L
NL89_TERNZBI20;27/03/2023;EB;1551;=;2.1300;mg/L
NL89_TERNZBI20;27/03/2023;EF;1551;=;1.9800;mg/L
NL89_TERNZBI20;24/04/2023;EB;1551;=;1.7000;mg/L
NL89_TERNZBI20;24/04/2023;EF;1551;=;1.5100;mg/L
NL89_TERNZBI20;22/06/2023;EB;1551;=;0.9560;mg/L
NL89_TERNZBI20;22/06/2023;EF;1551;=;0.8200;mg/L
NL89_TERNZBI20;17/07/2023;EB;1551;=;0.8120;mg/L
NL89_TERNZBI20;17/07/2023;EF;1551;=;0.5000;mg/L
NL89_TERNZBI20;14/08/2023;EB;1551;=;1.0700;mg/L
NL89_TERNZBI20;14/08/2023;EF;1551;=;0.9690;mg/L
NL89_TERNZBI20;12/09/2023;EB;1551;=;0.6980;mg/L
NL89_TERNZBI20;12/09/2023;EF;1551;=;0.6080;mg/L
NL89_TERNZBI20;11/10/2023;EB;1551;=;1.0000;mg/L
NL89_TERNZBI20;11/10/2023;EF;1551;=;0.8360;mg/L
NL89_TERNZBI20;08/11/2023;EB;1551;=;1.1000;mg/L
NL89_TERNZBI20;08/11/2023;EF;1551;=;1.0400;mg/L
NL89_TERNZBI20;05/12/2023;EB;1551;=;1.9500;mg/L
NL89_TERNZBI20;05/12/2023;EF;1551;=;1.8700;mg/L
NL89_TERNZBI20;04/01/2023;EB;1629;<;0.0100;µg/L
NL89_TERNZBI20;30/01/2023;EB;1629;<;0.0100;µg/L
NL89_TERNZBI20;28/02/2023;EB;1629;<;0.0100;µg/L
NL89_TERNZBI20;27/03/2023;EB;1629;<;0.0100;µg/L
NL89_TERNZBI20;24/04/2023;EB;1629;<;0.0100;µg/L
NL89_TERNZBI20;22/06/2023;EB;1629;<;0.0100;µg/L
NL89_TERNZBI20;17/07/2023;EB;1629;<;0.0100;µg/L
NL89_TERNZBI20;14/08/2023;EB;1629;<;0.0100;µg/L
NL89_TERNZBI20;12/09/2023;EB;1629;<;0.0100;µg/L
NL89_TERNZBI20;11/10/2023;EB;1629;<;0.0100;µg/L
NL89_TERNZBI20;08/11/2023;EB;1629;<;0.0100;µg/L
NL89_TERNZBI20;05/12/2023;EB;1629;<;0.0100;µg/L
NL89_TERNZBI20;04/01/2023;EB;1630;<;0.0100;µg/L
NL89_TERNZBI20;30/01/2023;EB;1630;<;0.0100;µg/L
NL89_TERNZBI20;28/02/2023;EB;1630;<;0.0100;µg/L
NL89_TERNZBI20;27/03/2023;EB;1630;<;0.0100;µg/L
NL89_TERNZBI20;24/04/2023;EB;1630;<;0.0100;µg/L
NL89_TERNZBI20;22/06/2023;EB;1630;<;0.0100;µg/L
NL89_TERNZBI20;17/07/2023;EB;1630;<;0.0100;µg/L
NL89_TERNZBI20;14/08/2023;EB;1630;<;0.0100;µg/L
NL89_TERNZBI20;12/09/2023;EB;1630;<;0.0100;µg/L
NL89_TERNZBI20;11/10/2023;EB;1630;<;0.0100;µg/L
NL89_TERNZBI20;08/11/2023;EB;1630;<;0.0100;µg/L
NL89_TERNZBI20;05/12/2023;EB;1630;<;0.0100;µg/L
NL89_TERNZBI20;04/01/2023;EB;1652;<;0.0005;µg/L
NL89_TERNZBI20;30/01/2023;EB;1652;<;0.0005;µg/L
NL89_TERNZBI20;28/02/2023;EB;1652;<;0.0005;µg/L
NL89_TERNZBI20;27/03/2023;EB;1652;<;0.0005;µg/L
NL89_TERNZBI20;24/04/2023;EB;1652;<;0.0005;µg/L
NL89_TERNZBI20;22/06/2023;EB;1652;<;0.0005;µg/L
NL89_TERNZBI20;17/07/2023;EB;1652;<;0.0005;µg/L
NL89_TERNZBI20;14/08/2023;EB;1652;<;0.0005;µg/L
NL89_TERNZBI20;12/09/2023;EB;1652;<;0.0005;µg/L
NL89_TERNZBI20;11/10/2023;EB;1652;<;0.0005;µg/L
NL89_TERNZBI20;08/11/2023;EB;1652;<;0.0005;µg/L
NL89_TERNZBI20;05/12/2023;EB;1652;<;0.0005;µg/L
NL89_TERNZBI20;04/01/2023;EB;1688;<;0.0010;µg/L
NL89_TERNZBI20;30/01/2023;EB;1688;<;0.0010;µg/L
NL89_TERNZBI20;28/02/2023;EB;1688;<;0.0010;µg/L
NL89_TERNZBI20;27/03/2023;EB;1688;<;0.0010;µg/L
NL89_TERNZBI20;24/04/2023;EB;1688;<;0.0010;µg/L
NL89_TERNZBI20;22/06/2023;EB;1688;<;0.0010;µg/L
NL89_TERNZBI20;17/07/2023;EB;1688;<;0.0010;µg/L
NL89_TERNZBI20;14/08/2023;EB;1688;<;0.0010;µg/L
NL89_TERNZBI20;12/09/2023;EB;1688;<;0.0010;µg/L
NL89_TERNZBI20;11/10/2023;EB;1688;<;0.0010;µg/L
NL89_TERNZBI20;08/11/2023;EB;1688;<;0.0010;µg/L
NL89_TERNZBI20;05/12/2023;EB;1688;<;0.0010;µg/L
NL89_TERNZBI20;04/01/2023;EB;1877;=;0.0013;µg/L
NL89_TERNZBI20;30/01/2023;EB;1877;=;0.0015;µg/L
NL89_TERNZBI20;28/02/2023;EB;1877;=;0.0011;µg/L
NL89_TERNZBI20;27/03/2023;EB;1877;=;0.0012;µg/L
NL89_TERNZBI20;24/04/2023;EB;1877;=;0.0010;µg/L
NL89_TERNZBI20;22/06/2023;EB;1877;=;0.0007;µg/L
NL89_TERNZBI20;17/07/2023;EB;1877;<;0.0006;µg/L
NL89_TERNZBI20;14/08/2023;EB;1877;<;0.0006;µg/L
NL89_TERNZBI20;12/09/2023;EB;1877;<;0.0006;µg/L
NL89_TERNZBI20;11/10/2023;EB;1877;=;0.0007;µg/L
NL89_TERNZBI20;08/11/2023;EB;1877;=;0.0012;µg/L
NL89_TERNZBI20;05/12/2023;EB;1877;=;0.0017;µg/L
NL89_TERNZBI20;04/01/2023;EB;1888;=;0.0000;µg/L
NL89_TERNZBI20;30/01/2023;EB;1888;=;0.0000;µg/L
NL89_TERNZBI20;28/02/2023;EB;1888;<;0.0000;µg/L
NL89_TERNZBI20;27/03/2023;EB;1888;<;0.0000;µg/L
NL89_TERNZBI20;24/04/2023;EB;1888;=;0.0000;µg/L
NL89_TERNZBI20;22/06/2023;EB;1888;=;0.0000;µg/L
NL89_TERNZBI20;17/07/2023;EB;1888;=;0.0000;µg/L
NL89_TERNZBI20;14/08/2023;EB;1888;<;0.0000;µg/L
NL89_TERNZBI20;12/09/2023;EB;1888;<;0.0000;µg/L
NL89_TERNZBI20;11/10/2023;EB;1888;<;0.0000;µg/L
NL89_TERNZBI20;08/11/2023;EB;1888;<;0.0000;µg/L
NL89_TERNZBI20;05/12/2023;EB;1888;<;0.0000;µg/L
NL89_TERNZBI20;04/01/2023;EB;1935;=;0.0001;µg/L
NL89_TERNZBI20;30/01/2023;EB;1935;=;0.0001;µg/L
NL89_TERNZBI20;28/02/2023;EB;1935;=;0.0001;µg/L
NL89_TERNZBI20;27/03/2023;EB;1935;=;0.0001;µg/L
NL89_TERNZBI20;24/04/2023;EB;1935;=;0.0001;µg/L
NL89_TERNZBI20;22/06/2023;EB;1935;<;0.0001;µg/L
NL89_TERNZBI20;17/07/2023;EB;1935;=;0.0001;µg/L
NL89_TERNZBI20;14/08/2023;EB;1935;=;0.0001;µg/L
NL89_TERNZBI20;12/09/2023;EB;1935;<;0.0001;µg/L
NL89_TERNZBI20;11/10/2023;EB;1935;=;0.0001;µg/L
NL89_TERNZBI20;08/11/2023;EB;1935;=;0.0001;µg/L
NL89_TERNZBI20;05/12/2023;EB;1935;=;0.0001;µg/L
NL89_TERNZBI20;04/01/2023;EB;1959;<;0.0030;µg/L
NL89_TERNZBI20;30/01/2023;EB;1959;<;0.0030;µg/L
NL89_TERNZBI20;28/02/2023;EB;1959;<;0.0030;µg/L
NL89_TERNZBI20;27/03/2023;EB;1959;<;0.0030;µg/L
NL89_TERNZBI20;24/04/2023;EB;1959;<;0.0030;µg/L
NL89_TERNZBI20;22/06/2023;EB;1959;<;0.0030;µg/L
NL89_TERNZBI20;17/07/2023;EB;1959;<;0.0030;µg/L
NL89_TERNZBI20;14/08/2023;EB;1959;=;0.0032;µg/L
NL89_TERNZBI20;12/09/2023;EB;1959;<;0.0030;µg/L
NL89_TERNZBI20;11/10/2023;EB;1959;<;0.0030;µg/L
NL89_TERNZBI20;08/11/2023;EB;1959;<;0.0030;µg/L
NL89_TERNZBI20;05/12/2023;EB;1959;<;0.0030;µg/L
NL89_TERNZBI20;04/01/2023;EB;2028;<;0.0001;µg/L
NL89_TERNZBI20;30/01/2023;EB;2028;<;0.0001;µg/L
NL89_TERNZBI20;28/02/2023;EB;2028;<;0.0001;µg/L
NL89_TERNZBI20;27/03/2023;EB;2028;<;0.0001;µg/L
NL89_TERNZBI20;24/04/2023;EB;2028;<;0.0001;µg/L
NL89_TERNZBI20;22/06/2023;EB;2028;<;0.0001;µg/L
NL89_TERNZBI20;17/07/2023;EB;2028;<;0.0001;µg/L
NL89_TERNZBI20;14/08/2023;EB;2028;<;0.0001;µg/L
NL89_TERNZBI20;12/09/2023;EB;2028;<;0.0001;µg/L
NL89_TERNZBI20;11/10/2023;EB;2028;<;0.0001;µg/L
NL89_TERNZBI20;08/11/2023;EB;2028;<;0.0001;µg/L
NL89_TERNZBI20;05/12/2023;EB;2028;<;0.0001;µg/L
NL89_TERNZBI20;04/01/2023;EB;2879;=;0.0010;µg/L
NL89_TERNZBI20;30/01/2023;EB;2879;=;0.0006;µg/L
NL89_TERNZBI20;28/02/2023;EB;2879;=;0.0009;µg/L
NL89_TERNZBI20;27/03/2023;EB;2879;=;0.0007;µg/L
NL89_TERNZBI20;24/04/2023;EB;2879;=;0.0012;µg/L
NL89_TERNZBI20;22/06/2023;EB;2879;=;0.0004;µg/L
NL89_TERNZBI20;17/07/2023;EB;2879;=;0.0004;µg/L
NL89_TERNZBI20;14/08/2023;EB;2879;=;0.0003;µg/L
NL89_TERNZBI20;12/09/2023;EB;2879;=;0.0002;µg/L
NL89_TERNZBI20;11/10/2023;EB;2879;=;0.0003;µg/L
NL89_TERNZBI20;08/11/2023;EB;2879;=;0.0003;µg/L
NL89_TERNZBI20;05/12/2023;EB;2879;=;0.0003;µg/L
NL89_TERNZBI20;04/01/2023;EB;2911;<;0.0005;µg/L
NL89_TERNZBI20;30/01/2023;EB;2911;<;0.0005;µg/L
NL89_TERNZBI20;28/02/2023;EB;2911;<;0.0005;µg/L
NL89_TERNZBI20;27/03/2023;EB;2911;<;0.0005;µg/L
NL89_TERNZBI20;24/04/2023;EB;2911;<;0.0005;µg/L
NL89_TERNZBI20;22/06/2023;EB;2911;<;0.0005;µg/L
NL89_TERNZBI20;17/07/2023;EB;2911;<;0.0005;µg/L
NL89_TERNZBI20;14/08/2023;EB;2911;<;0.0005;µg/L
NL89_TERNZBI20;12/09/2023;EB;2911;<;0.0005;µg/L
NL89_TERNZBI20;11/10/2023;EB;2911;<;0.0005;µg/L
NL89_TERNZBI20;08/11/2023;EB;2911;<;0.0005;µg/L
NL89_TERNZBI20;05/12/2023;EB;2911;<;0.0005;µg/L
NL89_TERNZBI20;04/01/2023;EB;2912;<;0.0005;µg/L
NL89_TERNZBI20;30/01/2023;EB;2912;<;0.0005;µg/L
NL89_TERNZBI20;28/02/2023;EB;2912;<;0.0005;µg/L
NL89_TERNZBI20;27/03/2023;EB;2912;<;0.0005;µg/L
NL89_TERNZBI20;24/04/2023;EB;2912;<;0.0005;µg/L
NL89_TERNZBI20;22/06/2023;EB;2912;<;0.0005;µg/L
NL89_TERNZBI20;17/07/2023;EB;2912;<;0.0005;µg/L
NL89_TERNZBI20;14/08/2023;EB;2912;<;0.0005;µg/L
NL89_TERNZBI20;12/09/2023;EB;2912;<;0.0005;µg/L
NL89_TERNZBI20;11/10/2023;EB;2912;<;0.0005;µg/L
NL89_TERNZBI20;08/11/2023;EB;2912;<;0.0005;µg/L
NL89_TERNZBI20;05/12/2023;EB;2912;<;0.0005;µg/L
NL89_TERNZBI20;04/01/2023;EB;2915;<;0.0005;µg/L
NL89_TERNZBI20;30/01/2023;EB;2915;<;0.0005;µg/L
NL89_TERNZBI20;28/02/2023;EB;2915;<;0.0005;µg/L
NL89_TERNZBI20;27/03/2023;EB;2915;<;0.0005;µg/L
NL89_TERNZBI20;24/04/2023;EB;2915;<;0.0005;µg/L
NL89_TERNZBI20;22/06/2023;EB;2915;<;0.0005;µg/L
NL89_TERNZBI20;17/07/2023;EB;2915;<;0.0005;µg/L
NL89_TERNZBI20;14/08/2023;EB;2915;<;0.0005;µg/L
NL89_TERNZBI20;12/09/2023;EB;2915;<;0.0005;µg/L
NL89_TERNZBI20;11/10/2023;EB;2915;<;0.0005;µg/L
NL89_TERNZBI20;08/11/2023;EB;2915;<;0.0005;µg/L
NL89_TERNZBI20;05/12/2023;EB;2915;<;0.0005;µg/L
NL89_TERNZBI20;04/01/2023;EB;2916;<;0.0005;µg/L
NL89_TERNZBI20;30/01/2023;EB;2916;<;0.0005;µg/L
NL89_TERNZBI20;28/02/2023;EB;2916;<;0.0005;µg/L
NL89_TERNZBI20;27/03/2023;EB;2916;<;0.0005;µg/L
NL89_TERNZBI20;24/04/2023;EB;2916;<;0.0005;µg/L
NL89_TERNZBI20;22/06/2023;EB;2916;<;0.0005;µg/L
NL89_TERNZBI20;17/07/2023;EB;2916;<;0.0005;µg/L
NL89_TERNZBI20;14/08/2023;EB;2916;<;0.0005;µg/L
NL89_TERNZBI20;12/09/2023;EB;2916;<;0.0005;µg/L
NL89_TERNZBI20;11/10/2023;EB;2916;<;0.0005;µg/L
NL89_TERNZBI20;08/11/2023;EB;2916;<;0.0005;µg/L
NL89_TERNZBI20;05/12/2023;EB;2916;<;0.0005;µg/L
NL89_TERNZBI20;04/01/2023;EB;2919;<;0.0005;µg/L
NL89_TERNZBI20;30/01/2023;EB;2919;<;0.0005;µg/L
NL89_TERNZBI20;28/02/2023;EB;2919;<;0.0005;µg/L
NL89_TERNZBI20;27/03/2023;EB;2919;<;0.0005;µg/L
NL89_TERNZBI20;24/04/2023;EB;2919;<;0.0005;µg/L
NL89_TERNZBI20;22/06/2023;EB;2919;<;0.0005;µg/L
NL89_TERNZBI20;17/07/2023;EB;2919;<;0.0005;µg/L
NL89_TERNZBI20;14/08/2023;EB;2919;<;0.0005;µg/L
NL89_TERNZBI20;12/09/2023;EB;2919;<;0.0005;µg/L
NL89_TERNZBI20;11/10/2023;EB;2919;<;0.0005;µg/L
NL89_TERNZBI20;08/11/2023;EB;2919;<;0.0005;µg/L
NL89_TERNZBI20;05/12/2023;EB;2919;<;0.0005;µg/L
NL89_TERNZBI20;04/01/2023;EB;2920;<;0.0005;µg/L
NL89_TERNZBI20;30/01/2023;EB;2920;<;0.0005;µg/L
NL89_TERNZBI20;28/02/2023;EB;2920;<;0.0005;µg/L
NL89_TERNZBI20;27/03/2023;EB;2920;<;0.0005;µg/L
NL89_TERNZBI20;24/04/2023;EB;2920;<;0.0005;µg/L
NL89_TERNZBI20;22/06/2023;EB;2920;<;0.0005;µg/L
NL89_TERNZBI20;17/07/2023;EB;2920;<;0.0005;µg/L
NL89_TERNZBI20;14/08/2023;EB;2920;<;0.0005;µg/L
NL89_TERNZBI20;12/09/2023;EB;2920;<;0.0005;µg/L
NL89_TERNZBI20;11/10/2023;EB;2920;<;0.0005;µg/L
NL89_TERNZBI20;08/11/2023;EB;2920;<;0.0005;µg/L
NL89_TERNZBI20;05/12/2023;EB;2920;<;0.0005;µg/L
NL89_TERNZBI20;04/01/2023;EB;5474;<;0.1000;µg/L
NL89_TERNZBI20;30/01/2023;EB;5474;<;0.1000;µg/L
NL89_TERNZBI20;28/02/2023;EB;5474;<;0.1000;µg/L
NL89_TERNZBI20;27/03/2023;EB;5474;<;0.1000;µg/L
NL89_TERNZBI20;24/04/2023;EB;5474;<;0.1000;µg/L
NL89_TERNZBI20;22/06/2023;EB;5474;<;0.1000;µg/L
NL89_TERNZBI20;17/07/2023;EB;5474;<;0.1000;µg/L
NL89_TERNZBI20;14/08/2023;EB;5474;<;0.1000;µg/L
NL89_TERNZBI20;12/09/2023;EB;5474;<;0.1000;µg/L
NL89_TERNZBI20;11/10/2023;EB;5474;<;0.1000;µg/L
NL89_TERNZBI20;08/11/2023;EB;5474;<;0.1000;µg/L
NL89_TERNZBI20;05/12/2023;EB;5474;<;0.1000;µg/L
NL89_TERNZBI20;04/01/2023;EB;6616;<;1000.0000;µg/L
NL89_TERNZBI20;30/01/2023;EB;6616;<;1000.0000;µg/L
NL89_TERNZBI20;28/02/2023;EB;6616;<;1000.0000;µg/L
NL89_TERNZBI20;27/03/2023;EB;6616;<;1000.0000;µg/L
NL89_TERNZBI20;24/04/2023;EB;6616;<;1000.0000;µg/L
NL89_TERNZBI20;22/06/2023;EB;6616;<;1000.0000;µg/L
NL89_TERNZBI20;17/07/2023;EB;6616;<;1000.0000;µg/L
NL89_TERNZBI20;14/08/2023;EB;6616;<;1000.0000;µg/L
NL89_TERNZBI20;12/09/2023;EB;6616;<;1000.0000;µg/L
NL89_TERNZBI20;11/10/2023;EB;6616;<;1000.0000;µg/L
NL89_TERNZBI20;08/11/2023;EB;6616;<;1000.0000;µg/L
NL89_TERNZBI20;05/12/2023;EB;6616;<;1000.0000;µg/L
NL89_TERNZBI20;04/01/2023;EB;7073;=;0.6050;mg/L
NL89_TERNZBI20;27/03/2023;EB;7073;=;0.8280;mg/L
NL89_TERNZBI20;22/06/2023;EB;7073;=;0.9440;mg/L
NL89_TERNZBI20;12/09/2023;EB;7073;=;1.1900;mg/L
NL89_TERNZBI20;05/12/2023;EB;7073;=;0.4700;mg/L
NL89_TERNZBI20;04/01/2023;EB;1774;<;0.0300;µg/L
NL89_TERNZBI20;30/01/2023;EB;1774;<;0.0300;µg/L
NL89_TERNZBI20;28/02/2023;EB;1774;<;0.0300;µg/L
NL89_TERNZBI20;27/03/2023;EB;1774;<;0.0300;µg/L
NL89_TERNZBI20;24/04/2023;EB;1774;<;0.0300;µg/L
NL89_TERNZBI20;22/06/2023;EB;1774;<;0.0300;µg/L
NL89_TERNZBI20;17/07/2023;EB;1774;<;0.0300;µg/L
NL89_TERNZBI20;14/08/2023;EB;1774;<;0.0300;µg/L
NL89_TERNZBI20;12/09/2023;EB;1774;<;0.0300;µg/L
NL89_TERNZBI20;11/10/2023;EB;1774;<;0.0300;µg/L
NL89_TERNZBI20;08/11/2023;EB;1774;<;0.0300;µg/L
NL89_TERNZBI20;05/12/2023;EB;1774;<;0.0300;µg/L
NL89_TERNZBI20;04/01/2023;EB;5534;<;0.0018;µg/L
NL89_TERNZBI20;30/01/2023;EB;5534;<;0.0018;µg/L
NL89_TERNZBI20;28/02/2023;EB;5534;<;0.0018;µg/L
NL89_TERNZBI20;27/03/2023;EB;5534;<;0.0018;µg/L
NL89_TERNZBI20;24/04/2023;EB;5534;<;0.0018;µg/L
NL89_TERNZBI20;22/06/2023;EB;5534;<;0.0018;µg/L
NL89_TERNZBI20;17/07/2023;EB;5534;<;0.0018;µg/L
NL89_TERNZBI20;14/08/2023;EB;5534;<;0.0018;µg/L
NL89_TERNZBI20;12/09/2023;EB;5534;<;0.0018;µg/L
NL89_TERNZBI20;11/10/2023;EB;5534;<;0.0018;µg/L
NL89_TERNZBI20;08/11/2023;EB;5534;<;0.0018;µg/L
NL89_TERNZBI20;05/12/2023;EB;5534;<;0.0018;µg/L
NL89_TERNZBI20;04/01/2023;EF;COD;=;2.3400;mg/L
NL89_TERNZBI20;30/01/2023;EF;COD;=;2.8100;mg/L
NL89_TERNZBI20;28/02/2023;EF;COD;=;2.2500;mg/L
NL89_TERNZBI20;27/03/2023;EF;COD;=;2.6100;mg/L
NL89_TERNZBI20;24/04/2023;EF;COD;=;2.6200;mg/L
NL89_TERNZBI20;22/06/2023;EF;COD;=;2.3400;mg/L
NL89_TERNZBI20;17/07/2023;EF;COD;=;2.2900;mg/L
NL89_TERNZBI20;14/08/2023;EF;COD;=;2.4500;mg/L
NL89_TERNZBI20;12/09/2023;EF;COD;=;2.1100;mg/L
NL89_TERNZBI20;11/10/2023;EF;COD;=;2.3200;mg/L
NL89_TERNZBI20;08/11/2023;EF;COD;=;2.8600;mg/L
NL89_TERNZBI20;05/12/2023;EF;COD;=;3.9200;mg/L
NL89_TERNZBI20;04/01/2023;EB;COT;=;5.2900;mg/L
NL89_TERNZBI20;30/01/2023;EB;COT;=;4.7400;mg/L
NL89_TERNZBI20;28/02/2023;EB;COT;=;3.1600;mg/L
NL89_TERNZBI20;27/03/2023;EB;COT;=;4.0400;mg/L
NL89_TERNZBI20;24/04/2023;EB;COT;=;4.0500;mg/L
NL89_TERNZBI20;22/06/2023;EB;COT;=;3.2300;mg/L
NL89_TERNZBI20;17/07/2023;EB;COT;=;4.5200;mg/L
NL89_TERNZBI20;14/08/2023;EB;COT;=;3.1600;mg/L
NL89_TERNZBI20;12/09/2023;EB;COT;=;2.7300;mg/L
NL89_TERNZBI20;11/10/2023;EB;COT;=;4.1600;mg/L
NL89_TERNZBI20;08/11/2023;EB;COT;=;3.4600;mg/L
NL89_TERNZBI20;05/12/2023;EB;COT;=;4.6300;mg/L
NL89_VLISSGBISSVH;04/01/2023;EB;1082;<;0.0030;µg/L
NL89_VLISSGBISSVH;30/01/2023;EB;1082;<;0.0030;µg/L
NL89_VLISSGBISSVH;28/02/2023;EB;1082;<;0.0030;µg/L
NL89_VLISSGBISSVH;27/03/2023;EB;1082;<;0.0030;µg/L
NL89_VLISSGBISSVH;24/04/2023;EB;1082;<;0.0030;µg/L
NL89_VLISSGBISSVH;22/06/2023;EB;1082;<;0.0030;µg/L
NL89_VLISSGBISSVH;17/07/2023;EB;1082;<;0.0030;µg/L
NL89_VLISSGBISSVH;14/08/2023;EB;1082;<;0.0030;µg/L
NL89_VLISSGBISSVH;12/09/2023;EB;1082;<;0.0030;µg/L
NL89_VLISSGBISSVH;11/10/2023;EB;1082;<;0.0030;µg/L
NL89_VLISSGBISSVH;08/11/2023;EB;1082;<;0.0030;µg/L
NL89_VLISSGBISSVH;05/12/2023;EB;1082;<;0.0030;µg/L
NL89_VLISSGBISSVH;04/01/2023;EB;1083;<;0.0002;µg/L
NL89_VLISSGBISSVH;30/01/2023;EB;1083;<;0.0002;µg/L
NL89_VLISSGBISSVH;28/02/2023;EB;1083;<;0.0002;µg/L
NL89_VLISSGBISSVH;27/03/2023;EB;1083;<;0.0002;µg/L
NL89_VLISSGBISSVH;24/04/2023;EB;1083;<;0.0002;µg/L
NL89_VLISSGBISSVH;22/06/2023;EB;1083;<;0.0002;µg/L
NL89_VLISSGBISSVH;17/07/2023;EB;1083;<;0.0002;µg/L
NL89_VLISSGBISSVH;14/08/2023;EB;1083;<;0.0002;µg/L
NL89_VLISSGBISSVH;12/09/2023;EB;1083;<;0.0002;µg/L
NL89_VLISSGBISSVH;11/10/2023;EB;1083;<;0.0002;µg/L
NL89_VLISSGBISSVH;08/11/2023;EB;1083;<;0.0002;µg/L
NL89_VLISSGBISSVH;05/12/2023;EB;1083;<;0.0002;µg/L
NL89_VLISSGBISSVH;04/01/2023;EB;1101;<;0.0006;µg/L
NL89_VLISSGBISSVH;30/01/2023;EB;1101;<;0.0006;µg/L
NL89_VLISSGBISSVH;28/02/2023;EB;1101;<;0.0006;µg/L
NL89_VLISSGBISSVH;27/03/2023;EB;1101;<;0.0006;µg/L
NL89_VLISSGBISSVH;24/04/2023;EB;1101;<;0.0006;µg/L
NL89_VLISSGBISSVH;22/06/2023;EB;1101;<;0.0006;µg/L
NL89_VLISSGBISSVH;17/07/2023;EB;1101;<;0.0006;µg/L
NL89_VLISSGBISSVH;14/08/2023;EB;1101;<;0.0006;µg/L
NL89_VLISSGBISSVH;12/09/2023;EB;1101;<;0.0006;µg/L
NL89_VLISSGBISSVH;11/10/2023;EB;1101;<;0.0006;µg/L
NL89_VLISSGBISSVH;08/11/2023;EB;1101;<;0.0006;µg/L
NL89_VLISSGBISSVH;05/12/2023;EB;1101;<;0.0006;µg/L
NL89_VLISSGBISSVH;04/01/2023;EB;1103;<;0.0003;µg/L
NL89_VLISSGBISSVH;30/01/2023;EB;1103;<;0.0003;µg/L
NL89_VLISSGBISSVH;28/02/2023;EB;1103;<;0.0003;µg/L
NL89_VLISSGBISSVH;27/03/2023;EB;1103;<;0.0003;µg/L
NL89_VLISSGBISSVH;24/04/2023;EB;1103;<;0.0003;µg/L
NL89_VLISSGBISSVH;22/06/2023;EB;1103;<;0.0003;µg/L
NL89_VLISSGBISSVH;17/07/2023;EB;1103;<;0.0003;µg/L
NL89_VLISSGBISSVH;14/08/2023;EB;1103;<;0.0003;µg/L
NL89_VLISSGBISSVH;12/09/2023;EB;1103;<;0.0003;µg/L
NL89_VLISSGBISSVH;11/10/2023;EB;1103;<;0.0003;µg/L
NL89_VLISSGBISSVH;08/11/2023;EB;1103;<;0.0003;µg/L
NL89_VLISSGBISSVH;05/12/2023;EB;1103;<;0.0003;µg/L
NL89_VLISSGBISSVH;04/01/2023;EB;1107;=;0.0009;µg/L
NL89_VLISSGBISSVH;30/01/2023;EB;1107;=;0.0009;µg/L
NL89_VLISSGBISSVH;28/02/2023;EB;1107;=;0.0008;µg/L
NL89_VLISSGBISSVH;27/03/2023;EB;1107;=;0.0009;µg/L
NL89_VLISSGBISSVH;24/04/2023;EB;1107;<;0.0006;µg/L
NL89_VLISSGBISSVH;22/06/2023;EB;1107;=;0.0007;µg/L
NL89_VLISSGBISSVH;17/07/2023;EB;1107;=;0.0007;µg/L
NL89_VLISSGBISSVH;14/08/2023;EB;1107;=;0.0007;µg/L
NL89_VLISSGBISSVH;12/09/2023;EB;1107;=;0.0007;µg/L
NL89_VLISSGBISSVH;11/10/2023;EB;1107;=;0.0006;µg/L
NL89_VLISSGBISSVH;08/11/2023;EB;1107;=;0.0007;µg/L
NL89_VLISSGBISSVH;05/12/2023;EB;1107;=;0.0009;µg/L
NL89_VLISSGBISSVH;04/01/2023;EB;1114;<;0.0100;µg/L
NL89_VLISSGBISSVH;30/01/2023;EB;1114;<;0.0100;µg/L
NL89_VLISSGBISSVH;28/02/2023;EB;1114;=;0.0400;µg/L
NL89_VLISSGBISSVH;27/03/2023;EB;1114;=;0.0800;µg/L
NL89_VLISSGBISSVH;24/04/2023;EB;1114;<;0.0100;µg/L
NL89_VLISSGBISSVH;22/06/2023;EB;1114;<;0.0100;µg/L
NL89_VLISSGBISSVH;17/07/2023;EB;1114;<;0.0100;µg/L
NL89_VLISSGBISSVH;14/08/2023;EB;1114;<;0.0100;µg/L
NL89_VLISSGBISSVH;12/09/2023;EB;1114;<;0.0100;µg/L
NL89_VLISSGBISSVH;11/10/2023;EB;1114;=;0.0200;µg/L
NL89_VLISSGBISSVH;08/11/2023;EB;1114;=;0.0100;µg/L
NL89_VLISSGBISSVH;05/12/2023;EB;1114;<;0.0100;µg/L
NL89_VLISSGBISSVH;04/01/2023;EB;1115;<;0.0020;µg/L
NL89_VLISSGBISSVH;30/01/2023;EB;1115;=;0.0023;µg/L
NL89_VLISSGBISSVH;28/02/2023;EB;1115;<;0.0020;µg/L
NL89_VLISSGBISSVH;27/03/2023;EB;1115;<;0.0020;µg/L
NL89_VLISSGBISSVH;24/04/2023;EB;1115;=;0.0020;µg/L
NL89_VLISSGBISSVH;22/06/2023;EB;1115;<;0.0020;µg/L
NL89_VLISSGBISSVH;17/07/2023;EB;1115;<;0.0020;µg/L
NL89_VLISSGBISSVH;14/08/2023;EB;1115;<;0.0020;µg/L
NL89_VLISSGBISSVH;12/09/2023;EB;1115;<;0.0020;µg/L
NL89_VLISSGBISSVH;11/10/2023;EB;1115;<;0.0020;µg/L
NL89_VLISSGBISSVH;08/11/2023;EB;1115;<;0.0020;µg/L
NL89_VLISSGBISSVH;05/12/2023;EB;1115;<;0.0020;µg/L
NL89_VLISSGBISSVH;04/01/2023;EB;1117;=;0.0012;µg/L
NL89_VLISSGBISSVH;30/01/2023;EB;1117;=;0.0019;µg/L
NL89_VLISSGBISSVH;28/02/2023;EB;1117;=;0.0012;µg/L
NL89_VLISSGBISSVH;27/03/2023;EB;1117;=;0.0006;µg/L
NL89_VLISSGBISSVH;24/04/2023;EB;1117;=;0.0018;µg/L
NL89_VLISSGBISSVH;22/06/2023;EB;1117;=;0.0004;µg/L
NL89_VLISSGBISSVH;17/07/2023;EB;1117;=;0.0002;µg/L
NL89_VLISSGBISSVH;14/08/2023;EB;1117;=;0.0003;µg/L
NL89_VLISSGBISSVH;12/09/2023;EB;1117;=;0.0003;µg/L
NL89_VLISSGBISSVH;11/10/2023;EB;1117;=;0.0003;µg/L
NL89_VLISSGBISSVH;08/11/2023;EB;1117;=;0.0003;µg/L
NL89_VLISSGBISSVH;05/12/2023;EB;1117;=;0.0006;µg/L
NL89_VLISSGBISSVH;04/01/2023;EB;1118;=;0.0016;µg/L
NL89_VLISSGBISSVH;30/01/2023;EB;1118;=;0.0026;µg/L
NL89_VLISSGBISSVH;28/02/2023;EB;1118;=;0.0017;µg/L
NL89_VLISSGBISSVH;27/03/2023;EB;1118;=;0.0009;µg/L
NL89_VLISSGBISSVH;24/04/2023;EB;1118;=;0.0027;µg/L
NL89_VLISSGBISSVH;22/06/2023;EB;1118;=;0.0006;µg/L
NL89_VLISSGBISSVH;17/07/2023;EB;1118;=;0.0004;µg/L
NL89_VLISSGBISSVH;14/08/2023;EB;1118;=;0.0004;µg/L
NL89_VLISSGBISSVH;12/09/2023;EB;1118;=;0.0004;µg/L
NL89_VLISSGBISSVH;11/10/2023;EB;1118;=;0.0004;µg/L
NL89_VLISSGBISSVH;08/11/2023;EB;1118;=;0.0005;µg/L
NL89_VLISSGBISSVH;05/12/2023;EB;1118;=;0.0012;µg/L
NL89_VLISSGBISSVH;04/01/2023;EB;1119;<;0.0004;µg/L
NL89_VLISSGBISSVH;30/01/2023;EB;1119;<;0.0004;µg/L
NL89_VLISSGBISSVH;28/02/2023;EB;1119;<;0.0004;µg/L
NL89_VLISSGBISSVH;27/03/2023;EB;1119;<;0.0004;µg/L
NL89_VLISSGBISSVH;24/04/2023;EB;1119;<;0.0004;µg/L
NL89_VLISSGBISSVH;22/06/2023;EB;1119;<;0.0004;µg/L
NL89_VLISSGBISSVH;17/07/2023;EB;1119;<;0.0004;µg/L
NL89_VLISSGBISSVH;14/08/2023;EB;1119;<;0.0004;µg/L
NL89_VLISSGBISSVH;12/09/2023;EB;1119;<;0.0004;µg/L
NL89_VLISSGBISSVH;11/10/2023;EB;1119;<;0.0004;µg/L
NL89_VLISSGBISSVH;08/11/2023;EB;1119;<;0.0004;µg/L
NL89_VLISSGBISSVH;05/12/2023;EB;1119;<;0.0004;µg/L
NL89_VLISSGBISSVH;04/01/2023;EB;1135;=;0.0200;µg/L
NL89_VLISSGBISSVH;30/01/2023;EB;1135;=;0.0100;µg/L
NL89_VLISSGBISSVH;28/02/2023;EB;1135;=;0.0200;µg/L
NL89_VLISSGBISSVH;27/03/2023;EB;1135;=;0.0900;µg/L
NL89_VLISSGBISSVH;24/04/2023;EB;1135;<;0.0100;µg/L
NL89_VLISSGBISSVH;22/06/2023;EB;1135;=;3.2000;µg/L
NL89_VLISSGBISSVH;17/07/2023;EB;1135;=;0.2100;µg/L
NL89_VLISSGBISSVH;14/08/2023;EB;1135;=;0.0300;µg/L
NL89_VLISSGBISSVH;12/09/2023;EB;1135;=;0.0100;µg/L
NL89_VLISSGBISSVH;11/10/2023;EB;1135;<;0.0100;µg/L
NL89_VLISSGBISSVH;08/11/2023;EB;1135;=;0.0200;µg/L
NL89_VLISSGBISSVH;05/12/2023;EB;1135;<;0.0100;µg/L
NL89_VLISSGBISSVH;04/01/2023;EB;1140;<;0.0007;µg/L
NL89_VLISSGBISSVH;30/01/2023;EB;1140;<;0.0007;µg/L
NL89_VLISSGBISSVH;28/02/2023;EB;1140;<;0.0007;µg/L
NL89_VLISSGBISSVH;27/03/2023;EB;1140;<;0.0007;µg/L
NL89_VLISSGBISSVH;24/04/2023;EB;1140;<;0.0007;µg/L
NL89_VLISSGBISSVH;22/06/2023;EB;1140;<;0.0007;µg/L
NL89_VLISSGBISSVH;17/07/2023;EB;1140;<;0.0007;µg/L
NL89_VLISSGBISSVH;14/08/2023;EB;1140;<;0.0007;µg/L
NL89_VLISSGBISSVH;12/09/2023;EB;1140;<;0.0007;µg/L
NL89_VLISSGBISSVH;11/10/2023;EB;1140;<;0.0007;µg/L
NL89_VLISSGBISSVH;08/11/2023;EB;1140;<;0.0007;µg/L
NL89_VLISSGBISSVH;05/12/2023;EB;1140;<;0.0007;µg/L
NL89_VLISSGBISSVH;04/01/2023;EB;1144;<;0.0003;µg/L
NL89_VLISSGBISSVH;30/01/2023;EB;1144;<;0.0003;µg/L
NL89_VLISSGBISSVH;28/02/2023;EB;1144;<;0.0003;µg/L
NL89_VLISSGBISSVH;27/03/2023;EB;1144;<;0.0003;µg/L
NL89_VLISSGBISSVH;24/04/2023;EB;1144;<;0.0003;µg/L
NL89_VLISSGBISSVH;22/06/2023;EB;1144;<;0.0003;µg/L
NL89_VLISSGBISSVH;17/07/2023;EB;1144;<;0.0003;µg/L
NL89_VLISSGBISSVH;14/08/2023;EB;1144;<;0.0003;µg/L
NL89_VLISSGBISSVH;12/09/2023;EB;1144;<;0.0003;µg/L
NL89_VLISSGBISSVH;11/10/2023;EB;1144;<;0.0003;µg/L
NL89_VLISSGBISSVH;08/11/2023;EB;1144;<;0.0003;µg/L
NL89_VLISSGBISSVH;05/12/2023;EB;1144;<;0.0003;µg/L
NL89_VLISSGBISSVH;04/01/2023;EB;1146;<;0.0002;µg/L
NL89_VLISSGBISSVH;30/01/2023;EB;1146;<;0.0002;µg/L
NL89_VLISSGBISSVH;28/02/2023;EB;1146;<;0.0002;µg/L
NL89_VLISSGBISSVH;27/03/2023;EB;1146;<;0.0002;µg/L
NL89_VLISSGBISSVH;24/04/2023;EB;1146;<;0.0002;µg/L
NL89_VLISSGBISSVH;22/06/2023;EB;1146;<;0.0002;µg/L
NL89_VLISSGBISSVH;17/07/2023;EB;1146;<;0.0002;µg/L
NL89_VLISSGBISSVH;14/08/2023;EB;1146;<;0.0002;µg/L
NL89_VLISSGBISSVH;12/09/2023;EB;1146;<;0.0002;µg/L
NL89_VLISSGBISSVH;11/10/2023;EB;1146;<;0.0002;µg/L
NL89_VLISSGBISSVH;08/11/2023;EB;1146;<;0.0002;µg/L
NL89_VLISSGBISSVH;05/12/2023;EB;1146;<;0.0002;µg/L
NL89_VLISSGBISSVH;04/01/2023;EB;1147;<;0.0006;µg/L
NL89_VLISSGBISSVH;30/01/2023;EB;1147;<;0.0006;µg/L
NL89_VLISSGBISSVH;28/02/2023;EB;1147;<;0.0006;µg/L
NL89_VLISSGBISSVH;27/03/2023;EB;1147;<;0.0006;µg/L
NL89_VLISSGBISSVH;24/04/2023;EB;1147;<;0.0006;µg/L
NL89_VLISSGBISSVH;22/06/2023;EB;1147;<;0.0006;µg/L
NL89_VLISSGBISSVH;17/07/2023;EB;1147;<;0.0006;µg/L
NL89_VLISSGBISSVH;14/08/2023;EB;1147;<;0.0006;µg/L
NL89_VLISSGBISSVH;12/09/2023;EB;1147;<;0.0006;µg/L
NL89_VLISSGBISSVH;11/10/2023;EB;1147;<;0.0006;µg/L
NL89_VLISSGBISSVH;08/11/2023;EB;1147;<;0.0006;µg/L
NL89_VLISSGBISSVH;05/12/2023;EB;1147;<;0.0006;µg/L
NL89_VLISSGBISSVH;04/01/2023;EB;1148;<;0.0002;µg/L
NL89_VLISSGBISSVH;30/01/2023;EB;1148;<;0.0002;µg/L
NL89_VLISSGBISSVH;28/02/2023;EB;1148;<;0.0002;µg/L
NL89_VLISSGBISSVH;27/03/2023;EB;1148;<;0.0002;µg/L
NL89_VLISSGBISSVH;24/04/2023;EB;1148;<;0.0002;µg/L
NL89_VLISSGBISSVH;22/06/2023;EB;1148;<;0.0002;µg/L
NL89_VLISSGBISSVH;17/07/2023;EB;1148;<;0.0002;µg/L
NL89_VLISSGBISSVH;14/08/2023;EB;1148;<;0.0002;µg/L
NL89_VLISSGBISSVH;12/09/2023;EB;1148;<;0.0002;µg/L
NL89_VLISSGBISSVH;11/10/2023;EB;1148;<;0.0002;µg/L
NL89_VLISSGBISSVH;08/11/2023;EB;1148;<;0.0002;µg/L
NL89_VLISSGBISSVH;05/12/2023;EB;1148;<;0.0002;µg/L
NL89_VLISSGBISSVH;04/01/2023;EB;1161;<;0.0100;µg/L
NL89_VLISSGBISSVH;30/01/2023;EB;1161;<;0.0100;µg/L
NL89_VLISSGBISSVH;28/02/2023;EB;1161;<;0.0100;µg/L
NL89_VLISSGBISSVH;27/03/2023;EB;1161;<;0.0100;µg/L
NL89_VLISSGBISSVH;24/04/2023;EB;1161;<;0.0100;µg/L
NL89_VLISSGBISSVH;22/06/2023;EB;1161;<;0.0100;µg/L
NL89_VLISSGBISSVH;17/07/2023;EB;1161;<;0.0100;µg/L
NL89_VLISSGBISSVH;14/08/2023;EB;1161;<;0.0100;µg/L
NL89_VLISSGBISSVH;12/09/2023;EB;1161;<;0.0100;µg/L
NL89_VLISSGBISSVH;11/10/2023;EB;1161;<;0.0100;µg/L
NL89_VLISSGBISSVH;08/11/2023;EB;1161;<;0.0100;µg/L
NL89_VLISSGBISSVH;05/12/2023;EB;1161;<;0.0100;µg/L
NL89_VLISSGBISSVH;04/01/2023;EB;1168;<;0.5000;µg/L
NL89_VLISSGBISSVH;30/01/2023;EB;1168;<;0.5000;µg/L
NL89_VLISSGBISSVH;28/02/2023;EB;1168;<;0.5000;µg/L
NL89_VLISSGBISSVH;27/03/2023;EB;1168;<;0.5000;µg/L
NL89_VLISSGBISSVH;24/04/2023;EB;1168;<;0.5000;µg/L
NL89_VLISSGBISSVH;22/06/2023;EB;1168;<;0.5000;µg/L
NL89_VLISSGBISSVH;17/07/2023;EB;1168;<;0.5000;µg/L
NL89_VLISSGBISSVH;14/08/2023;EB;1168;<;0.5000;µg/L
NL89_VLISSGBISSVH;12/09/2023;EB;1168;<;0.5000;µg/L
NL89_VLISSGBISSVH;11/10/2023;EB;1168;<;0.5000;µg/L
NL89_VLISSGBISSVH;08/11/2023;EB;1168;<;0.5000;µg/L
NL89_VLISSGBISSVH;05/12/2023;EB;1168;<;0.5000;µg/L
NL89_VLISSGBISSVH;04/01/2023;EB;1170;<;0.0003;µg/L
NL89_VLISSGBISSVH;30/01/2023;EB;1170;<;0.0003;µg/L
NL89_VLISSGBISSVH;28/02/2023;EB;1170;<;0.0003;µg/L
NL89_VLISSGBISSVH;27/03/2023;EB;1170;<;0.0003;µg/L
NL89_VLISSGBISSVH;24/04/2023;EB;1170;<;0.0003;µg/L
NL89_VLISSGBISSVH;22/06/2023;EB;1170;<;0.0003;µg/L
NL89_VLISSGBISSVH;17/07/2023;EB;1170;<;0.0003;µg/L
NL89_VLISSGBISSVH;14/08/2023;EB;1170;<;0.0003;µg/L
NL89_VLISSGBISSVH;12/09/2023;EB;1170;<;0.0003;µg/L
NL89_VLISSGBISSVH;11/10/2023;EB;1170;<;0.0003;µg/L
NL89_VLISSGBISSVH;08/11/2023;EB;1170;<;0.0003;µg/L
NL89_VLISSGBISSVH;05/12/2023;EB;1170;<;0.0003;µg/L
NL89_VLISSGBISSVH;04/01/2023;EB;1172;<;0.0001;µg/L
NL89_VLISSGBISSVH;30/01/2023;EB;1172;<;0.0001;µg/L
NL89_VLISSGBISSVH;28/02/2023;EB;1172;<;0.0001;µg/L
NL89_VLISSGBISSVH;27/03/2023;EB;1172;<;0.0001;µg/L
NL89_VLISSGBISSVH;24/04/2023;EB;1172;<;0.0001;µg/L
NL89_VLISSGBISSVH;22/06/2023;EB;1172;<;0.0001;µg/L
NL89_VLISSGBISSVH;17/07/2023;EB;1172;=;0.0001;µg/L
NL89_VLISSGBISSVH;14/08/2023;EB;1172;<;0.0001;µg/L
NL89_VLISSGBISSVH;12/09/2023;EB;1172;<;0.0001;µg/L
NL89_VLISSGBISSVH;11/10/2023;EB;1172;<;0.0001;µg/L
NL89_VLISSGBISSVH;08/11/2023;EB;1172;<;0.0001;µg/L
NL89_VLISSGBISSVH;05/12/2023;EB;1172;<;0.0001;µg/L
NL89_VLISSGBISSVH;04/01/2023;EB;1173;<;0.0002;µg/L
NL89_VLISSGBISSVH;30/01/2023;EB;1173;<;0.0002;µg/L
NL89_VLISSGBISSVH;28/02/2023;EB;1173;<;0.0002;µg/L
NL89_VLISSGBISSVH;27/03/2023;EB;1173;<;0.0002;µg/L
NL89_VLISSGBISSVH;24/04/2023;EB;1173;<;0.0002;µg/L
NL89_VLISSGBISSVH;22/06/2023;EB;1173;<;0.0002;µg/L
NL89_VLISSGBISSVH;17/07/2023;EB;1173;<;0.0002;µg/L
NL89_VLISSGBISSVH;14/08/2023;EB;1173;<;0.0002;µg/L
NL89_VLISSGBISSVH;12/09/2023;EB;1173;<;0.0002;µg/L
NL89_VLISSGBISSVH;11/10/2023;EB;1173;<;0.0002;µg/L
NL89_VLISSGBISSVH;08/11/2023;EB;1173;<;0.0002;µg/L
NL89_VLISSGBISSVH;05/12/2023;EB;1173;<;0.0002;µg/L
NL89_VLISSGBISSVH;04/01/2023;EB;1177;=;0.0017;µg/L
NL89_VLISSGBISSVH;30/01/2023;EB;1177;=;0.0016;µg/L
NL89_VLISSGBISSVH;28/02/2023;EB;1177;=;0.0012;µg/L
NL89_VLISSGBISSVH;27/03/2023;EB;1177;=;0.0013;µg/L
NL89_VLISSGBISSVH;24/04/2023;EB;1177;<;0.0009;µg/L
NL89_VLISSGBISSVH;22/06/2023;EB;1177;=;0.0014;µg/L
NL89_VLISSGBISSVH;17/07/2023;EB;1177;=;0.0013;µg/L
NL89_VLISSGBISSVH;14/08/2023;EB;1177;=;0.0012;µg/L
NL89_VLISSGBISSVH;12/09/2023;EB;1177;=;0.0012;µg/L
NL89_VLISSGBISSVH;11/10/2023;EB;1177;=;0.0012;µg/L
NL89_VLISSGBISSVH;08/11/2023;EB;1177;=;0.0015;µg/L
NL89_VLISSGBISSVH;05/12/2023;EB;1177;=;0.0022;µg/L
NL89_VLISSGBISSVH;04/01/2023;EB;1178;<;0.0004;µg/L
NL89_VLISSGBISSVH;30/01/2023;EB;1178;<;0.0004;µg/L
NL89_VLISSGBISSVH;28/02/2023;EB;1178;<;0.0004;µg/L
NL89_VLISSGBISSVH;27/03/2023;EB;1178;<;0.0004;µg/L
NL89_VLISSGBISSVH;24/04/2023;EB;1178;<;0.0004;µg/L
NL89_VLISSGBISSVH;22/06/2023;EB;1178;<;0.0004;µg/L
NL89_VLISSGBISSVH;17/07/2023;EB;1178;<;0.0004;µg/L
NL89_VLISSGBISSVH;14/08/2023;EB;1178;<;0.0004;µg/L
NL89_VLISSGBISSVH;12/09/2023;EB;1178;<;0.0004;µg/L
NL89_VLISSGBISSVH;11/10/2023;EB;1178;<;0.0004;µg/L
NL89_VLISSGBISSVH;08/11/2023;EB;1178;<;0.0004;µg/L
NL89_VLISSGBISSVH;05/12/2023;EB;1178;<;0.0004;µg/L
NL89_VLISSGBISSVH;04/01/2023;EB;1179;<;0.0003;µg/L
NL89_VLISSGBISSVH;30/01/2023;EB;1179;<;0.0003;µg/L
NL89_VLISSGBISSVH;28/02/2023;EB;1179;<;0.0003;µg/L
NL89_VLISSGBISSVH;27/03/2023;EB;1179;<;0.0003;µg/L
NL89_VLISSGBISSVH;24/04/2023;EB;1179;<;0.0003;µg/L
NL89_VLISSGBISSVH;22/06/2023;EB;1179;<;0.0003;µg/L
NL89_VLISSGBISSVH;17/07/2023;EB;1179;<;0.0003;µg/L
NL89_VLISSGBISSVH;14/08/2023;EB;1179;<;0.0003;µg/L
NL89_VLISSGBISSVH;12/09/2023;EB;1179;<;0.0003;µg/L
NL89_VLISSGBISSVH;11/10/2023;EB;1179;<;0.0003;µg/L
NL89_VLISSGBISSVH;08/11/2023;EB;1179;<;0.0003;µg/L
NL89_VLISSGBISSVH;05/12/2023;EB;1179;<;0.0003;µg/L
NL89_VLISSGBISSVH;04/01/2023;EB;1181;<;0.0010;µg/L
NL89_VLISSGBISSVH;30/01/2023;EB;1181;<;0.0010;µg/L
NL89_VLISSGBISSVH;28/02/2023;EB;1181;<;0.0010;µg/L
NL89_VLISSGBISSVH;27/03/2023;EB;1181;<;0.0010;µg/L
NL89_VLISSGBISSVH;24/04/2023;EB;1181;<;0.0010;µg/L
NL89_VLISSGBISSVH;22/06/2023;EB;1181;<;0.0010;µg/L
NL89_VLISSGBISSVH;17/07/2023;EB;1181;<;0.0010;µg/L
NL89_VLISSGBISSVH;14/08/2023;EB;1181;<;0.0010;µg/L
NL89_VLISSGBISSVH;12/09/2023;EB;1181;<;0.0010;µg/L
NL89_VLISSGBISSVH;11/10/2023;EB;1181;<;0.0010;µg/L
NL89_VLISSGBISSVH;08/11/2023;EB;1181;<;0.0010;µg/L
NL89_VLISSGBISSVH;05/12/2023;EB;1181;<;0.0010;µg/L
NL89_VLISSGBISSVH;04/01/2023;EB;1191;=;0.0051;µg/L
NL89_VLISSGBISSVH;30/01/2023;EB;1191;=;0.0082;µg/L
NL89_VLISSGBISSVH;28/02/2023;EB;1191;=;0.0071;µg/L
NL89_VLISSGBISSVH;27/03/2023;EB;1191;<;0.0040;µg/L
NL89_VLISSGBISSVH;24/04/2023;EB;1191;=;0.0121;µg/L
NL89_VLISSGBISSVH;22/06/2023;EB;1191;=;0.0063;µg/L
NL89_VLISSGBISSVH;17/07/2023;EB;1191;=;0.0059;µg/L
NL89_VLISSGBISSVH;14/08/2023;EB;1191;<;0.0040;µg/L
NL89_VLISSGBISSVH;12/09/2023;EB;1191;<;0.0040;µg/L
NL89_VLISSGBISSVH;11/10/2023;EB;1191;<;0.0040;µg/L
NL89_VLISSGBISSVH;08/11/2023;EB;1191;<;0.0040;µg/L
NL89_VLISSGBISSVH;05/12/2023;EB;1191;<;0.0040;µg/L
NL89_VLISSGBISSVH;04/01/2023;EB;1197;<;0.0001;µg/L
NL89_VLISSGBISSVH;30/01/2023;EB;1197;<;0.0001;µg/L
NL89_VLISSGBISSVH;28/02/2023;EB;1197;<;0.0001;µg/L
NL89_VLISSGBISSVH;27/03/2023;EB;1197;<;0.0001;µg/L
NL89_VLISSGBISSVH;24/04/2023;EB;1197;<;0.0001;µg/L
NL89_VLISSGBISSVH;22/06/2023;EB;1197;<;0.0001;µg/L
NL89_VLISSGBISSVH;17/07/2023;EB;1197;<;0.0001;µg/L
NL89_VLISSGBISSVH;14/08/2023;EB;1197;<;0.0001;µg/L
NL89_VLISSGBISSVH;12/09/2023;EB;1197;<;0.0001;µg/L
NL89_VLISSGBISSVH;11/10/2023;EB;1197;<;0.0001;µg/L
NL89_VLISSGBISSVH;08/11/2023;EB;1197;<;0.0001;µg/L
NL89_VLISSGBISSVH;05/12/2023;EB;1197;<;0.0001;µg/L
NL89_VLISSGBISSVH;04/01/2023;EB;1198;<;0.0001;µg/L
NL89_VLISSGBISSVH;30/01/2023;EB;1198;<;0.0001;µg/L
NL89_VLISSGBISSVH;28/02/2023;EB;1198;<;0.0001;µg/L
NL89_VLISSGBISSVH;27/03/2023;EB;1198;<;0.0001;µg/L
NL89_VLISSGBISSVH;24/04/2023;EB;1198;<;0.0001;µg/L
NL89_VLISSGBISSVH;22/06/2023;EB;1198;<;0.0001;µg/L
NL89_VLISSGBISSVH;17/07/2023;EB;1198;<;0.0001;µg/L
NL89_VLISSGBISSVH;14/08/2023;EB;1198;<;0.0001;µg/L
NL89_VLISSGBISSVH;12/09/2023;EB;1198;<;0.0001;µg/L
NL89_VLISSGBISSVH;11/10/2023;EB;1198;<;0.0001;µg/L
NL89_VLISSGBISSVH;08/11/2023;EB;1198;<;0.0001;µg/L
NL89_VLISSGBISSVH;05/12/2023;EB;1198;<;0.0001;µg/L
NL89_VLISSGBISSVH;04/01/2023;EB;1199;<;0.0002;µg/L
NL89_VLISSGBISSVH;30/01/2023;EB;1199;<;0.0002;µg/L
NL89_VLISSGBISSVH;28/02/2023;EB;1199;<;0.0002;µg/L
NL89_VLISSGBISSVH;27/03/2023;EB;1199;<;0.0002;µg/L
NL89_VLISSGBISSVH;24/04/2023;EB;1199;<;0.0002;µg/L
NL89_VLISSGBISSVH;22/06/2023;EB;1199;<;0.0002;µg/L
NL89_VLISSGBISSVH;17/07/2023;EB;1199;<;0.0002;µg/L
NL89_VLISSGBISSVH;14/08/2023;EB;1199;<;0.0002;µg/L
NL89_VLISSGBISSVH;12/09/2023;EB;1199;<;0.0002;µg/L
NL89_VLISSGBISSVH;11/10/2023;EB;1199;<;0.0002;µg/L
NL89_VLISSGBISSVH;08/11/2023;EB;1199;<;0.0002;µg/L
NL89_VLISSGBISSVH;05/12/2023;EB;1199;<;0.0002;µg/L
NL89_VLISSGBISSVH;04/01/2023;EB;1200;<;0.0001;µg/L
NL89_VLISSGBISSVH;30/01/2023;EB;1200;<;0.0001;µg/L
NL89_VLISSGBISSVH;28/02/2023;EB;1200;<;0.0001;µg/L
NL89_VLISSGBISSVH;27/03/2023;EB;1200;<;0.0001;µg/L
NL89_VLISSGBISSVH;24/04/2023;EB;1200;<;0.0001;µg/L
NL89_VLISSGBISSVH;22/06/2023;EB;1200;<;0.0001;µg/L
NL89_VLISSGBISSVH;17/07/2023;EB;1200;<;0.0001;µg/L
NL89_VLISSGBISSVH;14/08/2023;EB;1200;<;0.0001;µg/L
NL89_VLISSGBISSVH;12/09/2023;EB;1200;<;0.0001;µg/L
NL89_VLISSGBISSVH;11/10/2023;EB;1200;<;0.0001;µg/L
NL89_VLISSGBISSVH;08/11/2023;EB;1200;<;0.0001;µg/L
NL89_VLISSGBISSVH;05/12/2023;EB;1200;<;0.0001;µg/L
NL89_VLISSGBISSVH;04/01/2023;EB;1201;<;0.0001;µg/L
NL89_VLISSGBISSVH;30/01/2023;EB;1201;<;0.0001;µg/L
NL89_VLISSGBISSVH;28/02/2023;EB;1201;<;0.0001;µg/L
NL89_VLISSGBISSVH;27/03/2023;EB;1201;<;0.0001;µg/L
NL89_VLISSGBISSVH;24/04/2023;EB;1201;<;0.0001;µg/L
NL89_VLISSGBISSVH;22/06/2023;EB;1201;<;0.0001;µg/L
NL89_VLISSGBISSVH;17/07/2023;EB;1201;<;0.0001;µg/L
NL89_VLISSGBISSVH;14/08/2023;EB;1201;<;0.0001;µg/L
NL89_VLISSGBISSVH;12/09/2023;EB;1201;<;0.0001;µg/L
NL89_VLISSGBISSVH;11/10/2023;EB;1201;<;0.0001;µg/L
NL89_VLISSGBISSVH;08/11/2023;EB;1201;<;0.0001;µg/L
NL89_VLISSGBISSVH;05/12/2023;EB;1201;<;0.0001;µg/L
NL89_VLISSGBISSVH;04/01/2023;EB;1202;<;0.0001;µg/L
NL89_VLISSGBISSVH;30/01/2023;EB;1202;<;0.0001;µg/L
NL89_VLISSGBISSVH;28/02/2023;EB;1202;<;0.0001;µg/L
NL89_VLISSGBISSVH;27/03/2023;EB;1202;<;0.0001;µg/L
NL89_VLISSGBISSVH;24/04/2023;EB;1202;<;0.0001;µg/L
NL89_VLISSGBISSVH;22/06/2023;EB;1202;<;0.0001;µg/L
NL89_VLISSGBISSVH;17/07/2023;EB;1202;<;0.0001;µg/L
NL89_VLISSGBISSVH;14/08/2023;EB;1202;<;0.0001;µg/L
NL89_VLISSGBISSVH;12/09/2023;EB;1202;<;0.0001;µg/L
NL89_VLISSGBISSVH;11/10/2023;EB;1202;<;0.0001;µg/L
NL89_VLISSGBISSVH;08/11/2023;EB;1202;<;0.0001;µg/L
NL89_VLISSGBISSVH;05/12/2023;EB;1202;<;0.0001;µg/L
NL89_VLISSGBISSVH;04/01/2023;EB;1203;<;0.0001;µg/L
NL89_VLISSGBISSVH;30/01/2023;EB;1203;<;0.0001;µg/L
NL89_VLISSGBISSVH;28/02/2023;EB;1203;<;0.0001;µg/L
NL89_VLISSGBISSVH;27/03/2023;EB;1203;<;0.0001;µg/L
NL89_VLISSGBISSVH;24/04/2023;EB;1203;<;0.0001;µg/L
NL89_VLISSGBISSVH;22/06/2023;EB;1203;<;0.0001;µg/L
NL89_VLISSGBISSVH;17/07/2023;EB;1203;<;0.0001;µg/L
NL89_VLISSGBISSVH;14/08/2023;EB;1203;<;0.0001;µg/L
NL89_VLISSGBISSVH;12/09/2023;EB;1203;<;0.0001;µg/L
NL89_VLISSGBISSVH;11/10/2023;EB;1203;<;0.0001;µg/L
NL89_VLISSGBISSVH;08/11/2023;EB;1203;<;0.0001;µg/L
NL89_VLISSGBISSVH;05/12/2023;EB;1203;=;0.0001;µg/L
NL89_VLISSGBISSVH;04/01/2023;EB;1204;=;0.0018;µg/L
NL89_VLISSGBISSVH;30/01/2023;EB;1204;=;0.0029;µg/L
NL89_VLISSGBISSVH;28/02/2023;EB;1204;=;0.0018;µg/L
NL89_VLISSGBISSVH;27/03/2023;EB;1204;=;0.0008;µg/L
NL89_VLISSGBISSVH;24/04/2023;EB;1204;=;0.0022;µg/L
NL89_VLISSGBISSVH;22/06/2023;EB;1204;=;0.0005;µg/L
NL89_VLISSGBISSVH;17/07/2023;EB;1204;=;0.0003;µg/L
NL89_VLISSGBISSVH;14/08/2023;EB;1204;=;0.0003;µg/L
NL89_VLISSGBISSVH;12/09/2023;EB;1204;=;0.0003;µg/L
NL89_VLISSGBISSVH;11/10/2023;EB;1204;=;0.0004;µg/L
NL89_VLISSGBISSVH;08/11/2023;EB;1204;=;0.0004;µg/L
NL89_VLISSGBISSVH;05/12/2023;EB;1204;=;0.0010;µg/L
NL89_VLISSGBISSVH;04/01/2023;EB;1207;<;0.0003;µg/L
NL89_VLISSGBISSVH;30/01/2023;EB;1207;<;0.0003;µg/L
NL89_VLISSGBISSVH;28/02/2023;EB;1207;<;0.0003;µg/L
NL89_VLISSGBISSVH;27/03/2023;EB;1207;<;0.0003;µg/L
NL89_VLISSGBISSVH;24/04/2023;EB;1207;<;0.0003;µg/L
NL89_VLISSGBISSVH;22/06/2023;EB;1207;<;0.0003;µg/L
NL89_VLISSGBISSVH;17/07/2023;EB;1207;<;0.0003;µg/L
NL89_VLISSGBISSVH;14/08/2023;EB;1207;<;0.0003;µg/L
NL89_VLISSGBISSVH;12/09/2023;EB;1207;<;0.0003;µg/L
NL89_VLISSGBISSVH;11/10/2023;EB;1207;<;0.0003;µg/L
NL89_VLISSGBISSVH;08/11/2023;EB;1207;<;0.0003;µg/L
NL89_VLISSGBISSVH;05/12/2023;EB;1207;<;0.0003;µg/L
NL89_VLISSGBISSVH;04/01/2023;EB;1208;=;0.0005;µg/L
NL89_VLISSGBISSVH;30/01/2023;EB;1208;=;0.0006;µg/L
NL89_VLISSGBISSVH;28/02/2023;EB;1208;=;0.0004;µg/L
NL89_VLISSGBISSVH;27/03/2023;EB;1208;=;0.0005;µg/L
NL89_VLISSGBISSVH;24/04/2023;EB;1208;=;0.0002;µg/L
NL89_VLISSGBISSVH;22/06/2023;EB;1208;=;0.0002;µg/L
NL89_VLISSGBISSVH;17/07/2023;EB;1208;<;0.0002;µg/L
NL89_VLISSGBISSVH;14/08/2023;EB;1208;<;0.0002;µg/L
NL89_VLISSGBISSVH;12/09/2023;EB;1208;<;0.0002;µg/L
NL89_VLISSGBISSVH;11/10/2023;EB;1208;<;0.0002;µg/L
NL89_VLISSGBISSVH;08/11/2023;EB;1208;=;0.0003;µg/L
NL89_VLISSGBISSVH;05/12/2023;EB;1208;=;0.0006;µg/L
NL89_VLISSGBISSVH;04/01/2023;EB;1235;<;0.1000;µg/L
NL89_VLISSGBISSVH;30/01/2023;EB;1235;<;0.1000;µg/L
NL89_VLISSGBISSVH;28/02/2023;EB;1235;<;0.1000;µg/L
NL89_VLISSGBISSVH;27/03/2023;EB;1235;<;0.1000;µg/L
NL89_VLISSGBISSVH;24/04/2023;EB;1235;<;0.1000;µg/L
NL89_VLISSGBISSVH;22/06/2023;EB;1235;<;0.1000;µg/L
NL89_VLISSGBISSVH;17/07/2023;EB;1235;<;0.1000;µg/L
NL89_VLISSGBISSVH;14/08/2023;EB;1235;<;0.1000;µg/L
NL89_VLISSGBISSVH;12/09/2023;EB;1235;<;0.1000;µg/L
NL89_VLISSGBISSVH;11/10/2023;EB;1235;<;0.1000;µg/L
NL89_VLISSGBISSVH;08/11/2023;EB;1235;<;0.1000;µg/L
NL89_VLISSGBISSVH;05/12/2023;EB;1235;<;0.1000;µg/L
NL89_VLISSGBISSVH;04/01/2023;EB;1263;<;0.0005;µg/L
NL89_VLISSGBISSVH;30/01/2023;EB;1263;<;0.0005;µg/L
NL89_VLISSGBISSVH;28/02/2023;EB;1263;<;0.0005;µg/L
NL89_VLISSGBISSVH;27/03/2023;EB;1263;<;0.0005;µg/L
NL89_VLISSGBISSVH;24/04/2023;EB;1263;<;0.0005;µg/L
NL89_VLISSGBISSVH;22/06/2023;EB;1263;<;0.0005;µg/L
NL89_VLISSGBISSVH;17/07/2023;EB;1263;<;0.0005;µg/L
NL89_VLISSGBISSVH;14/08/2023;EB;1263;<;0.0005;µg/L
NL89_VLISSGBISSVH;12/09/2023;EB;1263;<;0.0005;µg/L
NL89_VLISSGBISSVH;11/10/2023;EB;1263;<;0.0005;µg/L
NL89_VLISSGBISSVH;08/11/2023;EB;1263;<;0.0005;µg/L
NL89_VLISSGBISSVH;05/12/2023;EB;1263;=;0.0006;µg/L
NL89_VLISSGBISSVH;04/01/2023;EB;1269;<;0.0006;µg/L
NL89_VLISSGBISSVH;30/01/2023;EB;1269;=;0.0007;µg/L
NL89_VLISSGBISSVH;28/02/2023;EB;1269;<;0.0006;µg/L
NL89_VLISSGBISSVH;27/03/2023;EB;1269;<;0.0006;µg/L
NL89_VLISSGBISSVH;24/04/2023;EB;1269;<;0.0006;µg/L
NL89_VLISSGBISSVH;22/06/2023;EB;1269;<;0.0006;µg/L
NL89_VLISSGBISSVH;17/07/2023;EB;1269;<;0.0006;µg/L
NL89_VLISSGBISSVH;14/08/2023;EB;1269;<;0.0006;µg/L
NL89_VLISSGBISSVH;12/09/2023;EB;1269;<;0.0006;µg/L
NL89_VLISSGBISSVH;11/10/2023;EB;1269;<;0.0006;µg/L
NL89_VLISSGBISSVH;08/11/2023;EB;1269;<;0.0006;µg/L
NL89_VLISSGBISSVH;05/12/2023;EB;1269;=;0.0009;µg/L
NL89_VLISSGBISSVH;04/01/2023;EB;1272;<;0.0100;µg/L
NL89_VLISSGBISSVH;30/01/2023;EB;1272;<;0.0100;µg/L
NL89_VLISSGBISSVH;28/02/2023;EB;1272;=;0.9700;µg/L
NL89_VLISSGBISSVH;27/03/2023;EB;1272;=;0.9400;µg/L
NL89_VLISSGBISSVH;24/04/2023;EB;1272;<;0.0100;µg/L
NL89_VLISSGBISSVH;22/06/2023;EB;1272;<;0.0100;µg/L
NL89_VLISSGBISSVH;17/07/2023;EB;1272;<;0.0100;µg/L
NL89_VLISSGBISSVH;14/08/2023;EB;1272;<;0.0100;µg/L
NL89_VLISSGBISSVH;12/09/2023;EB;1272;<;0.0100;µg/L
NL89_VLISSGBISSVH;11/10/2023;EB;1272;<;0.0100;µg/L
NL89_VLISSGBISSVH;08/11/2023;EB;1272;<;0.0100;µg/L
NL89_VLISSGBISSVH;05/12/2023;EB;1272;<;0.0100;µg/L
NL89_VLISSGBISSVH;04/01/2023;EB;1276;<;0.0100;µg/L
NL89_VLISSGBISSVH;30/01/2023;EB;1276;<;0.0100;µg/L
NL89_VLISSGBISSVH;28/02/2023;EB;1276;<;0.0100;µg/L
NL89_VLISSGBISSVH;27/03/2023;EB;1276;<;0.0100;µg/L
NL89_VLISSGBISSVH;24/04/2023;EB;1276;<;0.0100;µg/L
NL89_VLISSGBISSVH;22/06/2023;EB;1276;<;0.1000;µg/L
NL89_VLISSGBISSVH;17/07/2023;EB;1276;<;0.0100;µg/L
NL89_VLISSGBISSVH;14/08/2023;EB;1276;<;0.0100;µg/L
NL89_VLISSGBISSVH;12/09/2023;EB;1276;<;0.0100;µg/L
NL89_VLISSGBISSVH;11/10/2023;EB;1276;<;0.0100;µg/L
NL89_VLISSGBISSVH;08/11/2023;EB;1276;<;0.0100;µg/L
NL89_VLISSGBISSVH;05/12/2023;EB;1276;<;0.0100;µg/L
NL89_VLISSGBISSVH;04/01/2023;EB;1283;<;0.0100;µg/L
NL89_VLISSGBISSVH;30/01/2023;EB;1283;<;0.0100;µg/L
NL89_VLISSGBISSVH;28/02/2023;EB;1283;<;0.0100;µg/L
NL89_VLISSGBISSVH;27/03/2023;EB;1283;<;0.0100;µg/L
NL89_VLISSGBISSVH;24/04/2023;EB;1283;<;0.0100;µg/L
NL89_VLISSGBISSVH;22/06/2023;EB;1283;<;0.0100;µg/L
NL89_VLISSGBISSVH;17/07/2023;EB;1283;<;0.0100;µg/L
NL89_VLISSGBISSVH;14/08/2023;EB;1283;<;0.0100;µg/L
NL89_VLISSGBISSVH;12/09/2023;EB;1283;<;0.0100;µg/L
NL89_VLISSGBISSVH;11/10/2023;EB;1283;<;0.0100;µg/L
NL89_VLISSGBISSVH;08/11/2023;EB;1283;<;0.0100;µg/L
NL89_VLISSGBISSVH;05/12/2023;EB;1283;<;0.0100;µg/L
NL89_VLISSGBISSVH;04/01/2023;EB;1286;<;0.0100;µg/L
NL89_VLISSGBISSVH;30/01/2023;EB;1286;<;0.0100;µg/L
NL89_VLISSGBISSVH;28/02/2023;EB;1286;<;0.0100;µg/L
NL89_VLISSGBISSVH;27/03/2023;EB;1286;<;0.0100;µg/L
NL89_VLISSGBISSVH;24/04/2023;EB;1286;<;0.0100;µg/L
NL89_VLISSGBISSVH;22/06/2023;EB;1286;<;0.0100;µg/L
NL89_VLISSGBISSVH;17/07/2023;EB;1286;<;0.0100;µg/L
NL89_VLISSGBISSVH;14/08/2023;EB;1286;<;0.0100;µg/L
NL89_VLISSGBISSVH;12/09/2023;EB;1286;<;0.0100;µg/L
NL89_VLISSGBISSVH;11/10/2023;EB;1286;<;0.0100;µg/L
NL89_VLISSGBISSVH;08/11/2023;EB;1286;<;0.0100;µg/L
NL89_VLISSGBISSVH;05/12/2023;EB;1286;<;0.0100;µg/L
NL89_VLISSGBISSVH;04/01/2023;EB;1289;=;NV;µg/L
NL89_VLISSGBISSVH;30/01/2023;EB;1289;=;NV;µg/L
NL89_VLISSGBISSVH;28/02/2023;EB;1289;=;NV;µg/L
NL89_VLISSGBISSVH;27/03/2023;EB;1289;=;NV;µg/L
NL89_VLISSGBISSVH;24/04/2023;EB;1289;=;NV;µg/L
NL89_VLISSGBISSVH;22/06/2023;EB;1289;=;NV;µg/L
NL89_VLISSGBISSVH;17/07/2023;EB;1289;=;NV;µg/L
NL89_VLISSGBISSVH;14/08/2023;EB;1289;=;NV;µg/L
NL89_VLISSGBISSVH;12/09/2023;EB;1289;=;NV;µg/L
NL89_VLISSGBISSVH;04/01/2023;EB;1301;=;7.4200;°C
NL89_VLISSGBISSVH;30/01/2023;EB;1301;=;6.2200;°C
NL89_VLISSGBISSVH;28/02/2023;EB;1301;=;6.8000;°C
NL89_VLISSGBISSVH;27/03/2023;EB;1301;=;8.5300;°C
NL89_VLISSGBISSVH;12/04/2023;EB;1301;=;9.7000;°C
NL89_VLISSGBISSVH;24/04/2023;EB;1301;=;10.5000;°C
NL89_VLISSGBISSVH;05/06/2023;EB;1301;=;15.4000;°C
NL89_VLISSGBISSVH;22/06/2023;EB;1301;=;19.6000;°C
NL89_VLISSGBISSVH;03/07/2023;EB;1301;=;19.8000;°C
NL89_VLISSGBISSVH;17/07/2023;EB;1301;=;19.9000;°C
NL89_VLISSGBISSVH;02/08/2023;EB;1301;=;19.2000;°C
NL89_VLISSGBISSVH;14/08/2023;EB;1301;=;19.2000;°C
NL89_VLISSGBISSVH;30/08/2023;EB;1301;=;20.0000;°C
NL89_VLISSGBISSVH;12/09/2023;EB;1301;=;21.3000;°C
NL89_VLISSGBISSVH;25/09/2023;EB;1301;=;18.6000;°C
NL89_VLISSGBISSVH;11/10/2023;EB;1301;=;17.7000;°C
NL89_VLISSGBISSVH;08/11/2023;EB;1301;=;11.9000;°C
NL89_VLISSGBISSVH;05/12/2023;EB;1301;=;7.6300;°C
NL89_VLISSGBISSVH;04/01/2023;EB;1302;=;7.9000;u pH
NL89_VLISSGBISSVH;30/01/2023;EB;1302;=;8.0200;u pH
NL89_VLISSGBISSVH;28/02/2023;EB;1302;=;7.9800;u pH
NL89_VLISSGBISSVH;27/03/2023;EB;1302;=;8.0100;u pH
NL89_VLISSGBISSVH;12/04/2023;EB;1302;=;8.0000;u pH
NL89_VLISSGBISSVH;24/04/2023;EB;1302;=;7.9800;u pH
NL89_VLISSGBISSVH;05/06/2023;EB;1302;=;8.0300;u pH
NL89_VLISSGBISSVH;22/06/2023;EB;1302;=;8.0000;u pH
NL89_VLISSGBISSVH;03/07/2023;EB;1302;=;8.0900;u pH
NL89_VLISSGBISSVH;17/07/2023;EB;1302;=;8.0600;u pH
NL89_VLISSGBISSVH;02/08/2023;EB;1302;=;8.0300;u pH
NL89_VLISSGBISSVH;14/08/2023;EB;1302;=;7.9600;u pH
NL89_VLISSGBISSVH;30/08/2023;EB;1302;=;8.0000;u pH
NL89_VLISSGBISSVH;12/09/2023;EB;1302;=;8.0500;u pH
NL89_VLISSGBISSVH;25/09/2023;EB;1302;=;7.9100;u pH
NL89_VLISSGBISSVH;11/10/2023;EB;1302;=;7.9500;u pH
NL89_VLISSGBISSVH;08/11/2023;EB;1302;=;7.9300;u pH
NL89_VLISSGBISSVH;05/12/2023;EB;1302;=;7.9900;u pH
NL89_VLISSGBISSVH;04/01/2023;EB;1303;=;45510.0000;µS/cm (à/bij 25°C)
NL89_VLISSGBISSVH;30/01/2023;EB;1303;=;44511.0000;µS/cm (à/bij 25°C)
NL89_VLISSGBISSVH;28/02/2023;EB;1303;=;44400.0000;µS/cm (à/bij 25°C)
NL89_VLISSGBISSVH;27/03/2023;EB;1303;=;43512.0000;µS/cm (à/bij 25°C)
NL89_VLISSGBISSVH;24/04/2023;EB;1303;=;44622.0000;µS/cm (à/bij 25°C)
NL89_VLISSGBISSVH;22/06/2023;EB;1303;=;45066.0000;µS/cm (à/bij 25°C)
NL89_VLISSGBISSVH;17/07/2023;EB;1303;=;45843.0000;µS/cm (à/bij 25°C)
NL89_VLISSGBISSVH;14/08/2023;EB;1303;=;46509.0000;µS/cm (à/bij 25°C)
NL89_VLISSGBISSVH;12/09/2023;EB;1303;=;47730.0000;µS/cm (à/bij 25°C)
NL89_VLISSGBISSVH;11/10/2023;EB;1303;=;48174.0000;µS/cm (à/bij 25°C)
NL89_VLISSGBISSVH;08/11/2023;EB;1303;=;45843.0000;µS/cm (à/bij 25°C)
NL89_VLISSGBISSVH;05/12/2023;EB;1303;=;39849.0000;µS/cm (à/bij 25°C)
NL89_VLISSGBISSVH;04/01/2023;EB;1305;=;32.3000;mg/L
NL89_VLISSGBISSVH;30/01/2023;EB;1305;=;75.0000;mg/L
NL89_VLISSGBISSVH;28/02/2023;EB;1305;=;13.3000;mg/L
NL89_VLISSGBISSVH;27/03/2023;EB;1305;=;16.3000;mg/L
NL89_VLISSGBISSVH;12/04/2023;EB;1305;=;20.1000;mg/L
NL89_VLISSGBISSVH;24/04/2023;EB;1305;=;249.0000;mg/L
NL89_VLISSGBISSVH;05/06/2023;EB;1305;=;134.0000;mg/L
NL89_VLISSGBISSVH;22/06/2023;EB;1305;=;8.8300;mg/L
NL89_VLISSGBISSVH;03/07/2023;EB;1305;=;13.0000;mg/L
NL89_VLISSGBISSVH;17/07/2023;EB;1305;=;34.9000;mg/L
NL89_VLISSGBISSVH;02/08/2023;EB;1305;=;38.1000;mg/L
NL89_VLISSGBISSVH;14/08/2023;EB;1305;=;25.4000;mg/L
NL89_VLISSGBISSVH;30/08/2023;EB;1305;=;50.0000;mg/L
NL89_VLISSGBISSVH;12/09/2023;EB;1305;=;22.0000;mg/L
NL89_VLISSGBISSVH;25/09/2023;EB;1305;=;7.2700;mg/L
NL89_VLISSGBISSVH;11/10/2023;EB;1305;=;13.2000;mg/L
NL89_VLISSGBISSVH;08/11/2023;EB;1305;=;10.4000;mg/L
NL89_VLISSGBISSVH;05/12/2023;EB;1305;=;15.4000;mg/L
NL89_VLISSGBISSVH;04/01/2023;EB;1311;=;95.0000;%
NL89_VLISSGBISSVH;04/01/2023;EB;1311;=;9.4100;mg/L
NL89_VLISSGBISSVH;30/01/2023;EB;1311;=;96.0000;%
NL89_VLISSGBISSVH;30/01/2023;EB;1311;=;9.6800;mg/L
NL89_VLISSGBISSVH;28/02/2023;EB;1311;=;94.0000;%
NL89_VLISSGBISSVH;28/02/2023;EB;1311;=;9.6300;mg/L
NL89_VLISSGBISSVH;27/03/2023;EB;1311;=;98.0000;%
NL89_VLISSGBISSVH;27/03/2023;EB;1311;=;9.4500;mg/L
NL89_VLISSGBISSVH;12/04/2023;EB;1311;=;93.0000;%
NL89_VLISSGBISSVH;12/04/2023;EB;1311;=;8.8800;mg/L
NL89_VLISSGBISSVH;24/04/2023;EB;1311;=;94.0000;%
NL89_VLISSGBISSVH;24/04/2023;EB;1311;=;8.8300;mg/L
NL89_VLISSGBISSVH;05/06/2023;EB;1311;=;108.0000;%
NL89_VLISSGBISSVH;05/06/2023;EB;1311;=;9.2100;mg/L
NL89_VLISSGBISSVH;22/06/2023;EB;1311;=;110.0000;%
NL89_VLISSGBISSVH;22/06/2023;EB;1311;=;8.4800;mg/L
NL89_VLISSGBISSVH;03/07/2023;EB;1311;=;108.0000;%
NL89_VLISSGBISSVH;03/07/2023;EB;1311;=;8.3000;mg/L
NL89_VLISSGBISSVH;17/07/2023;EB;1311;=;103.0000;%
NL89_VLISSGBISSVH;17/07/2023;EB;1311;=;7.9400;mg/L
NL89_VLISSGBISSVH;02/08/2023;EB;1311;=;94.0000;%
NL89_VLISSGBISSVH;02/08/2023;EB;1311;=;7.2400;mg/L
NL89_VLISSGBISSVH;14/08/2023;EB;1311;=;98.0000;%
NL89_VLISSGBISSVH;14/08/2023;EB;1311;=;7.5800;mg/L
NL89_VLISSGBISSVH;30/08/2023;EB;1311;=;103.0000;%
NL89_VLISSGBISSVH;30/08/2023;EB;1311;=;7.6600;mg/L
NL89_VLISSGBISSVH;12/09/2023;EB;1311;=;113.0000;%
NL89_VLISSGBISSVH;12/09/2023;EB;1311;=;8.3500;mg/L
NL89_VLISSGBISSVH;25/09/2023;EB;1311;=;95.0000;%
NL89_VLISSGBISSVH;25/09/2023;EB;1311;=;7.5100;mg/L
NL89_VLISSGBISSVH;11/10/2023;EB;1311;=;97.0000;%
NL89_VLISSGBISSVH;11/10/2023;EB;1311;=;7.6900;mg/L
NL89_VLISSGBISSVH;08/11/2023;EB;1311;=;94.0000;%
NL89_VLISSGBISSVH;08/11/2023;EB;1311;=;8.3400;mg/L
NL89_VLISSGBISSVH;05/12/2023;EB;1311;=;97.0000;%
NL89_VLISSGBISSVH;05/12/2023;EB;1311;=;9.8400;mg/L
NL89_VLISSGBISSVH;04/01/2023;EB;1313;=;NV;mg/L O2
NL89_VLISSGBISSVH;30/01/2023;EB;1313;=;NV;mg/L O2
NL89_VLISSGBISSVH;28/02/2023;EB;1313;=;NV;mg/L O2
NL89_VLISSGBISSVH;27/03/2023;EB;1313;=;NV;mg/L O2
NL89_VLISSGBISSVH;24/04/2023;EB;1313;=;NV;mg/L O2
NL89_VLISSGBISSVH;22/06/2023;EB;1313;=;NV;mg/L O2
NL89_VLISSGBISSVH;17/07/2023;EB;1313;=;1.4000;mg/L O2
NL89_VLISSGBISSVH;14/08/2023;EB;1313;=;NV;mg/L O2
NL89_VLISSGBISSVH;12/09/2023;EB;1313;=;NV;mg/L O2
NL89_VLISSGBISSVH;11/10/2023;EB;1313;=;1.2000;mg/L O2
NL89_VLISSGBISSVH;08/11/2023;EB;1313;=;NV;mg/L O2
NL89_VLISSGBISSVH;05/12/2023;EB;1313;=;NV;mg/L O2
NL89_VLISSGBISSVH;04/01/2023;EF;1335;=;0.1090;mg/L N
NL89_VLISSGBISSVH;30/01/2023;EF;1335;=;0.0658;mg/L N
NL89_VLISSGBISSVH;28/02/2023;EF;1335;=;0.0361;mg/L N
NL89_VLISSGBISSVH;27/03/2023;EF;1335;=;0.0470;mg/L N
NL89_VLISSGBISSVH;12/04/2023;EF;1335;=;0.0466;mg/L N
NL89_VLISSGBISSVH;24/04/2023;EF;1335;=;0.0556;mg/L N
NL89_VLISSGBISSVH;05/06/2023;EF;1335;=;0.0416;mg/L N
NL89_VLISSGBISSVH;22/06/2023;EF;1335;=;0.0110;mg/L N
NL89_VLISSGBISSVH;03/07/2023;EF;1335;=;0.0230;mg/L N
NL89_VLISSGBISSVH;17/07/2023;EF;1335;=;0.0089;mg/L N
NL89_VLISSGBISSVH;02/08/2023;EF;1335;=;0.0755;mg/L N
NL89_VLISSGBISSVH;14/08/2023;EF;1335;=;0.0685;mg/L N
NL89_VLISSGBISSVH;30/08/2023;EF;1335;=;0.0235;mg/L N
NL89_VLISSGBISSVH;12/09/2023;EF;1335;=;0.0200;mg/L N
NL89_VLISSGBISSVH;25/09/2023;EF;1335;=;0.0514;mg/L N
NL89_VLISSGBISSVH;11/10/2023;EF;1335;=;0.0602;mg/L N
NL89_VLISSGBISSVH;08/11/2023;EF;1335;=;0.0724;mg/L N
NL89_VLISSGBISSVH;05/12/2023;EF;1335;=;0.0696;mg/L N
NL89_VLISSGBISSVH;04/01/2023;EF;1337;=;17000.0000;mg/L
NL89_VLISSGBISSVH;30/01/2023;EF;1337;=;9500.0000;mg/L
NL89_VLISSGBISSVH;28/02/2023;EF;1337;=;16000.0000;mg/L
NL89_VLISSGBISSVH;27/03/2023;EF;1337;=;15000.0000;mg/L
NL89_VLISSGBISSVH;24/04/2023;EF;1337;=;16000.0000;mg/L
NL89_VLISSGBISSVH;22/06/2023;EF;1337;=;15000.0000;mg/L
NL89_VLISSGBISSVH;17/07/2023;EF;1337;=;17000.0000;mg/L
NL89_VLISSGBISSVH;14/08/2023;EF;1337;=;17000.0000;mg/L
NL89_VLISSGBISSVH;12/09/2023;EF;1337;=;17000.0000;mg/L
NL89_VLISSGBISSVH;11/10/2023;EF;1337;=;17000.0000;mg/L
NL89_VLISSGBISSVH;08/11/2023;EF;1337;=;16000.0000;mg/L
NL89_VLISSGBISSVH;05/12/2023;EF;1337;=;14000.0000;mg/L
NL89_VLISSGBISSVH;04/01/2023;EF;1338;=;2400.0000;mg/L
NL89_VLISSGBISSVH;30/01/2023;EF;1338;=;1400.0000;mg/L
NL89_VLISSGBISSVH;28/02/2023;EF;1338;=;2400.0000;mg/L
NL89_VLISSGBISSVH;27/03/2023;EF;1338;=;2200.0000;mg/L
NL89_VLISSGBISSVH;24/04/2023;EF;1338;=;2200.0000;mg/L
NL89_VLISSGBISSVH;22/06/2023;EF;1338;=;2100.0000;mg/L
NL89_VLISSGBISSVH;17/07/2023;EF;1338;=;2400.0000;mg/L
NL89_VLISSGBISSVH;14/08/2023;EF;1338;=;2600.0000;mg/L
NL89_VLISSGBISSVH;12/09/2023;EF;1338;=;2500.0000;mg/L
NL89_VLISSGBISSVH;11/10/2023;EF;1338;=;2600.0000;mg/L
NL89_VLISSGBISSVH;08/11/2023;EF;1338;=;2300.0000;mg/L
NL89_VLISSGBISSVH;05/12/2023;EF;1338;=;2100.0000;mg/L
NL89_VLISSGBISSVH;04/01/2023;EF;1339;=;0.0204;mg/L N
NL89_VLISSGBISSVH;30/01/2023;EF;1339;=;0.0352;mg/L N
NL89_VLISSGBISSVH;28/02/2023;EF;1339;=;0.0228;mg/L N
NL89_VLISSGBISSVH;27/03/2023;EF;1339;=;0.0188;mg/L N
NL89_VLISSGBISSVH;12/04/2023;EF;1339;=;0.0175;mg/L N
NL89_VLISSGBISSVH;24/04/2023;EF;1339;=;0.0156;mg/L N
NL89_VLISSGBISSVH;05/06/2023;EF;1339;=;0.0078;mg/L N
NL89_VLISSGBISSVH;22/06/2023;EF;1339;=;0.0051;mg/L N
NL89_VLISSGBISSVH;03/07/2023;EF;1339;=;0.0034;mg/L N
NL89_VLISSGBISSVH;17/07/2023;EF;1339;=;0.0047;mg/L N
NL89_VLISSGBISSVH;02/08/2023;EF;1339;=;0.0075;mg/L N
NL89_VLISSGBISSVH;14/08/2023;EF;1339;=;0.0160;mg/L N
NL89_VLISSGBISSVH;30/08/2023;EF;1339;=;0.0083;mg/L N
NL89_VLISSGBISSVH;12/09/2023;EF;1339;=;0.0109;mg/L N
NL89_VLISSGBISSVH;25/09/2023;EF;1339;=;0.0126;mg/L N
NL89_VLISSGBISSVH;11/10/2023;EF;1339;=;0.0220;mg/L N
NL89_VLISSGBISSVH;08/11/2023;EF;1339;=;0.0166;mg/L N
NL89_VLISSGBISSVH;05/12/2023;EF;1339;=;0.0270;mg/L N
NL89_VLISSGBISSVH;04/01/2023;EF;1340;=;0.6290;mg/L N
NL89_VLISSGBISSVH;30/01/2023;EF;1340;=;0.8800;mg/L N
NL89_VLISSGBISSVH;28/02/2023;EF;1340;=;0.7120;mg/L N
NL89_VLISSGBISSVH;27/03/2023;EF;1340;=;0.9410;mg/L N
NL89_VLISSGBISSVH;12/04/2023;EF;1340;=;0.7110;mg/L N
NL89_VLISSGBISSVH;24/04/2023;EF;1340;=;0.6700;mg/L N
NL89_VLISSGBISSVH;05/06/2023;EF;1340;<;0.0100;mg/L N
NL89_VLISSGBISSVH;22/06/2023;EF;1340;=;0.3460;mg/L N
NL89_VLISSGBISSVH;03/07/2023;EF;1340;<;0.0100;mg/L N
NL89_VLISSGBISSVH;17/07/2023;EF;1340;<;0.0100;mg/L N
NL89_VLISSGBISSVH;02/08/2023;EF;1340;=;0.1660;mg/L N
NL89_VLISSGBISSVH;14/08/2023;EF;1340;=;0.2400;mg/L N
NL89_VLISSGBISSVH;30/08/2023;EF;1340;=;0.1800;mg/L N
NL89_VLISSGBISSVH;12/09/2023;EF;1340;=;0.1790;mg/L N
NL89_VLISSGBISSVH;25/09/2023;EF;1340;=;0.1980;mg/L N
NL89_VLISSGBISSVH;11/10/2023;EF;1340;=;0.2350;mg/L N
NL89_VLISSGBISSVH;08/11/2023;EF;1340;=;0.4200;mg/L N
NL89_VLISSGBISSVH;05/12/2023;EF;1340;=;0.9880;mg/L N
NL89_VLISSGBISSVH;04/01/2023;EB;1345;=;NV;°f (degré français/Franse graden)
NL89_VLISSGBISSVH;30/01/2023;EB;1345;=;NV;°f (degré français/Franse graden)
NL89_VLISSGBISSVH;28/02/2023;EB;1345;=;NV;°f (degré français/Franse graden)
NL89_VLISSGBISSVH;27/03/2023;EB;1345;=;NV;°f (degré français/Franse graden)
NL89_VLISSGBISSVH;24/04/2023;EB;1345;=;NV;°f (degré français/Franse graden)
NL89_VLISSGBISSVH;22/06/2023;EB;1345;=;NV;°f (degré français/Franse graden)
NL89_VLISSGBISSVH;17/07/2023;EB;1345;=;NV;°f (degré français/Franse graden)
NL89_VLISSGBISSVH;14/08/2023;EB;1345;=;NV;°f (degré français/Franse graden)
NL89_VLISSGBISSVH;12/09/2023;EB;1345;=;NV;°f (degré français/Franse graden)
NL89_VLISSGBISSVH;11/10/2023;EB;1345;=;NV;°f (degré français/Franse graden)
NL89_VLISSGBISSVH;08/11/2023;EB;1345;=;NV;°f (degré français/Franse graden)
NL89_VLISSGBISSVH;05/12/2023;EB;1345;=;NV;°f (degré français/Franse graden)
NL89_VLISSGBISSVH;04/01/2023;EB;1350;=;0.0952;mg/L
NL89_VLISSGBISSVH;04/01/2023;EF;1350;=;0.0638;mg/L
NL89_VLISSGBISSVH;30/01/2023;EB;1350;=;0.1070;mg/L
NL89_VLISSGBISSVH;30/01/2023;EF;1350;=;0.0471;mg/L
NL89_VLISSGBISSVH;28/02/2023;EB;1350;=;0.0653;mg/L
NL89_VLISSGBISSVH;28/02/2023;EF;1350;=;0.0240;mg/L
NL89_VLISSGBISSVH;27/03/2023;EB;1350;=;0.0588;mg/L
NL89_VLISSGBISSVH;27/03/2023;EF;1350;=;0.0419;mg/L
NL89_VLISSGBISSVH;12/04/2023;EB;1350;=;0.0663;mg/L
NL89_VLISSGBISSVH;12/04/2023;EF;1350;=;0.0339;mg/L
NL89_VLISSGBISSVH;24/04/2023;EB;1350;=;0.3280;mg/L
NL89_VLISSGBISSVH;24/04/2023;EF;1350;=;0.1870;mg/L
NL89_VLISSGBISSVH;05/06/2023;EB;1350;=;0.1200;mg/L
NL89_VLISSGBISSVH;05/06/2023;EF;1350;=;0.0286;mg/L
NL89_VLISSGBISSVH;22/06/2023;EB;1350;=;0.0385;mg/L
NL89_VLISSGBISSVH;22/06/2023;EF;1350;=;0.0245;mg/L
NL89_VLISSGBISSVH;03/07/2023;EB;1350;=;0.0393;mg/L
NL89_VLISSGBISSVH;03/07/2023;EF;1350;=;0.0252;mg/L
NL89_VLISSGBISSVH;17/07/2023;EB;1350;=;0.0551;mg/L
NL89_VLISSGBISSVH;17/07/2023;EF;1350;=;0.0374;mg/L
NL89_VLISSGBISSVH;02/08/2023;EB;1350;=;0.0810;mg/L
NL89_VLISSGBISSVH;02/08/2023;EF;1350;=;0.0547;mg/L
NL89_VLISSGBISSVH;14/08/2023;EB;1350;=;0.0706;mg/L
NL89_VLISSGBISSVH;14/08/2023;EF;1350;=;0.0525;mg/L
NL89_VLISSGBISSVH;30/08/2023;EB;1350;=;0.1010;mg/L
NL89_VLISSGBISSVH;30/08/2023;EF;1350;=;0.0416;mg/L
NL89_VLISSGBISSVH;12/09/2023;EB;1350;=;0.1450;mg/L
NL89_VLISSGBISSVH;12/09/2023;EF;1350;=;0.1160;mg/L
NL89_VLISSGBISSVH;25/09/2023;EB;1350;=;0.0505;mg/L
NL89_VLISSGBISSVH;25/09/2023;EF;1350;=;0.0413;mg/L
NL89_VLISSGBISSVH;11/10/2023;EB;1350;=;0.0812;mg/L
NL89_VLISSGBISSVH;11/10/2023;EF;1350;=;0.0379;mg/L
NL89_VLISSGBISSVH;08/11/2023;EB;1350;=;0.0685;mg/L
NL89_VLISSGBISSVH;08/11/2023;EF;1350;=;0.0579;mg/L
NL89_VLISSGBISSVH;05/12/2023;EB;1350;=;0.0877;mg/L
NL89_VLISSGBISSVH;05/12/2023;EF;1350;=;0.0722;mg/L
NL89_VLISSGBISSVH;04/01/2023;EF;1361;=;2.0000;µg/L
NL89_VLISSGBISSVH;30/01/2023;EF;1361;=;2.0900;µg/L
NL89_VLISSGBISSVH;28/02/2023;EF;1361;=;2.1800;µg/L
NL89_VLISSGBISSVH;27/03/2023;EF;1361;=;1.9600;µg/L
NL89_VLISSGBISSVH;24/04/2023;EF;1361;=;2.3000;µg/L
NL89_VLISSGBISSVH;22/06/2023;EF;1361;=;1.6800;µg/L
NL89_VLISSGBISSVH;17/07/2023;EF;1361;=;2.1700;µg/L
NL89_VLISSGBISSVH;14/08/2023;EF;1361;=;2.2000;µg/L
NL89_VLISSGBISSVH;12/09/2023;EF;1361;=;2.4500;µg/L
NL89_VLISSGBISSVH;11/10/2023;EF;1361;=;2.1600;µg/L
NL89_VLISSGBISSVH;08/11/2023;EF;1361;=;2.0600;µg/L
NL89_VLISSGBISSVH;05/12/2023;EF;1361;=;1.9800;µg/L
NL89_VLISSGBISSVH;04/01/2023;EF;1368;=;0.0054;µg/L
NL89_VLISSGBISSVH;30/01/2023;EF;1368;=;0.0043;µg/L
NL89_VLISSGBISSVH;28/02/2023;EF;1368;=;0.0031;µg/L
NL89_VLISSGBISSVH;27/03/2023;EF;1368;<;0.0030;µg/L
NL89_VLISSGBISSVH;24/04/2023;EF;1368;=;0.0064;µg/L
NL89_VLISSGBISSVH;22/06/2023;EF;1368;<;0.0030;µg/L
NL89_VLISSGBISSVH;17/07/2023;EF;1368;<;0.0030;µg/L
NL89_VLISSGBISSVH;14/08/2023;EF;1368;<;0.0030;µg/L
NL89_VLISSGBISSVH;12/09/2023;EF;1368;<;0.0030;µg/L
NL89_VLISSGBISSVH;11/10/2023;EF;1368;=;0.0030;µg/L
NL89_VLISSGBISSVH;08/11/2023;EF;1368;<;0.0030;µg/L
NL89_VLISSGBISSVH;05/12/2023;EF;1368;=;0.0040;µg/L
NL89_VLISSGBISSVH;04/01/2023;EF;1369;=;1.5300;µg/L
NL89_VLISSGBISSVH;30/01/2023;EF;1369;=;1.5400;µg/L
NL89_VLISSGBISSVH;28/02/2023;EF;1369;=;1.4200;µg/L
NL89_VLISSGBISSVH;27/03/2023;EF;1369;=;1.3600;µg/L
NL89_VLISSGBISSVH;24/04/2023;EF;1369;=;1.5100;µg/L
NL89_VLISSGBISSVH;22/06/2023;EF;1369;=;1.4100;µg/L
NL89_VLISSGBISSVH;17/07/2023;EF;1369;=;1.9800;µg/L
NL89_VLISSGBISSVH;14/08/2023;EF;1369;=;1.9200;µg/L
NL89_VLISSGBISSVH;12/09/2023;EF;1369;=;1.8900;µg/L
NL89_VLISSGBISSVH;11/10/2023;EF;1369;=;2.1400;µg/L
NL89_VLISSGBISSVH;08/11/2023;EF;1369;=;1.6500;µg/L
NL89_VLISSGBISSVH;05/12/2023;EF;1369;=;1.8200;µg/L
NL89_VLISSGBISSVH;04/01/2023;EF;1379;=;0.0398;µg/L
NL89_VLISSGBISSVH;30/01/2023;EF;1379;=;0.0389;µg/L
NL89_VLISSGBISSVH;28/02/2023;EF;1379;=;0.0454;µg/L
NL89_VLISSGBISSVH;27/03/2023;EF;1379;=;0.0618;µg/L
NL89_VLISSGBISSVH;24/04/2023;EF;1379;=;0.0540;µg/L
NL89_VLISSGBISSVH;22/06/2023;EF;1379;=;0.0429;µg/L
NL89_VLISSGBISSVH;17/07/2023;EF;1379;=;0.0594;µg/L
NL89_VLISSGBISSVH;14/08/2023;EF;1379;=;0.0424;µg/L
NL89_VLISSGBISSVH;12/09/2023;EF;1379;=;0.0470;µg/L
NL89_VLISSGBISSVH;11/10/2023;EF;1379;=;0.0494;µg/L
NL89_VLISSGBISSVH;08/11/2023;EF;1379;=;0.0451;µg/L
NL89_VLISSGBISSVH;05/12/2023;EF;1379;=;0.0471;µg/L
NL89_VLISSGBISSVH;04/01/2023;EF;1382;=;0.0258;µg/L
NL89_VLISSGBISSVH;30/01/2023;EF;1382;<;0.0200;µg/L
NL89_VLISSGBISSVH;28/02/2023;EF;1382;=;0.0249;µg/L
NL89_VLISSGBISSVH;27/03/2023;EF;1382;=;0.0255;µg/L
NL89_VLISSGBISSVH;24/04/2023;EF;1382;=;0.0307;µg/L
NL89_VLISSGBISSVH;22/06/2023;EF;1382;<;0.0200;µg/L
NL89_VLISSGBISSVH;17/07/2023;EF;1382;<;0.0200;µg/L
NL89_VLISSGBISSVH;14/08/2023;EF;1382;=;0.0217;µg/L
NL89_VLISSGBISSVH;12/09/2023;EF;1382;=;0.0218;µg/L
NL89_VLISSGBISSVH;11/10/2023;EF;1382;<;0.0200;µg/L
NL89_VLISSGBISSVH;08/11/2023;EF;1382;<;0.0200;µg/L
NL89_VLISSGBISSVH;05/12/2023;EF;1382;<;0.0200;µg/L
NL89_VLISSGBISSVH;04/01/2023;EF;1383;=;2.5800;µg/L
NL89_VLISSGBISSVH;30/01/2023;EF;1383;=;2.1900;µg/L
NL89_VLISSGBISSVH;28/02/2023;EF;1383;=;1.7200;µg/L
NL89_VLISSGBISSVH;27/03/2023;EF;1383;=;1.8900;µg/L
NL89_VLISSGBISSVH;24/04/2023;EF;1383;=;3.3700;µg/L
NL89_VLISSGBISSVH;22/06/2023;EF;1383;=;3.0100;µg/L
NL89_VLISSGBISSVH;17/07/2023;EF;1383;=;2.9600;µg/L
NL89_VLISSGBISSVH;14/08/2023;EF;1383;=;2.8800;µg/L
NL89_VLISSGBISSVH;12/09/2023;EF;1383;=;6.3800;µg/L
NL89_VLISSGBISSVH;11/10/2023;EF;1383;=;1.5500;µg/L
NL89_VLISSGBISSVH;08/11/2023;EF;1383;=;1.0400;µg/L
NL89_VLISSGBISSVH;05/12/2023;EF;1383;=;1.6200;µg/L
NL89_VLISSGBISSVH;04/01/2023;EF;1385;=;0.1390;µg/L
NL89_VLISSGBISSVH;30/01/2023;EF;1385;=;0.1430;µg/L
NL89_VLISSGBISSVH;28/02/2023;EF;1385;=;0.1410;µg/L
NL89_VLISSGBISSVH;27/03/2023;EF;1385;=;0.1430;µg/L
NL89_VLISSGBISSVH;24/04/2023;EF;1385;=;0.1440;µg/L
NL89_VLISSGBISSVH;22/06/2023;EF;1385;=;0.1060;µg/L
NL89_VLISSGBISSVH;17/07/2023;EF;1385;=;0.1460;µg/L
NL89_VLISSGBISSVH;14/08/2023;EF;1385;=;0.1110;µg/L
NL89_VLISSGBISSVH;12/09/2023;EF;1385;=;0.1200;µg/L
NL89_VLISSGBISSVH;11/10/2023;EF;1385;=;0.1100;µg/L
NL89_VLISSGBISSVH;08/11/2023;EF;1385;=;0.1290;µg/L
NL89_VLISSGBISSVH;05/12/2023;EF;1385;=;0.1540;µg/L
NL89_VLISSGBISSVH;04/01/2023;EF;1386;=;0.9090;µg/L
NL89_VLISSGBISSVH;30/01/2023;EF;1386;=;0.6800;µg/L
NL89_VLISSGBISSVH;28/02/2023;EF;1386;=;0.6080;µg/L
NL89_VLISSGBISSVH;27/03/2023;EF;1386;=;0.7330;µg/L
NL89_VLISSGBISSVH;24/04/2023;EF;1386;=;1.0100;µg/L
NL89_VLISSGBISSVH;22/06/2023;EF;1386;=;1.3600;µg/L
NL89_VLISSGBISSVH;17/07/2023;EF;1386;=;0.7760;µg/L
NL89_VLISSGBISSVH;14/08/2023;EF;1386;=;0.8010;µg/L
NL89_VLISSGBISSVH;12/09/2023;EF;1386;=;0.8180;µg/L
NL89_VLISSGBISSVH;11/10/2023;EF;1386;=;1.1200;µg/L
NL89_VLISSGBISSVH;08/11/2023;EF;1386;=;0.6950;µg/L
NL89_VLISSGBISSVH;05/12/2023;EF;1386;=;0.8000;µg/L
NL89_VLISSGBISSVH;04/01/2023;EF;1387;=;0.0001;µg/L
NL89_VLISSGBISSVH;30/01/2023;EF;1387;=;0.0002;µg/L
NL89_VLISSGBISSVH;28/02/2023;EF;1387;=;0.0002;µg/L
NL89_VLISSGBISSVH;27/03/2023;EF;1387;=;0.0001;µg/L
NL89_VLISSGBISSVH;24/04/2023;EF;1387;=;0.0003;µg/L
NL89_VLISSGBISSVH;22/06/2023;EF;1387;=;0.0001;µg/L
NL89_VLISSGBISSVH;17/07/2023;EF;1387;=;0.0002;µg/L
NL89_VLISSGBISSVH;14/08/2023;EF;1387;=;0.0001;µg/L
NL89_VLISSGBISSVH;12/09/2023;EF;1387;=;0.0012;µg/L
NL89_VLISSGBISSVH;11/10/2023;EF;1387;=;0.0004;µg/L
NL89_VLISSGBISSVH;08/11/2023;EF;1387;<;0.0003;µg/L
NL89_VLISSGBISSVH;05/12/2023;EF;1387;<;0.0003;µg/L
NL89_VLISSGBISSVH;04/01/2023;EF;1388;=;0.0398;µg/L
NL89_VLISSGBISSVH;30/01/2023;EF;1388;=;0.0327;µg/L
NL89_VLISSGBISSVH;28/02/2023;EF;1388;=;0.0291;µg/L
NL89_VLISSGBISSVH;27/03/2023;EF;1388;=;0.0242;µg/L
NL89_VLISSGBISSVH;24/04/2023;EF;1388;=;0.0418;µg/L
NL89_VLISSGBISSVH;22/06/2023;EF;1388;=;0.0181;µg/L
NL89_VLISSGBISSVH;17/07/2023;EF;1388;=;0.0167;µg/L
NL89_VLISSGBISSVH;14/08/2023;EF;1388;=;0.0247;µg/L
NL89_VLISSGBISSVH;12/09/2023;EF;1388;=;0.0254;µg/L
NL89_VLISSGBISSVH;11/10/2023;EF;1388;=;0.0261;µg/L
NL89_VLISSGBISSVH;08/11/2023;EF;1388;=;0.0260;µg/L
NL89_VLISSGBISSVH;05/12/2023;EF;1388;=;0.0301;µg/L
NL89_VLISSGBISSVH;04/01/2023;EF;1392;=;0.6950;µg/L
NL89_VLISSGBISSVH;30/01/2023;EF;1392;=;0.9040;µg/L
NL89_VLISSGBISSVH;28/02/2023;EF;1392;=;0.6940;µg/L
NL89_VLISSGBISSVH;27/03/2023;EF;1392;=;0.7380;µg/L
NL89_VLISSGBISSVH;24/04/2023;EF;1392;=;1.1400;µg/L
NL89_VLISSGBISSVH;22/06/2023;EF;1392;=;1.0200;µg/L
NL89_VLISSGBISSVH;17/07/2023;EF;1392;=;1.0800;µg/L
NL89_VLISSGBISSVH;14/08/2023;EF;1392;=;0.9980;µg/L
NL89_VLISSGBISSVH;12/09/2023;EF;1392;=;1.1700;µg/L
NL89_VLISSGBISSVH;11/10/2023;EF;1392;=;1.0900;µg/L
NL89_VLISSGBISSVH;08/11/2023;EF;1392;=;0.6510;µg/L
NL89_VLISSGBISSVH;05/12/2023;EF;1392;=;0.8960;µg/L
NL89_VLISSGBISSVH;04/01/2023;EF;1433;=;0.0617;mg/L P
NL89_VLISSGBISSVH;30/01/2023;EF;1433;=;0.0455;mg/L P
NL89_VLISSGBISSVH;28/02/2023;EF;1433;=;0.0380;mg/L P
NL89_VLISSGBISSVH;27/03/2023;EF;1433;=;0.0371;mg/L P
NL89_VLISSGBISSVH;12/04/2023;EF;1433;=;0.0223;mg/L P
NL89_VLISSGBISSVH;24/04/2023;EF;1433;=;0.1670;mg/L P
NL89_VLISSGBISSVH;05/06/2023;EF;1433;=;0.0219;mg/L P
NL89_VLISSGBISSVH;22/06/2023;EF;1433;=;0.0173;mg/L P
NL89_VLISSGBISSVH;03/07/2023;EF;1433;=;0.0183;mg/L P
NL89_VLISSGBISSVH;17/07/2023;EF;1433;=;0.0133;mg/L P
NL89_VLISSGBISSVH;02/08/2023;EF;1433;=;0.0215;mg/L P
NL89_VLISSGBISSVH;14/08/2023;EF;1433;=;0.0548;mg/L P
NL89_VLISSGBISSVH;30/08/2023;EF;1433;=;0.0222;mg/L P
NL89_VLISSGBISSVH;12/09/2023;EF;1433;=;0.0364;mg/L P
NL89_VLISSGBISSVH;25/09/2023;EF;1433;=;0.0303;mg/L P
NL89_VLISSGBISSVH;11/10/2023;EF;1433;=;0.0335;mg/L P
NL89_VLISSGBISSVH;08/11/2023;EF;1433;=;0.0522;mg/L P
NL89_VLISSGBISSVH;05/12/2023;EF;1433;=;0.0658;mg/L P
NL89_VLISSGBISSVH;04/01/2023;EB;1439;=;0.4300;µg/L
NL89_VLISSGBISSVH;30/01/2023;EB;1439;=;1.4300;µg/L
NL89_VLISSGBISSVH;28/02/2023;EB;1439;=;2.6000;µg/L
NL89_VLISSGBISSVH;27/03/2023;EB;1439;=;2.6000;µg/L
NL89_VLISSGBISSVH;12/04/2023;EB;1439;=;1.8500;µg/L
NL89_VLISSGBISSVH;24/04/2023;EB;1439;=;1.4400;µg/L
NL89_VLISSGBISSVH;05/06/2023;EB;1439;=;0.2300;µg/L
NL89_VLISSGBISSVH;22/06/2023;EB;1439;=;3.6400;µg/L
NL89_VLISSGBISSVH;03/07/2023;EB;1439;=;3.5000;µg/L
NL89_VLISSGBISSVH;17/07/2023;EB;1439;=;9.1000;µg/L
NL89_VLISSGBISSVH;02/08/2023;EB;1439;=;3.9000;µg/L
NL89_VLISSGBISSVH;14/08/2023;EB;1439;=;NV;µg/L
NL89_VLISSGBISSVH;30/08/2023;EB;1439;=;5.9000;µg/L
NL89_VLISSGBISSVH;12/09/2023;EB;1439;=;6.6000;µg/L
NL89_VLISSGBISSVH;25/09/2023;EB;1439;=;3.4000;µg/L
NL89_VLISSGBISSVH;11/10/2023;EB;1439;=;2.8000;µg/L
NL89_VLISSGBISSVH;08/11/2023;EB;1439;=;1.0100;µg/L
NL89_VLISSGBISSVH;05/12/2023;EB;1439;=;0.5800;µg/L
NL89_VLISSGBISSVH;04/01/2023;EB;1458;<;0.0030;µg/L
NL89_VLISSGBISSVH;30/01/2023;EB;1458;<;0.0030;µg/L
NL89_VLISSGBISSVH;28/02/2023;EB;1458;<;0.0030;µg/L
NL89_VLISSGBISSVH;27/03/2023;EB;1458;<;0.0030;µg/L
NL89_VLISSGBISSVH;24/04/2023;EB;1458;<;0.0030;µg/L
NL89_VLISSGBISSVH;22/06/2023;EB;1458;<;0.0030;µg/L
NL89_VLISSGBISSVH;17/07/2023;EB;1458;<;0.0030;µg/L
NL89_VLISSGBISSVH;14/08/2023;EB;1458;<;0.0030;µg/L
NL89_VLISSGBISSVH;12/09/2023;EB;1458;<;0.0030;µg/L
NL89_VLISSGBISSVH;11/10/2023;EB;1458;<;0.0030;µg/L
NL89_VLISSGBISSVH;08/11/2023;EB;1458;<;0.0030;µg/L
NL89_VLISSGBISSVH;05/12/2023;EB;1458;<;0.0030;µg/L
NL89_VLISSGBISSVH;04/01/2023;EB;1464;<;0.0003;µg/L
NL89_VLISSGBISSVH;30/01/2023;EB;1464;<;0.0003;µg/L
NL89_VLISSGBISSVH;28/02/2023;EB;1464;<;0.0003;µg/L
NL89_VLISSGBISSVH;27/03/2023;EB;1464;<;0.0003;µg/L
NL89_VLISSGBISSVH;24/04/2023;EB;1464;<;0.0003;µg/L
NL89_VLISSGBISSVH;22/06/2023;EB;1464;<;0.0003;µg/L
NL89_VLISSGBISSVH;17/07/2023;EB;1464;<;0.0003;µg/L
NL89_VLISSGBISSVH;14/08/2023;EB;1464;<;0.0003;µg/L
NL89_VLISSGBISSVH;12/09/2023;EB;1464;<;0.0003;µg/L
NL89_VLISSGBISSVH;11/10/2023;EB;1464;<;0.0003;µg/L
NL89_VLISSGBISSVH;08/11/2023;EB;1464;<;0.0003;µg/L
NL89_VLISSGBISSVH;05/12/2023;EB;1464;<;0.0003;µg/L
NL89_VLISSGBISSVH;04/01/2023;EB;1517;=;0.0538;µg/L
NL89_VLISSGBISSVH;30/01/2023;EB;1517;=;0.0507;µg/L
NL89_VLISSGBISSVH;28/02/2023;EB;1517;=;0.0436;µg/L
NL89_VLISSGBISSVH;27/03/2023;EB;1517;=;0.0505;µg/L
NL89_VLISSGBISSVH;24/04/2023;EB;1517;<;0.0200;µg/L
NL89_VLISSGBISSVH;22/06/2023;EB;1517;<;0.0200;µg/L
NL89_VLISSGBISSVH;17/07/2023;EB;1517;<;0.0200;µg/L
NL89_VLISSGBISSVH;14/08/2023;EB;1517;<;0.0200;µg/L
NL89_VLISSGBISSVH;12/09/2023;EB;1517;<;0.0200;µg/L
NL89_VLISSGBISSVH;11/10/2023;EB;1517;<;0.0200;µg/L
NL89_VLISSGBISSVH;08/11/2023;EB;1517;<;0.0200;µg/L
NL89_VLISSGBISSVH;05/12/2023;EB;1517;<;0.0200;µg/L
NL89_VLISSGBISSVH;04/01/2023;EB;1551;=;0.6080;mg/L
NL89_VLISSGBISSVH;04/01/2023;EF;1551;=;0.4690;mg/L
NL89_VLISSGBISSVH;30/01/2023;EB;1551;=;1.2300;mg/L
NL89_VLISSGBISSVH;30/01/2023;EF;1551;=;1.0000;mg/L
NL89_VLISSGBISSVH;28/02/2023;EB;1551;=;0.9480;mg/L
NL89_VLISSGBISSVH;28/02/2023;EF;1551;=;0.8910;mg/L
NL89_VLISSGBISSVH;27/03/2023;EB;1551;=;1.2200;mg/L
NL89_VLISSGBISSVH;27/03/2023;EF;1551;=;1.1500;mg/L
NL89_VLISSGBISSVH;12/04/2023;EB;1551;=;1.1000;mg/L
NL89_VLISSGBISSVH;12/04/2023;EF;1551;=;1.0000;mg/L
NL89_VLISSGBISSVH;24/04/2023;EB;1551;=;0.7220;mg/L
NL89_VLISSGBISSVH;24/04/2023;EF;1551;=;0.7120;mg/L
NL89_VLISSGBISSVH;05/06/2023;EB;1551;=;1.0300;mg/L
NL89_VLISSGBISSVH;05/06/2023;EF;1551;=;0.6370;mg/L
NL89_VLISSGBISSVH;22/06/2023;EB;1551;=;0.5340;mg/L
NL89_VLISSGBISSVH;22/06/2023;EF;1551;=;0.4360;mg/L
NL89_VLISSGBISSVH;03/07/2023;EB;1551;=;0.4920;mg/L
NL89_VLISSGBISSVH;03/07/2023;EF;1551;=;0.4130;mg/L
NL89_VLISSGBISSVH;17/07/2023;EB;1551;=;0.5940;mg/L
NL89_VLISSGBISSVH;17/07/2023;EF;1551;=;0.4630;mg/L
NL89_VLISSGBISSVH;02/08/2023;EB;1551;=;0.6870;mg/L
NL89_VLISSGBISSVH;02/08/2023;EF;1551;=;0.5600;mg/L
NL89_VLISSGBISSVH;14/08/2023;EB;1551;=;0.6500;mg/L
NL89_VLISSGBISSVH;14/08/2023;EF;1551;=;0.5650;mg/L
NL89_VLISSGBISSVH;30/08/2023;EB;1551;=;0.6010;mg/L
NL89_VLISSGBISSVH;30/08/2023;EF;1551;=;0.3710;mg/L
NL89_VLISSGBISSVH;12/09/2023;EB;1551;=;0.6730;mg/L
NL89_VLISSGBISSVH;12/09/2023;EF;1551;=;0.5590;mg/L
NL89_VLISSGBISSVH;25/09/2023;EB;1551;=;0.5300;mg/L
NL89_VLISSGBISSVH;25/09/2023;EF;1551;=;0.4880;mg/L
NL89_VLISSGBISSVH;11/10/2023;EB;1551;=;0.5800;mg/L
NL89_VLISSGBISSVH;11/10/2023;EF;1551;=;0.5230;mg/L
NL89_VLISSGBISSVH;08/11/2023;EB;1551;=;0.5760;mg/L
NL89_VLISSGBISSVH;08/11/2023;EF;1551;=;0.5360;mg/L
NL89_VLISSGBISSVH;05/12/2023;EB;1551;=;1.0100;mg/L
NL89_VLISSGBISSVH;05/12/2023;EF;1551;=;0.9500;mg/L
NL89_VLISSGBISSVH;04/01/2023;EB;1629;<;0.0100;µg/L
NL89_VLISSGBISSVH;30/01/2023;EB;1629;<;0.0100;µg/L
NL89_VLISSGBISSVH;28/02/2023;EB;1629;<;0.0100;µg/L
NL89_VLISSGBISSVH;27/03/2023;EB;1629;<;0.0100;µg/L
NL89_VLISSGBISSVH;24/04/2023;EB;1629;<;0.0100;µg/L
NL89_VLISSGBISSVH;22/06/2023;EB;1629;<;0.0100;µg/L
NL89_VLISSGBISSVH;17/07/2023;EB;1629;<;0.0100;µg/L
NL89_VLISSGBISSVH;14/08/2023;EB;1629;<;0.0100;µg/L
NL89_VLISSGBISSVH;12/09/2023;EB;1629;<;0.0100;µg/L
NL89_VLISSGBISSVH;11/10/2023;EB;1629;<;0.0100;µg/L
NL89_VLISSGBISSVH;08/11/2023;EB;1629;<;0.0100;µg/L
NL89_VLISSGBISSVH;05/12/2023;EB;1629;<;0.0100;µg/L
NL89_VLISSGBISSVH;04/01/2023;EB;1630;<;0.0100;µg/L
NL89_VLISSGBISSVH;30/01/2023;EB;1630;<;0.0100;µg/L
NL89_VLISSGBISSVH;28/02/2023;EB;1630;<;0.0100;µg/L
NL89_VLISSGBISSVH;27/03/2023;EB;1630;<;0.0100;µg/L
NL89_VLISSGBISSVH;24/04/2023;EB;1630;<;0.0100;µg/L
NL89_VLISSGBISSVH;22/06/2023;EB;1630;<;0.0100;µg/L
NL89_VLISSGBISSVH;17/07/2023;EB;1630;<;0.0100;µg/L
NL89_VLISSGBISSVH;14/08/2023;EB;1630;<;0.0100;µg/L
NL89_VLISSGBISSVH;12/09/2023;EB;1630;<;0.0100;µg/L
NL89_VLISSGBISSVH;11/10/2023;EB;1630;<;0.0100;µg/L
NL89_VLISSGBISSVH;08/11/2023;EB;1630;<;0.0100;µg/L
NL89_VLISSGBISSVH;05/12/2023;EB;1630;<;0.0100;µg/L
NL89_VLISSGBISSVH;04/01/2023;EB;1652;<;0.0005;µg/L
NL89_VLISSGBISSVH;30/01/2023;EB;1652;<;0.0005;µg/L
NL89_VLISSGBISSVH;28/02/2023;EB;1652;<;0.0005;µg/L
NL89_VLISSGBISSVH;27/03/2023;EB;1652;<;0.0005;µg/L
NL89_VLISSGBISSVH;24/04/2023;EB;1652;<;0.0005;µg/L
NL89_VLISSGBISSVH;22/06/2023;EB;1652;<;0.0005;µg/L
NL89_VLISSGBISSVH;17/07/2023;EB;1652;<;0.0005;µg/L
NL89_VLISSGBISSVH;14/08/2023;EB;1652;<;0.0005;µg/L
NL89_VLISSGBISSVH;12/09/2023;EB;1652;<;0.0005;µg/L
NL89_VLISSGBISSVH;11/10/2023;EB;1652;<;0.0005;µg/L
NL89_VLISSGBISSVH;08/11/2023;EB;1652;<;0.0005;µg/L
NL89_VLISSGBISSVH;05/12/2023;EB;1652;<;0.0005;µg/L
NL89_VLISSGBISSVH;04/01/2023;EB;1688;<;0.0010;µg/L
NL89_VLISSGBISSVH;30/01/2023;EB;1688;<;0.0010;µg/L
NL89_VLISSGBISSVH;28/02/2023;EB;1688;<;0.0010;µg/L
NL89_VLISSGBISSVH;27/03/2023;EB;1688;<;0.0010;µg/L
NL89_VLISSGBISSVH;24/04/2023;EB;1688;<;0.0010;µg/L
NL89_VLISSGBISSVH;22/06/2023;EB;1688;<;0.0010;µg/L
NL89_VLISSGBISSVH;17/07/2023;EB;1688;<;0.0010;µg/L
NL89_VLISSGBISSVH;14/08/2023;EB;1688;<;0.0010;µg/L
NL89_VLISSGBISSVH;12/09/2023;EB;1688;<;0.0010;µg/L
NL89_VLISSGBISSVH;11/10/2023;EB;1688;<;0.0010;µg/L
NL89_VLISSGBISSVH;08/11/2023;EB;1688;<;0.0010;µg/L
NL89_VLISSGBISSVH;05/12/2023;EB;1688;<;0.0010;µg/L
NL89_VLISSGBISSVH;04/01/2023;EB;1877;<;0.0006;µg/L
NL89_VLISSGBISSVH;30/01/2023;EB;1877;=;0.0007;µg/L
NL89_VLISSGBISSVH;28/02/2023;EB;1877;<;0.0006;µg/L
NL89_VLISSGBISSVH;27/03/2023;EB;1877;=;0.0006;µg/L
NL89_VLISSGBISSVH;24/04/2023;EB;1877;<;0.0006;µg/L
NL89_VLISSGBISSVH;22/06/2023;EB;1877;<;0.0006;µg/L
NL89_VLISSGBISSVH;17/07/2023;EB;1877;<;0.0006;µg/L
NL89_VLISSGBISSVH;14/08/2023;EB;1877;<;0.0006;µg/L
NL89_VLISSGBISSVH;12/09/2023;EB;1877;<;0.0006;µg/L
NL89_VLISSGBISSVH;11/10/2023;EB;1877;<;0.0006;µg/L
NL89_VLISSGBISSVH;08/11/2023;EB;1877;<;0.0006;µg/L
NL89_VLISSGBISSVH;05/12/2023;EB;1877;=;0.0009;µg/L
NL89_VLISSGBISSVH;04/01/2023;EB;1888;<;0.0000;µg/L
NL89_VLISSGBISSVH;30/01/2023;EB;1888;<;0.0000;µg/L
NL89_VLISSGBISSVH;28/02/2023;EB;1888;<;0.0000;µg/L
NL89_VLISSGBISSVH;27/03/2023;EB;1888;<;0.0000;µg/L
NL89_VLISSGBISSVH;24/04/2023;EB;1888;=;0.0000;µg/L
NL89_VLISSGBISSVH;22/06/2023;EB;1888;=;0.0000;µg/L
NL89_VLISSGBISSVH;17/07/2023;EB;1888;<;0.0000;µg/L
NL89_VLISSGBISSVH;14/08/2023;EB;1888;<;0.0000;µg/L
NL89_VLISSGBISSVH;12/09/2023;EB;1888;<;0.0000;µg/L
NL89_VLISSGBISSVH;11/10/2023;EB;1888;<;0.0000;µg/L
NL89_VLISSGBISSVH;08/11/2023;EB;1888;<;0.0000;µg/L
NL89_VLISSGBISSVH;05/12/2023;EB;1888;<;0.0000;µg/L
NL89_VLISSGBISSVH;04/01/2023;EB;1935;<;0.0001;µg/L
NL89_VLISSGBISSVH;30/01/2023;EB;1935;<;0.0001;µg/L
NL89_VLISSGBISSVH;28/02/2023;EB;1935;<;0.0001;µg/L
NL89_VLISSGBISSVH;27/03/2023;EB;1935;<;0.0001;µg/L
NL89_VLISSGBISSVH;24/04/2023;EB;1935;<;0.0001;µg/L
NL89_VLISSGBISSVH;22/06/2023;EB;1935;<;0.0001;µg/L
NL89_VLISSGBISSVH;17/07/2023;EB;1935;<;0.0001;µg/L
NL89_VLISSGBISSVH;14/08/2023;EB;1935;<;0.0001;µg/L
NL89_VLISSGBISSVH;12/09/2023;EB;1935;<;0.0001;µg/L
NL89_VLISSGBISSVH;11/10/2023;EB;1935;<;0.0001;µg/L
NL89_VLISSGBISSVH;08/11/2023;EB;1935;<;0.0001;µg/L
NL89_VLISSGBISSVH;05/12/2023;EB;1935;<;0.0001;µg/L
NL89_VLISSGBISSVH;04/01/2023;EB;1959;<;0.0030;µg/L
NL89_VLISSGBISSVH;30/01/2023;EB;1959;<;0.0030;µg/L
NL89_VLISSGBISSVH;28/02/2023;EB;1959;<;0.0030;µg/L
NL89_VLISSGBISSVH;27/03/2023;EB;1959;<;0.0030;µg/L
NL89_VLISSGBISSVH;24/04/2023;EB;1959;<;0.0030;µg/L
NL89_VLISSGBISSVH;22/06/2023;EB;1959;<;0.0030;µg/L
NL89_VLISSGBISSVH;17/07/2023;EB;1959;=;0.0032;µg/L
NL89_VLISSGBISSVH;14/08/2023;EB;1959;=;0.0037;µg/L
NL89_VLISSGBISSVH;12/09/2023;EB;1959;=;0.0031;µg/L
NL89_VLISSGBISSVH;11/10/2023;EB;1959;<;0.0030;µg/L
NL89_VLISSGBISSVH;08/11/2023;EB;1959;<;0.0030;µg/L
NL89_VLISSGBISSVH;05/12/2023;EB;1959;<;0.0030;µg/L
NL89_VLISSGBISSVH;04/01/2023;EB;2028;<;0.0001;µg/L
NL89_VLISSGBISSVH;30/01/2023;EB;2028;<;0.0001;µg/L
NL89_VLISSGBISSVH;28/02/2023;EB;2028;<;0.0001;µg/L
NL89_VLISSGBISSVH;27/03/2023;EB;2028;<;0.0001;µg/L
NL89_VLISSGBISSVH;24/04/2023;EB;2028;<;0.0001;µg/L
NL89_VLISSGBISSVH;22/06/2023;EB;2028;<;0.0001;µg/L
NL89_VLISSGBISSVH;17/07/2023;EB;2028;<;0.0001;µg/L
NL89_VLISSGBISSVH;14/08/2023;EB;2028;<;0.0001;µg/L
NL89_VLISSGBISSVH;12/09/2023;EB;2028;<;0.0001;µg/L
NL89_VLISSGBISSVH;11/10/2023;EB;2028;<;0.0001;µg/L
NL89_VLISSGBISSVH;08/11/2023;EB;2028;<;0.0001;µg/L
NL89_VLISSGBISSVH;05/12/2023;EB;2028;<;0.0001;µg/L
NL89_VLISSGBISSVH;04/01/2023;EB;2879;=;0.0003;µg/L
NL89_VLISSGBISSVH;30/01/2023;EB;2879;=;0.0005;µg/L
NL89_VLISSGBISSVH;28/02/2023;EB;2879;=;0.0004;µg/L
NL89_VLISSGBISSVH;27/03/2023;EB;2879;=;0.0003;µg/L
NL89_VLISSGBISSVH;24/04/2023;EB;2879;=;0.0006;µg/L
NL89_VLISSGBISSVH;22/06/2023;EB;2879;=;0.0001;µg/L
NL89_VLISSGBISSVH;17/07/2023;EB;2879;=;0.0001;µg/L
NL89_VLISSGBISSVH;14/08/2023;EB;2879;=;0.0001;µg/L
NL89_VLISSGBISSVH;12/09/2023;EB;2879;=;0.0001;µg/L
NL89_VLISSGBISSVH;11/10/2023;EB;2879;=;0.0001;µg/L
NL89_VLISSGBISSVH;08/11/2023;EB;2879;=;0.0001;µg/L
NL89_VLISSGBISSVH;05/12/2023;EB;2879;=;0.0002;µg/L
NL89_VLISSGBISSVH;04/01/2023;EB;2911;<;0.0005;µg/L
NL89_VLISSGBISSVH;30/01/2023;EB;2911;<;0.0005;µg/L
NL89_VLISSGBISSVH;28/02/2023;EB;2911;<;0.0005;µg/L
NL89_VLISSGBISSVH;27/03/2023;EB;2911;<;0.0005;µg/L
NL89_VLISSGBISSVH;24/04/2023;EB;2911;<;0.0005;µg/L
NL89_VLISSGBISSVH;22/06/2023;EB;2911;<;0.0005;µg/L
NL89_VLISSGBISSVH;17/07/2023;EB;2911;<;0.0005;µg/L
NL89_VLISSGBISSVH;14/08/2023;EB;2911;<;0.0005;µg/L
NL89_VLISSGBISSVH;12/09/2023;EB;2911;<;0.0005;µg/L
NL89_VLISSGBISSVH;11/10/2023;EB;2911;<;0.0005;µg/L
NL89_VLISSGBISSVH;08/11/2023;EB;2911;<;0.0005;µg/L
NL89_VLISSGBISSVH;05/12/2023;EB;2911;<;0.0005;µg/L
NL89_VLISSGBISSVH;04/01/2023;EB;2912;<;0.0005;µg/L
NL89_VLISSGBISSVH;30/01/2023;EB;2912;<;0.0005;µg/L
NL89_VLISSGBISSVH;28/02/2023;EB;2912;<;0.0005;µg/L
NL89_VLISSGBISSVH;27/03/2023;EB;2912;<;0.0005;µg/L
NL89_VLISSGBISSVH;24/04/2023;EB;2912;<;0.0005;µg/L
NL89_VLISSGBISSVH;22/06/2023;EB;2912;<;0.0005;µg/L
NL89_VLISSGBISSVH;17/07/2023;EB;2912;<;0.0005;µg/L
NL89_VLISSGBISSVH;14/08/2023;EB;2912;<;0.0005;µg/L
NL89_VLISSGBISSVH;12/09/2023;EB;2912;<;0.0005;µg/L
NL89_VLISSGBISSVH;11/10/2023;EB;2912;<;0.0005;µg/L
NL89_VLISSGBISSVH;08/11/2023;EB;2912;<;0.0005;µg/L
NL89_VLISSGBISSVH;05/12/2023;EB;2912;<;0.0005;µg/L
NL89_VLISSGBISSVH;04/01/2023;EB;2915;<;0.0005;µg/L
NL89_VLISSGBISSVH;30/01/2023;EB;2915;<;0.0005;µg/L
NL89_VLISSGBISSVH;28/02/2023;EB;2915;<;0.0005;µg/L
NL89_VLISSGBISSVH;27/03/2023;EB;2915;<;0.0005;µg/L
NL89_VLISSGBISSVH;24/04/2023;EB;2915;<;0.0005;µg/L
NL89_VLISSGBISSVH;22/06/2023;EB;2915;<;0.0005;µg/L
NL89_VLISSGBISSVH;17/07/2023;EB;2915;<;0.0005;µg/L
NL89_VLISSGBISSVH;14/08/2023;EB;2915;<;0.0005;µg/L
NL89_VLISSGBISSVH;12/09/2023;EB;2915;<;0.0005;µg/L
NL89_VLISSGBISSVH;11/10/2023;EB;2915;<;0.0005;µg/L
NL89_VLISSGBISSVH;08/11/2023;EB;2915;<;0.0005;µg/L
NL89_VLISSGBISSVH;05/12/2023;EB;2915;<;0.0005;µg/L
NL89_VLISSGBISSVH;04/01/2023;EB;2916;<;0.0005;µg/L
NL89_VLISSGBISSVH;30/01/2023;EB;2916;<;0.0005;µg/L
NL89_VLISSGBISSVH;28/02/2023;EB;2916;<;0.0005;µg/L
NL89_VLISSGBISSVH;27/03/2023;EB;2916;<;0.0005;µg/L
NL89_VLISSGBISSVH;24/04/2023;EB;2916;<;0.0005;µg/L
NL89_VLISSGBISSVH;22/06/2023;EB;2916;<;0.0005;µg/L
NL89_VLISSGBISSVH;17/07/2023;EB;2916;<;0.0005;µg/L
NL89_VLISSGBISSVH;14/08/2023;EB;2916;<;0.0005;µg/L
NL89_VLISSGBISSVH;12/09/2023;EB;2916;<;0.0005;µg/L
NL89_VLISSGBISSVH;11/10/2023;EB;2916;<;0.0005;µg/L
NL89_VLISSGBISSVH;08/11/2023;EB;2916;<;0.0005;µg/L
NL89_VLISSGBISSVH;05/12/2023;EB;2916;<;0.0005;µg/L
NL89_VLISSGBISSVH;04/01/2023;EB;2919;<;0.0005;µg/L
NL89_VLISSGBISSVH;30/01/2023;EB;2919;<;0.0005;µg/L
NL89_VLISSGBISSVH;28/02/2023;EB;2919;<;0.0005;µg/L
NL89_VLISSGBISSVH;27/03/2023;EB;2919;<;0.0005;µg/L
NL89_VLISSGBISSVH;24/04/2023;EB;2919;<;0.0005;µg/L
NL89_VLISSGBISSVH;22/06/2023;EB;2919;<;0.0005;µg/L
NL89_VLISSGBISSVH;17/07/2023;EB;2919;<;0.0005;µg/L
NL89_VLISSGBISSVH;14/08/2023;EB;2919;<;0.0005;µg/L
NL89_VLISSGBISSVH;12/09/2023;EB;2919;<;0.0005;µg/L
NL89_VLISSGBISSVH;11/10/2023;EB;2919;<;0.0005;µg/L
NL89_VLISSGBISSVH;08/11/2023;EB;2919;<;0.0005;µg/L
NL89_VLISSGBISSVH;05/12/2023;EB;2919;<;0.0005;µg/L
NL89_VLISSGBISSVH;04/01/2023;EB;2920;<;0.0005;µg/L
NL89_VLISSGBISSVH;30/01/2023;EB;2920;<;0.0005;µg/L
NL89_VLISSGBISSVH;28/02/2023;EB;2920;<;0.0005;µg/L
NL89_VLISSGBISSVH;27/03/2023;EB;2920;<;0.0005;µg/L
NL89_VLISSGBISSVH;24/04/2023;EB;2920;<;0.0007;µg/L
NL89_VLISSGBISSVH;22/06/2023;EB;2920;<;0.0005;µg/L
NL89_VLISSGBISSVH;17/07/2023;EB;2920;<;0.0005;µg/L
NL89_VLISSGBISSVH;14/08/2023;EB;2920;<;0.0005;µg/L
NL89_VLISSGBISSVH;12/09/2023;EB;2920;<;0.0005;µg/L
NL89_VLISSGBISSVH;11/10/2023;EB;2920;<;0.0005;µg/L
NL89_VLISSGBISSVH;08/11/2023;EB;2920;<;0.0005;µg/L
NL89_VLISSGBISSVH;05/12/2023;EB;2920;<;0.0005;µg/L
NL89_VLISSGBISSVH;04/01/2023;EB;5347;=;0.0015;ng/L
NL89_VLISSGBISSVH;30/01/2023;EB;5347;=;0.0014;ng/L
NL89_VLISSGBISSVH;28/02/2023;EB;5347;=;0.0013;ng/L
NL89_VLISSGBISSVH;27/03/2023;EB;5347;=;0.0020;ng/L
NL89_VLISSGBISSVH;24/04/2023;EB;5347;=;0.0014;ng/L
NL89_VLISSGBISSVH;22/06/2023;EB;5347;=;0.0013;ng/L
NL89_VLISSGBISSVH;17/07/2023;EB;5347;=;0.0015;ng/L
NL89_VLISSGBISSVH;14/08/2023;EB;5347;=;0.0015;ng/L
NL89_VLISSGBISSVH;12/09/2023;EB;5347;=;0.0015;ng/L
NL89_VLISSGBISSVH;11/10/2023;EB;5347;=;0.0015;ng/L
NL89_VLISSGBISSVH;08/11/2023;EB;5347;=;0.0016;ng/L
NL89_VLISSGBISSVH;05/12/2023;EB;5347;=;0.0020;ng/L
NL89_VLISSGBISSVH;04/01/2023;EB;5474;<;0.1000;µg/L
NL89_VLISSGBISSVH;30/01/2023;EB;5474;<;0.1000;µg/L
NL89_VLISSGBISSVH;28/02/2023;EB;5474;<;0.1000;µg/L
NL89_VLISSGBISSVH;27/03/2023;EB;5474;<;0.1000;µg/L
NL89_VLISSGBISSVH;24/04/2023;EB;5474;<;0.1000;µg/L
NL89_VLISSGBISSVH;22/06/2023;EB;5474;<;0.1000;µg/L
NL89_VLISSGBISSVH;17/07/2023;EB;5474;<;0.1000;µg/L
NL89_VLISSGBISSVH;14/08/2023;EB;5474;<;0.1000;µg/L
NL89_VLISSGBISSVH;12/09/2023;EB;5474;<;0.1000;µg/L
NL89_VLISSGBISSVH;11/10/2023;EB;5474;<;0.1000;µg/L
NL89_VLISSGBISSVH;08/11/2023;EB;5474;<;0.1000;µg/L
NL89_VLISSGBISSVH;05/12/2023;EB;5474;<;0.1000;µg/L
NL89_VLISSGBISSVH;04/01/2023;EB;5977;=;0.9170;ng/L
NL89_VLISSGBISSVH;30/01/2023;EB;5977;=;0.7960;ng/L
NL89_VLISSGBISSVH;28/02/2023;EB;5977;=;0.6530;ng/L
NL89_VLISSGBISSVH;27/03/2023;EB;5977;=;0.9640;ng/L
NL89_VLISSGBISSVH;24/04/2023;EB;5977;=;0.8810;ng/L
NL89_VLISSGBISSVH;22/06/2023;EB;5977;=;0.6690;ng/L
NL89_VLISSGBISSVH;17/07/2023;EB;5977;=;0.7630;ng/L
NL89_VLISSGBISSVH;14/08/2023;EB;5977;=;0.7300;ng/L
NL89_VLISSGBISSVH;12/09/2023;EB;5977;=;0.8320;ng/L
NL89_VLISSGBISSVH;11/10/2023;EB;5977;=;0.6390;ng/L
NL89_VLISSGBISSVH;08/11/2023;EB;5977;=;0.8370;ng/L
NL89_VLISSGBISSVH;05/12/2023;EB;5977;=;0.9530;ng/L
NL89_VLISSGBISSVH;04/01/2023;EB;5978;=;2.1600;ng/L
NL89_VLISSGBISSVH;30/01/2023;EB;5978;=;1.8300;ng/L
NL89_VLISSGBISSVH;28/02/2023;EB;5978;=;1.4800;ng/L
NL89_VLISSGBISSVH;27/03/2023;EB;5978;=;2.0400;ng/L
NL89_VLISSGBISSVH;24/04/2023;EB;5978;=;1.5600;ng/L
NL89_VLISSGBISSVH;22/06/2023;EB;5978;=;1.4600;ng/L
NL89_VLISSGBISSVH;17/07/2023;EB;5978;=;1.5800;ng/L
NL89_VLISSGBISSVH;14/08/2023;EB;5978;=;1.6200;ng/L
NL89_VLISSGBISSVH;12/09/2023;EB;5978;=;1.7200;ng/L
NL89_VLISSGBISSVH;11/10/2023;EB;5978;=;1.4200;ng/L
NL89_VLISSGBISSVH;08/11/2023;EB;5978;=;1.9700;ng/L
NL89_VLISSGBISSVH;05/12/2023;EB;5978;=;2.4000;ng/L
NL89_VLISSGBISSVH;04/01/2023;EB;5979;=;2.8200;ng/L
NL89_VLISSGBISSVH;30/01/2023;EB;5979;=;1.7700;ng/L
NL89_VLISSGBISSVH;28/02/2023;EB;5979;=;1.4300;ng/L
NL89_VLISSGBISSVH;27/03/2023;EB;5979;=;1.8600;ng/L
NL89_VLISSGBISSVH;24/04/2023;EB;5979;=;1.3300;ng/L
NL89_VLISSGBISSVH;22/06/2023;EB;5979;=;1.2300;ng/L
NL89_VLISSGBISSVH;17/07/2023;EB;5979;=;1.4400;ng/L
NL89_VLISSGBISSVH;14/08/2023;EB;5979;=;1.2400;ng/L
NL89_VLISSGBISSVH;12/09/2023;EB;5979;=;1.6300;ng/L
NL89_VLISSGBISSVH;11/10/2023;EB;5979;=;1.3200;ng/L
NL89_VLISSGBISSVH;08/11/2023;EB;5979;=;1.6400;ng/L
NL89_VLISSGBISSVH;05/12/2023;EB;5979;=;1.9000;ng/L
NL89_VLISSGBISSVH;04/01/2023;EB;6616;<;1000.0000;µg/L
NL89_VLISSGBISSVH;30/01/2023;EB;6616;<;1000.0000;µg/L
NL89_VLISSGBISSVH;28/02/2023;EB;6616;<;1000.0000;µg/L
NL89_VLISSGBISSVH;27/03/2023;EB;6616;<;1000.0000;µg/L
NL89_VLISSGBISSVH;24/04/2023;EB;6616;<;1000.0000;µg/L
NL89_VLISSGBISSVH;22/06/2023;EB;6616;<;1000.0000;µg/L
NL89_VLISSGBISSVH;17/07/2023;EB;6616;<;1000.0000;µg/L
NL89_VLISSGBISSVH;14/08/2023;EB;6616;<;1000.0000;µg/L
NL89_VLISSGBISSVH;12/09/2023;EB;6616;<;1000.0000;µg/L
NL89_VLISSGBISSVH;11/10/2023;EB;6616;<;1000.0000;µg/L
NL89_VLISSGBISSVH;08/11/2023;EB;6616;<;1000.0000;µg/L
NL89_VLISSGBISSVH;05/12/2023;EB;6616;<;1000.0000;µg/L
NL89_VLISSGBISSVH;04/01/2023;EB;6830;=;0.9250;ng/L
NL89_VLISSGBISSVH;30/01/2023;EB;6830;=;0.8530;ng/L
NL89_VLISSGBISSVH;28/02/2023;EB;6830;=;0.6470;ng/L
NL89_VLISSGBISSVH;27/03/2023;EB;6830;=;1.0500;ng/L
NL89_VLISSGBISSVH;24/04/2023;EB;6830;=;0.7120;ng/L
NL89_VLISSGBISSVH;22/06/2023;EB;6830;=;0.6290;ng/L
NL89_VLISSGBISSVH;17/07/2023;EB;6830;=;0.6420;ng/L
NL89_VLISSGBISSVH;14/08/2023;EB;6830;=;0.7660;ng/L
NL89_VLISSGBISSVH;12/09/2023;EB;6830;=;0.8150;ng/L
NL89_VLISSGBISSVH;11/10/2023;EB;6830;=;0.6470;ng/L
NL89_VLISSGBISSVH;08/11/2023;EB;6830;=;0.8780;ng/L
NL89_VLISSGBISSVH;05/12/2023;EB;6830;=;1.0600;ng/L
NL89_VLISSGBISSVH;04/01/2023;EB;7073;=;0.7660;mg/L
NL89_VLISSGBISSVH;27/03/2023;EB;7073;=;0.9530;mg/L
NL89_VLISSGBISSVH;22/06/2023;EB;7073;=;0.9020;mg/L
NL89_VLISSGBISSVH;12/09/2023;EB;7073;=;1.2100;mg/L
NL89_VLISSGBISSVH;05/12/2023;EB;7073;=;0.4680;mg/L
NL89_VLISSGBISSVH;04/01/2023;EB;1774;<;0.0300;µg/L
NL89_VLISSGBISSVH;30/01/2023;EB;1774;<;0.0300;µg/L
NL89_VLISSGBISSVH;28/02/2023;EB;1774;<;0.0300;µg/L
NL89_VLISSGBISSVH;27/03/2023;EB;1774;<;0.0300;µg/L
NL89_VLISSGBISSVH;24/04/2023;EB;1774;<;0.0300;µg/L
NL89_VLISSGBISSVH;22/06/2023;EB;1774;<;0.0300;µg/L
NL89_VLISSGBISSVH;17/07/2023;EB;1774;<;0.0300;µg/L
NL89_VLISSGBISSVH;14/08/2023;EB;1774;<;0.0300;µg/L
NL89_VLISSGBISSVH;12/09/2023;EB;1774;<;0.0300;µg/L
NL89_VLISSGBISSVH;11/10/2023;EB;1774;<;0.0300;µg/L
NL89_VLISSGBISSVH;08/11/2023;EB;1774;<;0.0300;µg/L
NL89_VLISSGBISSVH;05/12/2023;EB;1774;<;0.0300;µg/L
NL89_VLISSGBISSVH;04/01/2023;EB;5534;<;0.0018;µg/L
NL89_VLISSGBISSVH;30/01/2023;EB;5534;<;0.0018;µg/L
NL89_VLISSGBISSVH;28/02/2023;EB;5534;<;0.0018;µg/L
NL89_VLISSGBISSVH;27/03/2023;EB;5534;<;0.0018;µg/L
NL89_VLISSGBISSVH;24/04/2023;EB;5534;<;0.0018;µg/L
NL89_VLISSGBISSVH;22/06/2023;EB;5534;<;0.0018;µg/L
NL89_VLISSGBISSVH;17/07/2023;EB;5534;<;0.0018;µg/L
NL89_VLISSGBISSVH;14/08/2023;EB;5534;<;0.0018;µg/L
NL89_VLISSGBISSVH;12/09/2023;EB;5534;<;0.0018;µg/L
NL89_VLISSGBISSVH;11/10/2023;EB;5534;<;0.0018;µg/L
NL89_VLISSGBISSVH;08/11/2023;EB;5534;<;0.0018;µg/L
NL89_VLISSGBISSVH;05/12/2023;EB;5534;<;0.0018;µg/L
NL89_VLISSGBISSVH;04/01/2023;EB;6561;=;2.6500;ng/L
NL89_VLISSGBISSVH;30/01/2023;EB;6561;=;2.2640;ng/L
NL89_VLISSGBISSVH;28/02/2023;EB;6561;=;1.8960;ng/L
NL89_VLISSGBISSVH;27/03/2023;EB;6561;=;3.0700;ng/L
NL89_VLISSGBISSVH;24/04/2023;EB;6561;=;2.2530;ng/L
NL89_VLISSGBISSVH;22/06/2023;EB;6561;=;2.1380;ng/L
NL89_VLISSGBISSVH;17/07/2023;EB;6561;=;2.1190;ng/L
NL89_VLISSGBISSVH;14/08/2023;EB;6561;=;2.4230;ng/L
NL89_VLISSGBISSVH;12/09/2023;EB;6561;=;2.7400;ng/L
NL89_VLISSGBISSVH;11/10/2023;EB;6561;=;2.0120;ng/L
NL89_VLISSGBISSVH;08/11/2023;EB;6561;=;2.4100;ng/L
NL89_VLISSGBISSVH;05/12/2023;EB;6561;=;3.2000;ng/L
NL89_VLISSGBISSVH;04/01/2023;EF;COD;=;1.4300;mg/L
NL89_VLISSGBISSVH;30/01/2023;EF;COD;=;1.6000;mg/L
NL89_VLISSGBISSVH;28/02/2023;EF;COD;=;1.8200;mg/L
NL89_VLISSGBISSVH;27/03/2023;EF;COD;=;2.0100;mg/L
NL89_VLISSGBISSVH;12/04/2023;EF;COD;=;2.0700;mg/L
NL89_VLISSGBISSVH;24/04/2023;EF;COD;=;1.7900;mg/L
NL89_VLISSGBISSVH;05/06/2023;EF;COD;=;2.5300;mg/L
NL89_VLISSGBISSVH;22/06/2023;EF;COD;=;1.9000;mg/L
NL89_VLISSGBISSVH;03/07/2023;EF;COD;=;2.8900;mg/L
NL89_VLISSGBISSVH;17/07/2023;EF;COD;=;1.3100;mg/L
NL89_VLISSGBISSVH;02/08/2023;EF;COD;=;1.9600;mg/L
NL89_VLISSGBISSVH;14/08/2023;EF;COD;=;1.7900;mg/L
NL89_VLISSGBISSVH;30/08/2023;EF;COD;=;1.5900;mg/L
NL89_VLISSGBISSVH;12/09/2023;EF;COD;=;1.6700;mg/L
NL89_VLISSGBISSVH;25/09/2023;EF;COD;=;1.6600;mg/L
NL89_VLISSGBISSVH;11/10/2023;EF;COD;=;1.9200;mg/L
NL89_VLISSGBISSVH;08/11/2023;EF;COD;=;2.5600;mg/L
NL89_VLISSGBISSVH;05/12/2023;EF;COD;=;2.7500;mg/L
NL89_VLISSGBISSVH;04/01/2023;EB;COT;=;2.4600;mg/L
NL89_VLISSGBISSVH;30/01/2023;EB;COT;=;4.1200;mg/L
NL89_VLISSGBISSVH;28/02/2023;EB;COT;=;2.3700;mg/L
NL89_VLISSGBISSVH;27/03/2023;EB;COT;=;2.6500;mg/L
NL89_VLISSGBISSVH;24/04/2023;EB;COT;=;2.0700;mg/L
NL89_VLISSGBISSVH;22/06/2023;EB;COT;=;2.6500;mg/L
NL89_VLISSGBISSVH;17/07/2023;EB;COT;=;2.1200;mg/L
NL89_VLISSGBISSVH;14/08/2023;EB;COT;=;2.3200;mg/L
NL89_VLISSGBISSVH;12/09/2023;EB;COT;=;2.4300;mg/L
NL89_VLISSGBISSVH;11/10/2023;EB;COT;=;2.4100;mg/L
NL89_VLISSGBISSVH;08/11/2023;EB;COT;=;2.9100;mg/L
NL89_VLISSGBISSVH;05/12/2023;EB;COT;=;3.2400;mg/L
NL89_WISSKKE;03/01/2023;EB;1082;<;0.0030;µg/L
NL89_WISSKKE;24/01/2023;EB;1082;<;0.0030;µg/L
NL89_WISSKKE;23/02/2023;EB;1082;<;0.0030;µg/L
NL89_WISSKKE;20/03/2023;EB;1082;<;0.0030;µg/L
NL89_WISSKKE;18/04/2023;EB;1082;<;0.0030;µg/L
NL89_WISSKKE;15/05/2023;EB;1082;<;0.0030;µg/L
NL89_WISSKKE;13/06/2023;EB;1082;<;0.0030;µg/L
NL89_WISSKKE;10/07/2023;EB;1082;<;0.0030;µg/L
NL89_WISSKKE;08/08/2023;EB;1082;<;0.0030;µg/L
NL89_WISSKKE;05/09/2023;EB;1082;<;0.0030;µg/L
NL89_WISSKKE;03/10/2023;EB;1082;<;0.0030;µg/L
NL89_WISSKKE;31/10/2023;EB;1082;<;0.0030;µg/L
NL89_WISSKKE;28/11/2023;EB;1082;<;0.0030;µg/L
NL89_WISSKKE;03/01/2023;EB;1083;<;0.0002;µg/L
NL89_WISSKKE;24/01/2023;EB;1083;<;0.0002;µg/L
NL89_WISSKKE;23/02/2023;EB;1083;<;0.0002;µg/L
NL89_WISSKKE;20/03/2023;EB;1083;<;0.0002;µg/L
NL89_WISSKKE;18/04/2023;EB;1083;<;0.0002;µg/L
NL89_WISSKKE;15/05/2023;EB;1083;<;0.0002;µg/L
NL89_WISSKKE;13/06/2023;EB;1083;<;0.0002;µg/L
NL89_WISSKKE;10/07/2023;EB;1083;<;0.0002;µg/L
NL89_WISSKKE;08/08/2023;EB;1083;<;0.0002;µg/L
NL89_WISSKKE;05/09/2023;EB;1083;<;0.0002;µg/L
NL89_WISSKKE;03/10/2023;EB;1083;<;0.0002;µg/L
NL89_WISSKKE;31/10/2023;EB;1083;<;0.0002;µg/L
NL89_WISSKKE;28/11/2023;EB;1083;<;0.0002;µg/L
NL89_WISSKKE;03/01/2023;EB;1101;<;0.0006;µg/L
NL89_WISSKKE;24/01/2023;EB;1101;<;0.0006;µg/L
NL89_WISSKKE;23/02/2023;EB;1101;<;0.0006;µg/L
NL89_WISSKKE;20/03/2023;EB;1101;<;0.0006;µg/L
NL89_WISSKKE;18/04/2023;EB;1101;<;0.0006;µg/L
NL89_WISSKKE;15/05/2023;EB;1101;<;0.0006;µg/L
NL89_WISSKKE;13/06/2023;EB;1101;<;0.0006;µg/L
NL89_WISSKKE;10/07/2023;EB;1101;<;0.0006;µg/L
NL89_WISSKKE;08/08/2023;EB;1101;<;0.0006;µg/L
NL89_WISSKKE;05/09/2023;EB;1101;<;0.0006;µg/L
NL89_WISSKKE;03/10/2023;EB;1101;<;0.0006;µg/L
NL89_WISSKKE;31/10/2023;EB;1101;<;0.0006;µg/L
NL89_WISSKKE;28/11/2023;EB;1101;<;0.0006;µg/L
NL89_WISSKKE;03/01/2023;EB;1103;<;0.0003;µg/L
NL89_WISSKKE;24/01/2023;EB;1103;<;0.0003;µg/L
NL89_WISSKKE;23/02/2023;EB;1103;<;0.0003;µg/L
NL89_WISSKKE;20/03/2023;EB;1103;<;0.0003;µg/L
NL89_WISSKKE;18/04/2023;EB;1103;<;0.0003;µg/L
NL89_WISSKKE;15/05/2023;EB;1103;<;0.0003;µg/L
NL89_WISSKKE;13/06/2023;EB;1103;<;0.0003;µg/L
NL89_WISSKKE;10/07/2023;EB;1103;<;0.0003;µg/L
NL89_WISSKKE;08/08/2023;EB;1103;<;0.0003;µg/L
NL89_WISSKKE;05/09/2023;EB;1103;<;0.0003;µg/L
NL89_WISSKKE;03/10/2023;EB;1103;<;0.0003;µg/L
NL89_WISSKKE;31/10/2023;EB;1103;<;0.0003;µg/L
NL89_WISSKKE;28/11/2023;EB;1103;<;0.0003;µg/L
NL89_WISSKKE;03/01/2023;EB;1107;<;0.0006;µg/L
NL89_WISSKKE;24/01/2023;EB;1107;<;0.0006;µg/L
NL89_WISSKKE;23/02/2023;EB;1107;<;0.0006;µg/L
NL89_WISSKKE;20/03/2023;EB;1107;<;0.0006;µg/L
NL89_WISSKKE;18/04/2023;EB;1107;<;0.0006;µg/L
NL89_WISSKKE;15/05/2023;EB;1107;<;0.0006;µg/L
NL89_WISSKKE;13/06/2023;EB;1107;<;0.0006;µg/L
NL89_WISSKKE;10/07/2023;EB;1107;<;0.0006;µg/L
NL89_WISSKKE;08/08/2023;EB;1107;<;0.0006;µg/L
NL89_WISSKKE;05/09/2023;EB;1107;<;0.0006;µg/L
NL89_WISSKKE;03/10/2023;EB;1107;<;0.0006;µg/L
NL89_WISSKKE;31/10/2023;EB;1107;<;0.0006;µg/L
NL89_WISSKKE;28/11/2023;EB;1107;<;0.0006;µg/L
NL89_WISSKKE;03/01/2023;EB;1114;<;0.0100;µg/L
NL89_WISSKKE;24/01/2023;EB;1114;<;0.0100;µg/L
NL89_WISSKKE;23/02/2023;EB;1114;=;0.0600;µg/L
NL89_WISSKKE;20/03/2023;EB;1114;<;0.0100;µg/L
NL89_WISSKKE;18/04/2023;EB;1114;<;0.0100;µg/L
NL89_WISSKKE;15/05/2023;EB;1114;<;0.0100;µg/L
NL89_WISSKKE;13/06/2023;EB;1114;<;0.0100;µg/L
NL89_WISSKKE;10/07/2023;EB;1114;<;0.0100;µg/L
NL89_WISSKKE;08/08/2023;EB;1114;<;0.0100;µg/L
NL89_WISSKKE;05/09/2023;EB;1114;<;0.0100;µg/L
NL89_WISSKKE;03/10/2023;EB;1114;<;0.0100;µg/L
NL89_WISSKKE;31/10/2023;EB;1114;=;0.0100;µg/L
NL89_WISSKKE;28/11/2023;EB;1114;<;0.0100;µg/L
NL89_WISSKKE;03/01/2023;EB;1115;<;0.0020;µg/L
NL89_WISSKKE;24/01/2023;EB;1115;<;0.0020;µg/L
NL89_WISSKKE;23/02/2023;EB;1115;<;0.0020;µg/L
NL89_WISSKKE;20/03/2023;EB;1115;<;0.0020;µg/L
NL89_WISSKKE;18/04/2023;EB;1115;<;0.0020;µg/L
NL89_WISSKKE;15/05/2023;EB;1115;<;0.0020;µg/L
NL89_WISSKKE;13/06/2023;EB;1115;<;0.0020;µg/L
NL89_WISSKKE;10/07/2023;EB;1115;<;0.0020;µg/L
NL89_WISSKKE;08/08/2023;EB;1115;<;0.0020;µg/L
NL89_WISSKKE;05/09/2023;EB;1115;<;0.0020;µg/L
NL89_WISSKKE;03/10/2023;EB;1115;<;0.0020;µg/L
NL89_WISSKKE;31/10/2023;EB;1115;<;0.0020;µg/L
NL89_WISSKKE;28/11/2023;EB;1115;<;0.0020;µg/L
NL89_WISSKKE;03/01/2023;EB;1117;=;0.0005;µg/L
NL89_WISSKKE;24/01/2023;EB;1117;=;0.0006;µg/L
NL89_WISSKKE;23/02/2023;EB;1117;=;0.0005;µg/L
NL89_WISSKKE;20/03/2023;EB;1117;=;0.0001;µg/L
NL89_WISSKKE;18/04/2023;EB;1117;=;0.0003;µg/L
NL89_WISSKKE;15/05/2023;EB;1117;=;0.0010;µg/L
NL89_WISSKKE;13/06/2023;EB;1117;=;0.0001;µg/L
NL89_WISSKKE;10/07/2023;EB;1117;=;0.0001;µg/L
NL89_WISSKKE;08/08/2023;EB;1117;=;0.0002;µg/L
NL89_WISSKKE;05/09/2023;EB;1117;=;0.0002;µg/L
NL89_WISSKKE;03/10/2023;EB;1117;=;0.0005;µg/L
NL89_WISSKKE;31/10/2023;EB;1117;=;0.0002;µg/L
NL89_WISSKKE;28/11/2023;EB;1117;=;0.0006;µg/L
NL89_WISSKKE;03/01/2023;EB;1118;=;0.0009;µg/L
NL89_WISSKKE;24/01/2023;EB;1118;=;0.0009;µg/L
NL89_WISSKKE;23/02/2023;EB;1118;=;0.0007;µg/L
NL89_WISSKKE;20/03/2023;EB;1118;=;0.0003;µg/L
NL89_WISSKKE;18/04/2023;EB;1118;=;0.0004;µg/L
NL89_WISSKKE;15/05/2023;EB;1118;=;0.0004;µg/L
NL89_WISSKKE;13/06/2023;EB;1118;=;0.0002;µg/L
NL89_WISSKKE;10/07/2023;EB;1118;=;0.0002;µg/L
NL89_WISSKKE;08/08/2023;EB;1118;=;0.0004;µg/L
NL89_WISSKKE;05/09/2023;EB;1118;=;0.0002;µg/L
NL89_WISSKKE;03/10/2023;EB;1118;=;0.0006;µg/L
NL89_WISSKKE;31/10/2023;EB;1118;=;0.0003;µg/L
NL89_WISSKKE;28/11/2023;EB;1118;=;0.0010;µg/L
NL89_WISSKKE;03/01/2023;EB;1119;<;0.0004;µg/L
NL89_WISSKKE;24/01/2023;EB;1119;<;0.0004;µg/L
NL89_WISSKKE;23/02/2023;EB;1119;<;0.0004;µg/L
NL89_WISSKKE;20/03/2023;EB;1119;<;0.0004;µg/L
NL89_WISSKKE;18/04/2023;EB;1119;<;0.0004;µg/L
NL89_WISSKKE;15/05/2023;EB;1119;<;0.0004;µg/L
NL89_WISSKKE;13/06/2023;EB;1119;<;0.0004;µg/L
NL89_WISSKKE;10/07/2023;EB;1119;<;0.0004;µg/L
NL89_WISSKKE;08/08/2023;EB;1119;<;0.0004;µg/L
NL89_WISSKKE;05/09/2023;EB;1119;<;0.0004;µg/L
NL89_WISSKKE;03/10/2023;EB;1119;<;0.0004;µg/L
NL89_WISSKKE;31/10/2023;EB;1119;<;0.0004;µg/L
NL89_WISSKKE;28/11/2023;EB;1119;<;0.0004;µg/L
NL89_WISSKKE;03/01/2023;EB;1135;=;0.0100;µg/L
NL89_WISSKKE;24/01/2023;EB;1135;<;0.0100;µg/L
NL89_WISSKKE;23/02/2023;EB;1135;=;0.0400;µg/L
NL89_WISSKKE;20/03/2023;EB;1135;=;0.0200;µg/L
NL89_WISSKKE;18/04/2023;EB;1135;<;0.0100;µg/L
NL89_WISSKKE;15/05/2023;EB;1135;<;0.0100;µg/L
NL89_WISSKKE;13/06/2023;EB;1135;<;0.0100;µg/L
NL89_WISSKKE;10/07/2023;EB;1135;=;0.3000;µg/L
NL89_WISSKKE;08/08/2023;EB;1135;<;0.0100;µg/L
NL89_WISSKKE;05/09/2023;EB;1135;<;0.0100;µg/L
NL89_WISSKKE;03/10/2023;EB;1135;<;0.0100;µg/L
NL89_WISSKKE;31/10/2023;EB;1135;=;0.0300;µg/L
NL89_WISSKKE;28/11/2023;EB;1135;<;0.0100;µg/L
NL89_WISSKKE;03/01/2023;EB;1140;<;0.0007;µg/L
NL89_WISSKKE;24/01/2023;EB;1140;<;0.0007;µg/L
NL89_WISSKKE;23/02/2023;EB;1140;<;0.0007;µg/L
NL89_WISSKKE;20/03/2023;EB;1140;<;0.0007;µg/L
NL89_WISSKKE;18/04/2023;EB;1140;<;0.0007;µg/L
NL89_WISSKKE;15/05/2023;EB;1140;<;0.0007;µg/L
NL89_WISSKKE;13/06/2023;EB;1140;<;0.0007;µg/L
NL89_WISSKKE;10/07/2023;EB;1140;<;0.0007;µg/L
NL89_WISSKKE;08/08/2023;EB;1140;<;0.0007;µg/L
NL89_WISSKKE;05/09/2023;EB;1140;<;0.0007;µg/L
NL89_WISSKKE;03/10/2023;EB;1140;<;0.0007;µg/L
NL89_WISSKKE;31/10/2023;EB;1140;<;0.0007;µg/L
NL89_WISSKKE;28/11/2023;EB;1140;<;0.0007;µg/L
NL89_WISSKKE;03/01/2023;EB;1144;<;0.0003;µg/L
NL89_WISSKKE;24/01/2023;EB;1144;<;0.0003;µg/L
NL89_WISSKKE;23/02/2023;EB;1144;<;0.0003;µg/L
NL89_WISSKKE;20/03/2023;EB;1144;<;0.0003;µg/L
NL89_WISSKKE;18/04/2023;EB;1144;<;0.0003;µg/L
NL89_WISSKKE;15/05/2023;EB;1144;<;0.0003;µg/L
NL89_WISSKKE;13/06/2023;EB;1144;<;0.0003;µg/L
NL89_WISSKKE;10/07/2023;EB;1144;<;0.0003;µg/L
NL89_WISSKKE;08/08/2023;EB;1144;<;0.0003;µg/L
NL89_WISSKKE;05/09/2023;EB;1144;<;0.0003;µg/L
NL89_WISSKKE;03/10/2023;EB;1144;<;0.0003;µg/L
NL89_WISSKKE;31/10/2023;EB;1144;<;0.0003;µg/L
NL89_WISSKKE;28/11/2023;EB;1144;<;0.0003;µg/L
NL89_WISSKKE;03/01/2023;EB;1146;<;0.0002;µg/L
NL89_WISSKKE;24/01/2023;EB;1146;<;0.0002;µg/L
NL89_WISSKKE;23/02/2023;EB;1146;<;0.0002;µg/L
NL89_WISSKKE;20/03/2023;EB;1146;<;0.0002;µg/L
NL89_WISSKKE;18/04/2023;EB;1146;<;0.0002;µg/L
NL89_WISSKKE;15/05/2023;EB;1146;<;0.0002;µg/L
NL89_WISSKKE;13/06/2023;EB;1146;<;0.0002;µg/L
NL89_WISSKKE;10/07/2023;EB;1146;<;0.0002;µg/L
NL89_WISSKKE;08/08/2023;EB;1146;<;0.0002;µg/L
NL89_WISSKKE;05/09/2023;EB;1146;<;0.0002;µg/L
NL89_WISSKKE;03/10/2023;EB;1146;<;0.0002;µg/L
NL89_WISSKKE;31/10/2023;EB;1146;<;0.0002;µg/L
NL89_WISSKKE;28/11/2023;EB;1146;<;0.0002;µg/L
NL89_WISSKKE;03/01/2023;EB;1147;<;0.0006;µg/L
NL89_WISSKKE;24/01/2023;EB;1147;<;0.0006;µg/L
NL89_WISSKKE;23/02/2023;EB;1147;<;0.0006;µg/L
NL89_WISSKKE;20/03/2023;EB;1147;<;0.0006;µg/L
NL89_WISSKKE;18/04/2023;EB;1147;<;0.0006;µg/L
NL89_WISSKKE;15/05/2023;EB;1147;<;0.0006;µg/L
NL89_WISSKKE;13/06/2023;EB;1147;<;0.0006;µg/L
NL89_WISSKKE;10/07/2023;EB;1147;<;0.0006;µg/L
NL89_WISSKKE;08/08/2023;EB;1147;<;0.0006;µg/L
NL89_WISSKKE;05/09/2023;EB;1147;<;0.0006;µg/L
NL89_WISSKKE;03/10/2023;EB;1147;<;0.0006;µg/L
NL89_WISSKKE;31/10/2023;EB;1147;<;0.0006;µg/L
NL89_WISSKKE;28/11/2023;EB;1147;<;0.0006;µg/L
NL89_WISSKKE;03/01/2023;EB;1148;<;0.0002;µg/L
NL89_WISSKKE;24/01/2023;EB;1148;<;0.0002;µg/L
NL89_WISSKKE;23/02/2023;EB;1148;<;0.0002;µg/L
NL89_WISSKKE;20/03/2023;EB;1148;<;0.0002;µg/L
NL89_WISSKKE;18/04/2023;EB;1148;<;0.0002;µg/L
NL89_WISSKKE;15/05/2023;EB;1148;<;0.0002;µg/L
NL89_WISSKKE;13/06/2023;EB;1148;<;0.0002;µg/L
NL89_WISSKKE;10/07/2023;EB;1148;<;0.0002;µg/L
NL89_WISSKKE;08/08/2023;EB;1148;<;0.0002;µg/L
NL89_WISSKKE;05/09/2023;EB;1148;<;0.0002;µg/L
NL89_WISSKKE;03/10/2023;EB;1148;<;0.0002;µg/L
NL89_WISSKKE;31/10/2023;EB;1148;<;0.0002;µg/L
NL89_WISSKKE;28/11/2023;EB;1148;<;0.0002;µg/L
NL89_WISSKKE;03/01/2023;EB;1161;<;0.0100;µg/L
NL89_WISSKKE;24/01/2023;EB;1161;<;0.0100;µg/L
NL89_WISSKKE;23/02/2023;EB;1161;<;0.0100;µg/L
NL89_WISSKKE;20/03/2023;EB;1161;<;0.0100;µg/L
NL89_WISSKKE;18/04/2023;EB;1161;<;0.0100;µg/L
NL89_WISSKKE;15/05/2023;EB;1161;<;0.0100;µg/L
NL89_WISSKKE;13/06/2023;EB;1161;<;0.0100;µg/L
NL89_WISSKKE;10/07/2023;EB;1161;<;0.0100;µg/L
NL89_WISSKKE;08/08/2023;EB;1161;<;0.0100;µg/L
NL89_WISSKKE;05/09/2023;EB;1161;<;0.0100;µg/L
NL89_WISSKKE;03/10/2023;EB;1161;<;0.0100;µg/L
NL89_WISSKKE;31/10/2023;EB;1161;<;0.0100;µg/L
NL89_WISSKKE;28/11/2023;EB;1161;<;0.0100;µg/L
NL89_WISSKKE;03/01/2023;EB;1168;<;0.5000;µg/L
NL89_WISSKKE;24/01/2023;EB;1168;<;0.5000;µg/L
NL89_WISSKKE;23/02/2023;EB;1168;<;0.5000;µg/L
NL89_WISSKKE;20/03/2023;EB;1168;<;0.5000;µg/L
NL89_WISSKKE;18/04/2023;EB;1168;<;0.5000;µg/L
NL89_WISSKKE;15/05/2023;EB;1168;<;0.5000;µg/L
NL89_WISSKKE;13/06/2023;EB;1168;<;0.5000;µg/L
NL89_WISSKKE;10/07/2023;EB;1168;<;0.5000;µg/L
NL89_WISSKKE;08/08/2023;EB;1168;<;0.5000;µg/L
NL89_WISSKKE;05/09/2023;EB;1168;<;0.5000;µg/L
NL89_WISSKKE;03/10/2023;EB;1168;<;0.5000;µg/L
NL89_WISSKKE;31/10/2023;EB;1168;<;0.5000;µg/L
NL89_WISSKKE;28/11/2023;EB;1168;<;0.5000;µg/L
NL89_WISSKKE;03/01/2023;EB;1170;<;0.0003;µg/L
NL89_WISSKKE;24/01/2023;EB;1170;<;0.0003;µg/L
NL89_WISSKKE;23/02/2023;EB;1170;<;0.0003;µg/L
NL89_WISSKKE;20/03/2023;EB;1170;<;0.0003;µg/L
NL89_WISSKKE;18/04/2023;EB;1170;<;0.0003;µg/L
NL89_WISSKKE;15/05/2023;EB;1170;<;0.0003;µg/L
NL89_WISSKKE;13/06/2023;EB;1170;<;0.0003;µg/L
NL89_WISSKKE;10/07/2023;EB;1170;<;0.0003;µg/L
NL89_WISSKKE;08/08/2023;EB;1170;<;0.0003;µg/L
NL89_WISSKKE;05/09/2023;EB;1170;<;0.0003;µg/L
NL89_WISSKKE;03/10/2023;EB;1170;<;0.0003;µg/L
NL89_WISSKKE;31/10/2023;EB;1170;<;0.0003;µg/L
NL89_WISSKKE;28/11/2023;EB;1170;<;0.0003;µg/L
NL89_WISSKKE;03/01/2023;EB;1172;<;0.0001;µg/L
NL89_WISSKKE;24/01/2023;EB;1172;<;0.0001;µg/L
NL89_WISSKKE;23/02/2023;EB;1172;<;0.0001;µg/L
NL89_WISSKKE;20/03/2023;EB;1172;<;0.0001;µg/L
NL89_WISSKKE;18/04/2023;EB;1172;<;0.0001;µg/L
NL89_WISSKKE;15/05/2023;EB;1172;<;0.0001;µg/L
NL89_WISSKKE;13/06/2023;EB;1172;<;0.0001;µg/L
NL89_WISSKKE;10/07/2023;EB;1172;<;0.0001;µg/L
NL89_WISSKKE;08/08/2023;EB;1172;<;0.0001;µg/L
NL89_WISSKKE;05/09/2023;EB;1172;<;0.0001;µg/L
NL89_WISSKKE;03/10/2023;EB;1172;<;0.0001;µg/L
NL89_WISSKKE;31/10/2023;EB;1172;<;0.0001;µg/L
NL89_WISSKKE;28/11/2023;EB;1172;<;0.0001;µg/L
NL89_WISSKKE;03/01/2023;EB;1173;<;0.0002;µg/L
NL89_WISSKKE;24/01/2023;EB;1173;<;0.0002;µg/L
NL89_WISSKKE;23/02/2023;EB;1173;<;0.0002;µg/L
NL89_WISSKKE;20/03/2023;EB;1173;<;0.0002;µg/L
NL89_WISSKKE;18/04/2023;EB;1173;<;0.0002;µg/L
NL89_WISSKKE;15/05/2023;EB;1173;<;0.0002;µg/L
NL89_WISSKKE;13/06/2023;EB;1173;<;0.0002;µg/L
NL89_WISSKKE;10/07/2023;EB;1173;<;0.0002;µg/L
NL89_WISSKKE;08/08/2023;EB;1173;<;0.0002;µg/L
NL89_WISSKKE;05/09/2023;EB;1173;<;0.0002;µg/L
NL89_WISSKKE;03/10/2023;EB;1173;<;0.0002;µg/L
NL89_WISSKKE;31/10/2023;EB;1173;<;0.0002;µg/L
NL89_WISSKKE;28/11/2023;EB;1173;<;0.0002;µg/L
NL89_WISSKKE;03/01/2023;EB;1177;<;0.0009;µg/L
NL89_WISSKKE;24/01/2023;EB;1177;<;0.0009;µg/L
NL89_WISSKKE;23/02/2023;EB;1177;<;0.0009;µg/L
NL89_WISSKKE;20/03/2023;EB;1177;<;0.0009;µg/L
NL89_WISSKKE;18/04/2023;EB;1177;<;0.0009;µg/L
NL89_WISSKKE;15/05/2023;EB;1177;<;0.0009;µg/L
NL89_WISSKKE;13/06/2023;EB;1177;<;0.0009;µg/L
NL89_WISSKKE;10/07/2023;EB;1177;<;0.0009;µg/L
NL89_WISSKKE;08/08/2023;EB;1177;<;0.0009;µg/L
NL89_WISSKKE;05/09/2023;EB;1177;<;0.0009;µg/L
NL89_WISSKKE;03/10/2023;EB;1177;<;0.0009;µg/L
NL89_WISSKKE;31/10/2023;EB;1177;<;0.0009;µg/L
NL89_WISSKKE;28/11/2023;EB;1177;<;0.0009;µg/L
NL89_WISSKKE;03/01/2023;EB;1178;<;0.0004;µg/L
NL89_WISSKKE;24/01/2023;EB;1178;<;0.0004;µg/L
NL89_WISSKKE;23/02/2023;EB;1178;<;0.0004;µg/L
NL89_WISSKKE;20/03/2023;EB;1178;<;0.0004;µg/L
NL89_WISSKKE;18/04/2023;EB;1178;<;0.0004;µg/L
NL89_WISSKKE;15/05/2023;EB;1178;<;0.0004;µg/L
NL89_WISSKKE;13/06/2023;EB;1178;<;0.0004;µg/L
NL89_WISSKKE;10/07/2023;EB;1178;<;0.0004;µg/L
NL89_WISSKKE;08/08/2023;EB;1178;<;0.0004;µg/L
NL89_WISSKKE;05/09/2023;EB;1178;<;0.0004;µg/L
NL89_WISSKKE;03/10/2023;EB;1178;<;0.0004;µg/L
NL89_WISSKKE;31/10/2023;EB;1178;<;0.0004;µg/L
NL89_WISSKKE;28/11/2023;EB;1178;<;0.0004;µg/L
NL89_WISSKKE;03/01/2023;EB;1179;<;0.0003;µg/L
NL89_WISSKKE;24/01/2023;EB;1179;<;0.0003;µg/L
NL89_WISSKKE;23/02/2023;EB;1179;<;0.0003;µg/L
NL89_WISSKKE;20/03/2023;EB;1179;<;0.0003;µg/L
NL89_WISSKKE;18/04/2023;EB;1179;<;0.0003;µg/L
NL89_WISSKKE;15/05/2023;EB;1179;<;0.0003;µg/L
NL89_WISSKKE;13/06/2023;EB;1179;<;0.0003;µg/L
NL89_WISSKKE;10/07/2023;EB;1179;<;0.0003;µg/L
NL89_WISSKKE;08/08/2023;EB;1179;<;0.0003;µg/L
NL89_WISSKKE;05/09/2023;EB;1179;<;0.0003;µg/L
NL89_WISSKKE;03/10/2023;EB;1179;<;0.0003;µg/L
NL89_WISSKKE;31/10/2023;EB;1179;<;0.0003;µg/L
NL89_WISSKKE;28/11/2023;EB;1179;<;0.0003;µg/L
NL89_WISSKKE;03/01/2023;EB;1181;<;0.0010;µg/L
NL89_WISSKKE;24/01/2023;EB;1181;<;0.0010;µg/L
NL89_WISSKKE;23/02/2023;EB;1181;<;0.0010;µg/L
NL89_WISSKKE;20/03/2023;EB;1181;<;0.0010;µg/L
NL89_WISSKKE;18/04/2023;EB;1181;<;0.0010;µg/L
NL89_WISSKKE;15/05/2023;EB;1181;<;0.0010;µg/L
NL89_WISSKKE;13/06/2023;EB;1181;<;0.0010;µg/L
NL89_WISSKKE;10/07/2023;EB;1181;<;0.0010;µg/L
NL89_WISSKKE;08/08/2023;EB;1181;<;0.0010;µg/L
NL89_WISSKKE;05/09/2023;EB;1181;<;0.0010;µg/L
NL89_WISSKKE;03/10/2023;EB;1181;<;0.0010;µg/L
NL89_WISSKKE;31/10/2023;EB;1181;<;0.0010;µg/L
NL89_WISSKKE;28/11/2023;EB;1181;<;0.0010;µg/L
NL89_WISSKKE;03/01/2023;EB;1191;=;0.0048;µg/L
NL89_WISSKKE;24/01/2023;EB;1191;<;0.0040;µg/L
NL89_WISSKKE;23/02/2023;EB;1191;=;0.0047;µg/L
NL89_WISSKKE;20/03/2023;EB;1191;<;0.0040;µg/L
NL89_WISSKKE;18/04/2023;EB;1191;<;0.0040;µg/L
NL89_WISSKKE;15/05/2023;EB;1191;<;0.0040;µg/L
NL89_WISSKKE;13/06/2023;EB;1191;<;0.0040;µg/L
NL89_WISSKKE;10/07/2023;EB;1191;<;0.0040;µg/L
NL89_WISSKKE;08/08/2023;EB;1191;<;0.0040;µg/L
NL89_WISSKKE;05/09/2023;EB;1191;<;0.0040;µg/L
NL89_WISSKKE;03/10/2023;EB;1191;<;0.0040;µg/L
NL89_WISSKKE;31/10/2023;EB;1191;<;0.0040;µg/L
NL89_WISSKKE;28/11/2023;EB;1191;<;0.0040;µg/L
NL89_WISSKKE;03/01/2023;EB;1197;<;0.0001;µg/L
NL89_WISSKKE;24/01/2023;EB;1197;<;0.0001;µg/L
NL89_WISSKKE;23/02/2023;EB;1197;<;0.0001;µg/L
NL89_WISSKKE;20/03/2023;EB;1197;<;0.0001;µg/L
NL89_WISSKKE;18/04/2023;EB;1197;<;0.0001;µg/L
NL89_WISSKKE;15/05/2023;EB;1197;<;0.0001;µg/L
NL89_WISSKKE;13/06/2023;EB;1197;<;0.0001;µg/L
NL89_WISSKKE;10/07/2023;EB;1197;<;0.0001;µg/L
NL89_WISSKKE;08/08/2023;EB;1197;<;0.0001;µg/L
NL89_WISSKKE;05/09/2023;EB;1197;<;0.0001;µg/L
NL89_WISSKKE;03/10/2023;EB;1197;<;0.0001;µg/L
NL89_WISSKKE;31/10/2023;EB;1197;<;0.0001;µg/L
NL89_WISSKKE;28/11/2023;EB;1197;<;0.0001;µg/L
NL89_WISSKKE;03/01/2023;EB;1198;<;0.0001;µg/L
NL89_WISSKKE;24/01/2023;EB;1198;<;0.0001;µg/L
NL89_WISSKKE;23/02/2023;EB;1198;<;0.0001;µg/L
NL89_WISSKKE;20/03/2023;EB;1198;<;0.0001;µg/L
NL89_WISSKKE;18/04/2023;EB;1198;<;0.0001;µg/L
NL89_WISSKKE;15/05/2023;EB;1198;<;0.0001;µg/L
NL89_WISSKKE;13/06/2023;EB;1198;<;0.0001;µg/L
NL89_WISSKKE;10/07/2023;EB;1198;<;0.0001;µg/L
NL89_WISSKKE;08/08/2023;EB;1198;<;0.0001;µg/L
NL89_WISSKKE;05/09/2023;EB;1198;<;0.0001;µg/L
NL89_WISSKKE;03/10/2023;EB;1198;<;0.0001;µg/L
NL89_WISSKKE;31/10/2023;EB;1198;<;0.0001;µg/L
NL89_WISSKKE;28/11/2023;EB;1198;<;0.0001;µg/L
NL89_WISSKKE;03/01/2023;EB;1199;<;0.0002;µg/L
NL89_WISSKKE;24/01/2023;EB;1199;<;0.0002;µg/L
NL89_WISSKKE;23/02/2023;EB;1199;<;0.0002;µg/L
NL89_WISSKKE;20/03/2023;EB;1199;<;0.0002;µg/L
NL89_WISSKKE;18/04/2023;EB;1199;<;0.0002;µg/L
NL89_WISSKKE;15/05/2023;EB;1199;<;0.0002;µg/L
NL89_WISSKKE;13/06/2023;EB;1199;<;0.0002;µg/L
NL89_WISSKKE;10/07/2023;EB;1199;<;0.0002;µg/L
NL89_WISSKKE;08/08/2023;EB;1199;<;0.0002;µg/L
NL89_WISSKKE;05/09/2023;EB;1199;<;0.0002;µg/L
NL89_WISSKKE;03/10/2023;EB;1199;<;0.0002;µg/L
NL89_WISSKKE;31/10/2023;EB;1199;<;0.0002;µg/L
NL89_WISSKKE;28/11/2023;EB;1199;<;0.0002;µg/L
NL89_WISSKKE;03/01/2023;EB;1200;<;0.0001;µg/L
NL89_WISSKKE;24/01/2023;EB;1200;<;0.0001;µg/L
NL89_WISSKKE;23/02/2023;EB;1200;<;0.0001;µg/L
NL89_WISSKKE;20/03/2023;EB;1200;<;0.0001;µg/L
NL89_WISSKKE;18/04/2023;EB;1200;<;0.0001;µg/L
NL89_WISSKKE;15/05/2023;EB;1200;<;0.0001;µg/L
NL89_WISSKKE;13/06/2023;EB;1200;<;0.0001;µg/L
NL89_WISSKKE;10/07/2023;EB;1200;<;0.0001;µg/L
NL89_WISSKKE;08/08/2023;EB;1200;<;0.0001;µg/L
NL89_WISSKKE;05/09/2023;EB;1200;<;0.0001;µg/L
NL89_WISSKKE;03/10/2023;EB;1200;<;0.0001;µg/L
NL89_WISSKKE;31/10/2023;EB;1200;<;0.0001;µg/L
NL89_WISSKKE;28/11/2023;EB;1200;<;0.0001;µg/L
NL89_WISSKKE;03/01/2023;EB;1201;<;0.0001;µg/L
NL89_WISSKKE;24/01/2023;EB;1201;<;0.0001;µg/L
NL89_WISSKKE;23/02/2023;EB;1201;<;0.0001;µg/L
NL89_WISSKKE;20/03/2023;EB;1201;<;0.0001;µg/L
NL89_WISSKKE;18/04/2023;EB;1201;<;0.0001;µg/L
NL89_WISSKKE;15/05/2023;EB;1201;<;0.0001;µg/L
NL89_WISSKKE;13/06/2023;EB;1201;<;0.0001;µg/L
NL89_WISSKKE;10/07/2023;EB;1201;<;0.0001;µg/L
NL89_WISSKKE;08/08/2023;EB;1201;<;0.0001;µg/L
NL89_WISSKKE;05/09/2023;EB;1201;<;0.0001;µg/L
NL89_WISSKKE;03/10/2023;EB;1201;<;0.0001;µg/L
NL89_WISSKKE;31/10/2023;EB;1201;<;0.0001;µg/L
NL89_WISSKKE;28/11/2023;EB;1201;<;0.0001;µg/L
NL89_WISSKKE;03/01/2023;EB;1202;<;0.0001;µg/L
NL89_WISSKKE;24/01/2023;EB;1202;<;0.0001;µg/L
NL89_WISSKKE;23/02/2023;EB;1202;<;0.0001;µg/L
NL89_WISSKKE;20/03/2023;EB;1202;<;0.0001;µg/L
NL89_WISSKKE;18/04/2023;EB;1202;<;0.0001;µg/L
NL89_WISSKKE;15/05/2023;EB;1202;<;0.0001;µg/L
NL89_WISSKKE;13/06/2023;EB;1202;<;0.0001;µg/L
NL89_WISSKKE;10/07/2023;EB;1202;<;0.0001;µg/L
NL89_WISSKKE;08/08/2023;EB;1202;<;0.0001;µg/L
NL89_WISSKKE;05/09/2023;EB;1202;<;0.0001;µg/L
NL89_WISSKKE;03/10/2023;EB;1202;<;0.0001;µg/L
NL89_WISSKKE;31/10/2023;EB;1202;<;0.0001;µg/L
NL89_WISSKKE;28/11/2023;EB;1202;<;0.0001;µg/L
NL89_WISSKKE;03/01/2023;EB;1203;<;0.0001;µg/L
NL89_WISSKKE;24/01/2023;EB;1203;<;0.0001;µg/L
NL89_WISSKKE;23/02/2023;EB;1203;<;0.0001;µg/L
NL89_WISSKKE;20/03/2023;EB;1203;<;0.0001;µg/L
NL89_WISSKKE;18/04/2023;EB;1203;<;0.0001;µg/L
NL89_WISSKKE;15/05/2023;EB;1203;<;0.0001;µg/L
NL89_WISSKKE;13/06/2023;EB;1203;<;0.0001;µg/L
NL89_WISSKKE;10/07/2023;EB;1203;<;0.0001;µg/L
NL89_WISSKKE;08/08/2023;EB;1203;<;0.0001;µg/L
NL89_WISSKKE;05/09/2023;EB;1203;<;0.0001;µg/L
NL89_WISSKKE;03/10/2023;EB;1203;<;0.0001;µg/L
NL89_WISSKKE;31/10/2023;EB;1203;<;0.0001;µg/L
NL89_WISSKKE;28/11/2023;EB;1203;<;0.0001;µg/L
NL89_WISSKKE;03/01/2023;EB;1204;=;0.0010;µg/L
NL89_WISSKKE;24/01/2023;EB;1204;=;0.0008;µg/L
NL89_WISSKKE;23/02/2023;EB;1204;=;0.0006;µg/L
NL89_WISSKKE;20/03/2023;EB;1204;=;0.0002;µg/L
NL89_WISSKKE;18/04/2023;EB;1204;=;0.0003;µg/L
NL89_WISSKKE;15/05/2023;EB;1204;=;0.0003;µg/L
NL89_WISSKKE;13/06/2023;EB;1204;<;0.0002;µg/L
NL89_WISSKKE;10/07/2023;EB;1204;<;0.0002;µg/L
NL89_WISSKKE;08/08/2023;EB;1204;=;0.0003;µg/L
NL89_WISSKKE;05/09/2023;EB;1204;=;0.0002;µg/L
NL89_WISSKKE;03/10/2023;EB;1204;=;0.0006;µg/L
NL89_WISSKKE;31/10/2023;EB;1204;=;0.0002;µg/L
NL89_WISSKKE;28/11/2023;EB;1204;=;0.0008;µg/L
NL89_WISSKKE;03/01/2023;EB;1207;<;0.0003;µg/L
NL89_WISSKKE;24/01/2023;EB;1207;<;0.0003;µg/L
NL89_WISSKKE;23/02/2023;EB;1207;<;0.0003;µg/L
NL89_WISSKKE;20/03/2023;EB;1207;<;0.0003;µg/L
NL89_WISSKKE;18/04/2023;EB;1207;<;0.0003;µg/L
NL89_WISSKKE;15/05/2023;EB;1207;<;0.0003;µg/L
NL89_WISSKKE;13/06/2023;EB;1207;<;0.0003;µg/L
NL89_WISSKKE;10/07/2023;EB;1207;<;0.0003;µg/L
NL89_WISSKKE;08/08/2023;EB;1207;<;0.0003;µg/L
NL89_WISSKKE;05/09/2023;EB;1207;<;0.0003;µg/L
NL89_WISSKKE;03/10/2023;EB;1207;<;0.0003;µg/L
NL89_WISSKKE;31/10/2023;EB;1207;<;0.0003;µg/L
NL89_WISSKKE;28/11/2023;EB;1207;<;0.0003;µg/L
NL89_WISSKKE;03/01/2023;EB;1208;<;0.0002;µg/L
NL89_WISSKKE;24/01/2023;EB;1208;<;0.0002;µg/L
NL89_WISSKKE;23/02/2023;EB;1208;<;0.0002;µg/L
NL89_WISSKKE;20/03/2023;EB;1208;<;0.0002;µg/L
NL89_WISSKKE;18/04/2023;EB;1208;<;0.0002;µg/L
NL89_WISSKKE;15/05/2023;EB;1208;<;0.0002;µg/L
NL89_WISSKKE;13/06/2023;EB;1208;<;0.0002;µg/L
NL89_WISSKKE;10/07/2023;EB;1208;<;0.0002;µg/L
NL89_WISSKKE;08/08/2023;EB;1208;<;0.0002;µg/L
NL89_WISSKKE;05/09/2023;EB;1208;<;0.0002;µg/L
NL89_WISSKKE;03/10/2023;EB;1208;<;0.0002;µg/L
NL89_WISSKKE;31/10/2023;EB;1208;<;0.0002;µg/L
NL89_WISSKKE;28/11/2023;EB;1208;=;0.0002;µg/L
NL89_WISSKKE;03/01/2023;EB;1235;<;0.1000;µg/L
NL89_WISSKKE;24/01/2023;EB;1235;<;0.1000;µg/L
NL89_WISSKKE;23/02/2023;EB;1235;<;0.1000;µg/L
NL89_WISSKKE;20/03/2023;EB;1235;<;0.1000;µg/L
NL89_WISSKKE;18/04/2023;EB;1235;<;0.1000;µg/L
NL89_WISSKKE;15/05/2023;EB;1235;<;0.1000;µg/L
NL89_WISSKKE;13/06/2023;EB;1235;<;0.1000;µg/L
NL89_WISSKKE;10/07/2023;EB;1235;<;0.1000;µg/L
NL89_WISSKKE;08/08/2023;EB;1235;<;0.1000;µg/L
NL89_WISSKKE;05/09/2023;EB;1235;<;0.1000;µg/L
NL89_WISSKKE;03/10/2023;EB;1235;<;0.1000;µg/L
NL89_WISSKKE;31/10/2023;EB;1235;<;0.1000;µg/L
NL89_WISSKKE;28/11/2023;EB;1235;<;0.1000;µg/L
NL89_WISSKKE;03/01/2023;EB;1263;<;0.0005;µg/L
NL89_WISSKKE;24/01/2023;EB;1263;<;0.0005;µg/L
NL89_WISSKKE;23/02/2023;EB;1263;<;0.0005;µg/L
NL89_WISSKKE;20/03/2023;EB;1263;<;0.0005;µg/L
NL89_WISSKKE;18/04/2023;EB;1263;<;0.0005;µg/L
NL89_WISSKKE;15/05/2023;EB;1263;<;0.0005;µg/L
NL89_WISSKKE;13/06/2023;EB;1263;<;0.0005;µg/L
NL89_WISSKKE;10/07/2023;EB;1263;<;0.0005;µg/L
NL89_WISSKKE;08/08/2023;EB;1263;<;0.0005;µg/L
NL89_WISSKKE;05/09/2023;EB;1263;<;0.0005;µg/L
NL89_WISSKKE;03/10/2023;EB;1263;<;0.0005;µg/L
NL89_WISSKKE;31/10/2023;EB;1263;<;0.0005;µg/L
NL89_WISSKKE;28/11/2023;EB;1263;<;0.0005;µg/L
NL89_WISSKKE;03/01/2023;EB;1269;<;0.0006;µg/L
NL89_WISSKKE;24/01/2023;EB;1269;<;0.0006;µg/L
NL89_WISSKKE;23/02/2023;EB;1269;<;0.0006;µg/L
NL89_WISSKKE;20/03/2023;EB;1269;<;0.0006;µg/L
NL89_WISSKKE;18/04/2023;EB;1269;<;0.0006;µg/L
NL89_WISSKKE;15/05/2023;EB;1269;<;0.0006;µg/L
NL89_WISSKKE;13/06/2023;EB;1269;<;0.0006;µg/L
NL89_WISSKKE;10/07/2023;EB;1269;<;0.0006;µg/L
NL89_WISSKKE;08/08/2023;EB;1269;<;0.0006;µg/L
NL89_WISSKKE;05/09/2023;EB;1269;<;0.0006;µg/L
NL89_WISSKKE;03/10/2023;EB;1269;<;0.0006;µg/L
NL89_WISSKKE;31/10/2023;EB;1269;<;0.0006;µg/L
NL89_WISSKKE;28/11/2023;EB;1269;<;0.0006;µg/L
NL89_WISSKKE;03/01/2023;EB;1272;<;0.0100;µg/L
NL89_WISSKKE;24/01/2023;EB;1272;<;0.0100;µg/L
NL89_WISSKKE;23/02/2023;EB;1272;=;1.2000;µg/L
NL89_WISSKKE;20/03/2023;EB;1272;<;0.0100;µg/L
NL89_WISSKKE;18/04/2023;EB;1272;<;0.0100;µg/L
NL89_WISSKKE;15/05/2023;EB;1272;<;0.0100;µg/L
NL89_WISSKKE;13/06/2023;EB;1272;<;0.0100;µg/L
NL89_WISSKKE;10/07/2023;EB;1272;<;0.0100;µg/L
NL89_WISSKKE;08/08/2023;EB;1272;<;0.0100;µg/L
NL89_WISSKKE;05/09/2023;EB;1272;=;0.0100;µg/L
NL89_WISSKKE;03/10/2023;EB;1272;<;0.0100;µg/L
NL89_WISSKKE;31/10/2023;EB;1272;<;0.0100;µg/L
NL89_WISSKKE;28/11/2023;EB;1272;<;0.0100;µg/L
NL89_WISSKKE;03/01/2023;EB;1276;<;0.0100;µg/L
NL89_WISSKKE;24/01/2023;EB;1276;<;0.0100;µg/L
NL89_WISSKKE;23/02/2023;EB;1276;<;0.1000;µg/L
NL89_WISSKKE;20/03/2023;EB;1276;<;0.1000;µg/L
NL89_WISSKKE;18/04/2023;EB;1276;<;0.1000;µg/L
NL89_WISSKKE;15/05/2023;EB;1276;<;0.0100;µg/L
NL89_WISSKKE;13/06/2023;EB;1276;<;0.0100;µg/L
NL89_WISSKKE;10/07/2023;EB;1276;<;0.0100;µg/L
NL89_WISSKKE;08/08/2023;EB;1276;<;0.0100;µg/L
NL89_WISSKKE;05/09/2023;EB;1276;<;0.0100;µg/L
NL89_WISSKKE;03/10/2023;EB;1276;<;0.0100;µg/L
NL89_WISSKKE;31/10/2023;EB;1276;<;0.0100;µg/L
NL89_WISSKKE;28/11/2023;EB;1276;<;0.0100;µg/L
NL89_WISSKKE;03/01/2023;EB;1283;<;0.0100;µg/L
NL89_WISSKKE;24/01/2023;EB;1283;<;0.0100;µg/L
NL89_WISSKKE;23/02/2023;EB;1283;<;0.0100;µg/L
NL89_WISSKKE;20/03/2023;EB;1283;<;0.0100;µg/L
NL89_WISSKKE;18/04/2023;EB;1283;<;0.0100;µg/L
NL89_WISSKKE;15/05/2023;EB;1283;<;0.0100;µg/L
NL89_WISSKKE;13/06/2023;EB;1283;<;0.0100;µg/L
NL89_WISSKKE;10/07/2023;EB;1283;<;0.0100;µg/L
NL89_WISSKKE;08/08/2023;EB;1283;<;0.0100;µg/L
NL89_WISSKKE;05/09/2023;EB;1283;<;0.0100;µg/L
NL89_WISSKKE;03/10/2023;EB;1283;<;0.0100;µg/L
NL89_WISSKKE;31/10/2023;EB;1283;<;0.0100;µg/L
NL89_WISSKKE;28/11/2023;EB;1283;<;0.0100;µg/L
NL89_WISSKKE;03/01/2023;EB;1286;<;0.0100;µg/L
NL89_WISSKKE;24/01/2023;EB;1286;<;0.0100;µg/L
NL89_WISSKKE;23/02/2023;EB;1286;<;0.0100;µg/L
NL89_WISSKKE;20/03/2023;EB;1286;<;0.0100;µg/L
NL89_WISSKKE;18/04/2023;EB;1286;<;0.0100;µg/L
NL89_WISSKKE;15/05/2023;EB;1286;<;0.0100;µg/L
NL89_WISSKKE;13/06/2023;EB;1286;<;0.0100;µg/L
NL89_WISSKKE;10/07/2023;EB;1286;<;0.0100;µg/L
NL89_WISSKKE;08/08/2023;EB;1286;<;0.0100;µg/L
NL89_WISSKKE;05/09/2023;EB;1286;<;0.0100;µg/L
NL89_WISSKKE;03/10/2023;EB;1286;<;0.0100;µg/L
NL89_WISSKKE;31/10/2023;EB;1286;<;0.0100;µg/L
NL89_WISSKKE;28/11/2023;EB;1286;<;0.0100;µg/L
NL89_WISSKKE;03/01/2023;EB;1289;<;0.0100;µg/L
NL89_WISSKKE;24/01/2023;EB;1289;=;NV;µg/L
NL89_WISSKKE;23/02/2023;EB;1289;=;NV;µg/L
NL89_WISSKKE;20/03/2023;EB;1289;=;NV;µg/L
NL89_WISSKKE;18/04/2023;EB;1289;=;NV;µg/L
NL89_WISSKKE;15/05/2023;EB;1289;=;NV;µg/L
NL89_WISSKKE;13/06/2023;EB;1289;=;NV;µg/L
NL89_WISSKKE;10/07/2023;EB;1289;=;NV;µg/L
NL89_WISSKKE;08/08/2023;EB;1289;=;NV;µg/L
NL89_WISSKKE;05/09/2023;EB;1289;=;NV;µg/L
NL89_WISSKKE;03/01/2023;EB;1301;=;7.3000;°C
NL89_WISSKKE;24/01/2023;EB;1301;=;5.9000;°C
NL89_WISSKKE;23/02/2023;EB;1301;=;7.3900;°C
NL89_WISSKKE;20/03/2023;EB;1301;=;7.3400;°C
NL89_WISSKKE;06/04/2023;EB;1301;=;8.9600;°C
NL89_WISSKKE;18/04/2023;EB;1301;=;10.1000;°C
NL89_WISSKKE;02/05/2023;EB;1301;=;11.3000;°C
NL89_WISSKKE;15/05/2023;EB;1301;=;13.4000;°C
NL89_WISSKKE;31/05/2023;EB;1301;=;14.6000;°C
NL89_WISSKKE;13/06/2023;EB;1301;=;17.6000;°C
NL89_WISSKKE;27/06/2023;EB;1301;=;20.0000;°C
NL89_WISSKKE;10/07/2023;EB;1301;=;19.9000;°C
NL89_WISSKKE;24/07/2023;EB;1301;=;19.8000;°C
NL89_WISSKKE;08/08/2023;EB;1301;=;18.1000;°C
NL89_WISSKKE;22/08/2023;EB;1301;=;20.4000;°C
NL89_WISSKKE;05/09/2023;EB;1301;=;19.8000;°C
NL89_WISSKKE;19/09/2023;EB;1301;=;20.4000;°C
NL89_WISSKKE;03/10/2023;EB;1301;=;18.4000;°C
NL89_WISSKKE;31/10/2023;EB;1301;=;13.5000;°C
NL89_WISSKKE;28/11/2023;EB;1301;=;9.4000;°C
NL89_WISSKKE;03/01/2023;EB;1302;=;7.9900;u pH
NL89_WISSKKE;24/01/2023;EB;1302;=;8.1200;u pH
NL89_WISSKKE;23/02/2023;EB;1302;=;7.9800;u pH
NL89_WISSKKE;20/03/2023;EB;1302;=;8.1200;u pH
NL89_WISSKKE;06/04/2023;EB;1302;=;8.1500;u pH
NL89_WISSKKE;18/04/2023;EB;1302;=;8.1400;u pH
NL89_WISSKKE;02/05/2023;EB;1302;=;8.1000;u pH
NL89_WISSKKE;15/05/2023;EB;1302;=;8.1200;u pH
NL89_WISSKKE;31/05/2023;EB;1302;=;8.1000;u pH
NL89_WISSKKE;13/06/2023;EB;1302;=;8.0900;u pH
NL89_WISSKKE;27/06/2023;EB;1302;=;8.0800;u pH
NL89_WISSKKE;10/07/2023;EB;1302;=;8.0900;u pH
NL89_WISSKKE;24/07/2023;EB;1302;=;8.0300;u pH
NL89_WISSKKE;08/08/2023;EB;1302;=;8.0000;u pH
NL89_WISSKKE;22/08/2023;EB;1302;=;8.0300;u pH
NL89_WISSKKE;05/09/2023;EB;1302;=;8.0100;u pH
NL89_WISSKKE;19/09/2023;EB;1302;=;8.0000;u pH
NL89_WISSKKE;03/10/2023;EB;1302;=;8.0000;u pH
NL89_WISSKKE;31/10/2023;EB;1302;=;7.9300;u pH
NL89_WISSKKE;28/11/2023;EB;1302;=;7.9500;u pH
NL89_WISSKKE;03/01/2023;EB;1303;=;49728.0000;µS/cm (à/bij 25°C)
NL89_WISSKKE;24/01/2023;EB;1303;=;47730.0000;µS/cm (à/bij 25°C)
NL89_WISSKKE;23/02/2023;EB;1303;=;48618.0000;µS/cm (à/bij 25°C)
NL89_WISSKKE;20/03/2023;EB;1303;=;47508.0000;µS/cm (à/bij 25°C)
NL89_WISSKKE;18/04/2023;EB;1303;=;47952.0000;µS/cm (à/bij 25°C)
NL89_WISSKKE;15/05/2023;EB;1303;=;48063.0000;µS/cm (à/bij 25°C)
NL89_WISSKKE;13/06/2023;EB;1303;=;46620.0000;µS/cm (à/bij 25°C)
NL89_WISSKKE;10/07/2023;EB;1303;=;48174.0000;µS/cm (à/bij 25°C)
NL89_WISSKKE;08/08/2023;EB;1303;=;49062.0000;µS/cm (à/bij 25°C)
NL89_WISSKKE;05/09/2023;EB;1303;=;49839.0000;µS/cm (à/bij 25°C)
NL89_WISSKKE;03/10/2023;EB;1303;=;49728.0000;µS/cm (à/bij 25°C)
NL89_WISSKKE;31/10/2023;EB;1303;=;49617.0000;µS/cm (à/bij 25°C)
NL89_WISSKKE;28/11/2023;EB;1303;=;44622.0000;µS/cm (à/bij 25°C)
NL89_WISSKKE;03/01/2023;EB;1305;=;23.8000;mg/L
NL89_WISSKKE;24/01/2023;EB;1305;=;17.2000;mg/L
NL89_WISSKKE;23/02/2023;EB;1305;=;18.4000;mg/L
NL89_WISSKKE;20/03/2023;EB;1305;=;10.6000;mg/L
NL89_WISSKKE;06/04/2023;EB;1305;=;9.3700;mg/L
NL89_WISSKKE;18/04/2023;EB;1305;=;17.7000;mg/L
NL89_WISSKKE;02/05/2023;EB;1305;=;13.5000;mg/L
NL89_WISSKKE;15/05/2023;EB;1305;=;8.5400;mg/L
NL89_WISSKKE;31/05/2023;EB;1305;=;8.4100;mg/L
NL89_WISSKKE;13/06/2023;EB;1305;=;8.2800;mg/L
NL89_WISSKKE;27/06/2023;EB;1305;=;8.1000;mg/L
NL89_WISSKKE;10/07/2023;EB;1305;=;5.7500;mg/L
NL89_WISSKKE;24/07/2023;EB;1305;=;8.8900;mg/L
NL89_WISSKKE;08/08/2023;EB;1305;=;11.6000;mg/L
NL89_WISSKKE;22/08/2023;EB;1305;=;8.8000;mg/L
NL89_WISSKKE;05/09/2023;EB;1305;=;6.4300;mg/L
NL89_WISSKKE;19/09/2023;EB;1305;=;5.6600;mg/L
NL89_WISSKKE;03/10/2023;EB;1305;=;13.2000;mg/L
NL89_WISSKKE;31/10/2023;EB;1305;=;11.8000;mg/L
NL89_WISSKKE;28/11/2023;EB;1305;=;18.6000;mg/L
NL89_WISSKKE;03/01/2023;EB;1311;=;100.0000;%
NL89_WISSKKE;03/01/2023;EB;1311;=;9.7400;mg/L
NL89_WISSKKE;24/01/2023;EB;1311;=;97.0000;%
NL89_WISSKKE;24/01/2023;EB;1311;=;10.1000;mg/L
NL89_WISSKKE;23/02/2023;EB;1311;=;99.0000;%
NL89_WISSKKE;23/02/2023;EB;1311;=;9.7000;mg/L
NL89_WISSKKE;20/03/2023;EB;1311;=;105.0000;%
NL89_WISSKKE;20/03/2023;EB;1311;=;10.4000;mg/L
NL89_WISSKKE;06/04/2023;EB;1311;=;104.0000;%
NL89_WISSKKE;06/04/2023;EB;1311;=;9.8600;mg/L
NL89_WISSKKE;18/04/2023;EB;1311;=;97.0000;%
NL89_WISSKKE;18/04/2023;EB;1311;=;9.1000;mg/L
NL89_WISSKKE;02/05/2023;EB;1311;=;101.0000;%
NL89_WISSKKE;02/05/2023;EB;1311;=;9.0900;mg/L
NL89_WISSKKE;15/05/2023;EB;1311;=;108.0000;%
NL89_WISSKKE;15/05/2023;EB;1311;=;9.4400;mg/L
NL89_WISSKKE;31/05/2023;EB;1311;=;97.0000;%
NL89_WISSKKE;31/05/2023;EB;1311;=;8.3800;mg/L
NL89_WISSKKE;13/06/2023;EB;1311;=;105.0000;%
NL89_WISSKKE;13/06/2023;EB;1311;=;8.3300;mg/L
NL89_WISSKKE;27/06/2023;EB;1311;=;104.0000;%
NL89_WISSKKE;27/06/2023;EB;1311;=;7.9600;mg/L
NL89_WISSKKE;10/07/2023;EB;1311;=;97.0000;%
NL89_WISSKKE;10/07/2023;EB;1311;=;7.3800;mg/L
NL89_WISSKKE;24/07/2023;EB;1311;=;94.0000;%
NL89_WISSKKE;24/07/2023;EB;1311;=;7.0400;mg/L
NL89_WISSKKE;08/08/2023;EB;1311;=;99.0000;%
NL89_WISSKKE;08/08/2023;EB;1311;=;7.7100;mg/L
NL89_WISSKKE;22/08/2023;EB;1311;=;106.0000;%
NL89_WISSKKE;22/08/2023;EB;1311;=;7.9400;mg/L
NL89_WISSKKE;05/09/2023;EB;1311;=;97.0000;%
NL89_WISSKKE;05/09/2023;EB;1311;=;7.3600;mg/L
NL89_WISSKKE;19/09/2023;EB;1311;=;94.0000;%
NL89_WISSKKE;19/09/2023;EB;1311;=;6.9800;mg/L
NL89_WISSKKE;03/10/2023;EB;1311;=;96.0000;%
NL89_WISSKKE;03/10/2023;EB;1311;=;7.5000;mg/L
NL89_WISSKKE;31/10/2023;EB;1311;=;93.0000;%
NL89_WISSKKE;31/10/2023;EB;1311;=;7.8000;mg/L
NL89_WISSKKE;28/11/2023;EB;1311;=;96.0000;%
NL89_WISSKKE;28/11/2023;EB;1311;=;8.9200;mg/L
NL89_WISSKKE;03/01/2023;EF;1335;=;0.0671;mg/L N
NL89_WISSKKE;24/01/2023;EF;1335;=;0.1090;mg/L N
NL89_WISSKKE;23/02/2023;EF;1335;=;0.0572;mg/L N
NL89_WISSKKE;20/03/2023;EF;1335;=;0.0440;mg/L N
NL89_WISSKKE;06/04/2023;EF;1335;=;0.0160;mg/L N
NL89_WISSKKE;18/04/2023;EF;1335;=;0.0452;mg/L N
NL89_WISSKKE;02/05/2023;EF;1335;=;0.0471;mg/L N
NL89_WISSKKE;15/05/2023;EF;1335;<;0.0050;mg/L N
NL89_WISSKKE;31/05/2023;EF;1335;=;0.0475;mg/L N
NL89_WISSKKE;13/06/2023;EF;1335;=;0.0246;mg/L N
NL89_WISSKKE;27/06/2023;EF;1335;=;0.0188;mg/L N
NL89_WISSKKE;10/07/2023;EF;1335;=;0.0188;mg/L N
NL89_WISSKKE;24/07/2023;EF;1335;=;0.0125;mg/L N
NL89_WISSKKE;08/08/2023;EF;1335;=;0.0821;mg/L N
NL89_WISSKKE;22/08/2023;EF;1335;=;0.0418;mg/L N
NL89_WISSKKE;05/09/2023;EF;1335;=;0.0335;mg/L N
NL89_WISSKKE;19/09/2023;EF;1335;=;0.0211;mg/L N
NL89_WISSKKE;03/10/2023;EF;1335;=;0.0650;mg/L N
NL89_WISSKKE;31/10/2023;EF;1335;=;0.1210;mg/L N
NL89_WISSKKE;28/11/2023;EF;1335;=;0.1270;mg/L N
NL89_WISSKKE;03/01/2023;EF;1337;=;19000.0000;mg/L
NL89_WISSKKE;24/01/2023;EF;1337;=;17000.0000;mg/L
NL89_WISSKKE;23/02/2023;EF;1337;=;17000.0000;mg/L
NL89_WISSKKE;20/03/2023;EF;1337;=;17000.0000;mg/L
NL89_WISSKKE;18/04/2023;EF;1337;=;17000.0000;mg/L
NL89_WISSKKE;15/05/2023;EF;1337;=;17000.0000;mg/L
NL89_WISSKKE;13/06/2023;EF;1337;=;17000.0000;mg/L
NL89_WISSKKE;10/07/2023;EF;1337;=;15000.0000;mg/L
NL89_WISSKKE;08/08/2023;EF;1337;=;19000.0000;mg/L
NL89_WISSKKE;05/09/2023;EF;1337;=;19000.0000;mg/L
NL89_WISSKKE;03/10/2023;EF;1337;=;18000.0000;mg/L
NL89_WISSKKE;31/10/2023;EF;1337;=;18000.0000;mg/L
NL89_WISSKKE;28/11/2023;EF;1337;=;17000.0000;mg/L
NL89_WISSKKE;03/01/2023;EF;1338;=;2600.0000;mg/L
NL89_WISSKKE;24/01/2023;EF;1338;=;2500.0000;mg/L
NL89_WISSKKE;23/02/2023;EF;1338;=;2600.0000;mg/L
NL89_WISSKKE;20/03/2023;EF;1338;=;2400.0000;mg/L
NL89_WISSKKE;18/04/2023;EF;1338;=;2400.0000;mg/L
NL89_WISSKKE;15/05/2023;EF;1338;=;2400.0000;mg/L
NL89_WISSKKE;13/06/2023;EF;1338;=;2300.0000;mg/L
NL89_WISSKKE;10/07/2023;EF;1338;=;2300.0000;mg/L
NL89_WISSKKE;08/08/2023;EF;1338;=;2600.0000;mg/L
NL89_WISSKKE;05/09/2023;EF;1338;=;2600.0000;mg/L
NL89_WISSKKE;03/10/2023;EF;1338;=;2600.0000;mg/L
NL89_WISSKKE;31/10/2023;EF;1338;=;2600.0000;mg/L
NL89_WISSKKE;28/11/2023;EF;1338;=;2200.0000;mg/L
NL89_WISSKKE;03/01/2023;EF;1339;=;0.0047;mg/L N
NL89_WISSKKE;24/01/2023;EF;1339;=;0.0134;mg/L N
NL89_WISSKKE;23/02/2023;EF;1339;=;0.0102;mg/L N
NL89_WISSKKE;20/03/2023;EF;1339;=;0.0078;mg/L N
NL89_WISSKKE;06/04/2023;EF;1339;=;0.0057;mg/L N
NL89_WISSKKE;18/04/2023;EF;1339;=;0.0049;mg/L N
NL89_WISSKKE;02/05/2023;EF;1339;=;0.0049;mg/L N
NL89_WISSKKE;15/05/2023;EF;1339;=;0.0036;mg/L N
NL89_WISSKKE;31/05/2023;EF;1339;=;0.0088;mg/L N
NL89_WISSKKE;13/06/2023;EF;1339;=;0.0055;mg/L N
NL89_WISSKKE;27/06/2023;EF;1339;=;0.0054;mg/L N
NL89_WISSKKE;10/07/2023;EF;1339;=;0.0038;mg/L N
NL89_WISSKKE;24/07/2023;EF;1339;=;0.0011;mg/L N
NL89_WISSKKE;08/08/2023;EF;1339;=;0.0058;mg/L N
NL89_WISSKKE;22/08/2023;EF;1339;=;0.0031;mg/L N
NL89_WISSKKE;05/09/2023;EF;1339;=;0.0042;mg/L N
NL89_WISSKKE;19/09/2023;EF;1339;=;0.0046;mg/L N
NL89_WISSKKE;03/10/2023;EF;1339;=;0.0062;mg/L N
NL89_WISSKKE;31/10/2023;EF;1339;=;0.0130;mg/L N
NL89_WISSKKE;28/11/2023;EF;1339;=;0.0180;mg/L N
NL89_WISSKKE;03/01/2023;EF;1340;=;0.1450;mg/L N
NL89_WISSKKE;24/01/2023;EF;1340;=;0.4160;mg/L N
NL89_WISSKKE;23/02/2023;EF;1340;=;0.5250;mg/L N
NL89_WISSKKE;20/03/2023;EF;1340;=;0.3650;mg/L N
NL89_WISSKKE;06/04/2023;EF;1340;=;0.3020;mg/L N
NL89_WISSKKE;18/04/2023;EF;1340;=;0.2390;mg/L N
NL89_WISSKKE;02/05/2023;EF;1340;=;0.2660;mg/L N
NL89_WISSKKE;15/05/2023;EF;1340;=;0.0778;mg/L N
NL89_WISSKKE;31/05/2023;EF;1340;=;0.2280;mg/L N
NL89_WISSKKE;13/06/2023;EF;1340;=;0.1110;mg/L N
NL89_WISSKKE;27/06/2023;EF;1340;=;0.0332;mg/L N
NL89_WISSKKE;10/07/2023;EF;1340;<;0.0100;mg/L N
NL89_WISSKKE;24/07/2023;EF;1340;=;0.0110;mg/L N
NL89_WISSKKE;08/08/2023;EF;1340;=;0.0357;mg/L N
NL89_WISSKKE;22/08/2023;EF;1340;=;0.0149;mg/L N
NL89_WISSKKE;05/09/2023;EF;1340;=;0.0255;mg/L N
NL89_WISSKKE;19/09/2023;EF;1340;=;0.0281;mg/L N
NL89_WISSKKE;03/10/2023;EF;1340;=;0.0345;mg/L N
NL89_WISSKKE;31/10/2023;EF;1340;=;0.1010;mg/L N
NL89_WISSKKE;28/11/2023;EF;1340;=;0.5180;mg/L N
NL89_WISSKKE;03/01/2023;EB;1345;=;NV;°f (degré français/Franse graden)
NL89_WISSKKE;24/01/2023;EB;1345;=;NV;°f (degré français/Franse graden)
NL89_WISSKKE;23/02/2023;EB;1345;=;NV;°f (degré français/Franse graden)
NL89_WISSKKE;20/03/2023;EB;1345;=;NV;°f (degré français/Franse graden)
NL89_WISSKKE;18/04/2023;EB;1345;=;NV;°f (degré français/Franse graden)
NL89_WISSKKE;15/05/2023;EB;1345;=;NV;°f (degré français/Franse graden)
NL89_WISSKKE;13/06/2023;EB;1345;=;NV;°f (degré français/Franse graden)
NL89_WISSKKE;10/07/2023;EB;1345;=;NV;°f (degré français/Franse graden)
NL89_WISSKKE;08/08/2023;EB;1345;=;NV;°f (degré français/Franse graden)
NL89_WISSKKE;05/09/2023;EB;1345;=;NV;°f (degré français/Franse graden)
NL89_WISSKKE;03/10/2023;EB;1345;=;NV;°f (degré français/Franse graden)
NL89_WISSKKE;31/10/2023;EB;1345;=;NV;°f (degré français/Franse graden)
NL89_WISSKKE;28/11/2023;EB;1345;=;NV;°f (degré français/Franse graden)
NL89_WISSKKE;03/01/2023;EB;1350;=;0.0544;mg/L
NL89_WISSKKE;03/01/2023;EF;1350;=;0.0310;mg/L
NL89_WISSKKE;24/01/2023;EB;1350;=;0.0499;mg/L
NL89_WISSKKE;24/01/2023;EF;1350;=;0.0374;mg/L
NL89_WISSKKE;23/02/2023;EB;1350;=;0.0566;mg/L
NL89_WISSKKE;23/02/2023;EF;1350;=;0.0347;mg/L
NL89_WISSKKE;20/03/2023;EB;1350;=;0.0529;mg/L
NL89_WISSKKE;20/03/2023;EF;1350;=;0.0501;mg/L
NL89_WISSKKE;06/04/2023;EB;1350;=;0.0261;mg/L
NL89_WISSKKE;06/04/2023;EF;1350;=;0.0143;mg/L
NL89_WISSKKE;18/04/2023;EB;1350;=;0.0319;mg/L
NL89_WISSKKE;18/04/2023;EF;1350;=;0.0126;mg/L
NL89_WISSKKE;02/05/2023;EB;1350;=;0.0233;mg/L
NL89_WISSKKE;02/05/2023;EF;1350;=;0.0137;mg/L
NL89_WISSKKE;15/05/2023;EB;1350;=;0.0224;mg/L
NL89_WISSKKE;15/05/2023;EF;1350;=;0.0087;mg/L
NL89_WISSKKE;31/05/2023;EB;1350;=;0.1260;mg/L
NL89_WISSKKE;31/05/2023;EF;1350;=;0.0176;mg/L
NL89_WISSKKE;13/06/2023;EB;1350;=;0.0267;mg/L
NL89_WISSKKE;13/06/2023;EF;1350;=;0.0173;mg/L
NL89_WISSKKE;27/06/2023;EB;1350;=;0.0247;mg/L
NL89_WISSKKE;27/06/2023;EF;1350;=;0.0179;mg/L
NL89_WISSKKE;10/07/2023;EB;1350;=;0.0337;mg/L
NL89_WISSKKE;10/07/2023;EF;1350;=;0.0273;mg/L
NL89_WISSKKE;24/07/2023;EB;1350;=;0.0487;mg/L
NL89_WISSKKE;24/07/2023;EF;1350;=;0.0357;mg/L
NL89_WISSKKE;08/08/2023;EB;1350;=;0.0502;mg/L
NL89_WISSKKE;08/08/2023;EF;1350;=;0.0346;mg/L
NL89_WISSKKE;22/08/2023;EB;1350;=;0.0364;mg/L
NL89_WISSKKE;22/08/2023;EF;1350;=;0.0249;mg/L
NL89_WISSKKE;05/09/2023;EB;1350;=;0.0375;mg/L
NL89_WISSKKE;05/09/2023;EF;1350;=;0.0273;mg/L
NL89_WISSKKE;19/09/2023;EB;1350;=;0.0426;mg/L
NL89_WISSKKE;19/09/2023;EF;1350;=;0.0356;mg/L
NL89_WISSKKE;03/10/2023;EB;1350;=;0.0504;mg/L
NL89_WISSKKE;03/10/2023;EF;1350;=;0.0409;mg/L
NL89_WISSKKE;31/10/2023;EB;1350;=;0.0766;mg/L
NL89_WISSKKE;31/10/2023;EF;1350;=;0.0552;mg/L
NL89_WISSKKE;28/11/2023;EB;1350;=;0.0592;mg/L
NL89_WISSKKE;28/11/2023;EF;1350;=;0.0429;mg/L
NL89_WISSKKE;03/01/2023;EF;1361;=;2.3500;µg/L
NL89_WISSKKE;24/01/2023;EF;1361;=;2.5900;µg/L
NL89_WISSKKE;23/02/2023;EF;1361;=;2.6400;µg/L
NL89_WISSKKE;20/03/2023;EF;1361;=;2.7100;µg/L
NL89_WISSKKE;18/04/2023;EF;1361;=;2.5700;µg/L
NL89_WISSKKE;15/05/2023;EF;1361;=;2.6900;µg/L
NL89_WISSKKE;13/06/2023;EF;1361;=;2.1900;µg/L
NL89_WISSKKE;10/07/2023;EF;1361;=;2.8500;µg/L
NL89_WISSKKE;08/08/2023;EF;1361;=;2.5200;µg/L
NL89_WISSKKE;05/09/2023;EF;1361;=;2.4400;µg/L
NL89_WISSKKE;03/10/2023;EF;1361;=;2.2600;µg/L
NL89_WISSKKE;31/10/2023;EF;1361;=;2.2800;µg/L
NL89_WISSKKE;28/11/2023;EF;1361;=;2.1400;µg/L
NL89_WISSKKE;03/01/2023;EF;1368;=;0.0044;µg/L
NL89_WISSKKE;24/01/2023;EF;1368;<;0.0030;µg/L
NL89_WISSKKE;23/02/2023;EF;1368;<;0.0030;µg/L
NL89_WISSKKE;20/03/2023;EF;1368;<;0.0030;µg/L
NL89_WISSKKE;18/04/2023;EF;1368;<;0.0030;µg/L
NL89_WISSKKE;15/05/2023;EF;1368;<;0.0030;µg/L
NL89_WISSKKE;13/06/2023;EF;1368;<;0.0030;µg/L
NL89_WISSKKE;10/07/2023;EF;1368;=;0.0037;µg/L
NL89_WISSKKE;08/08/2023;EF;1368;<;0.0030;µg/L
NL89_WISSKKE;05/09/2023;EF;1368;<;0.0030;µg/L
NL89_WISSKKE;03/10/2023;EF;1368;<;0.0030;µg/L
NL89_WISSKKE;31/10/2023;EF;1368;<;0.0030;µg/L
NL89_WISSKKE;28/11/2023;EF;1368;<;0.0030;µg/L
NL89_WISSKKE;03/01/2023;EF;1369;=;1.2100;µg/L
NL89_WISSKKE;24/01/2023;EF;1369;=;1.3100;µg/L
NL89_WISSKKE;23/02/2023;EF;1369;=;1.2300;µg/L
NL89_WISSKKE;20/03/2023;EF;1369;=;1.2200;µg/L
NL89_WISSKKE;18/04/2023;EF;1369;=;1.1500;µg/L
NL89_WISSKKE;15/05/2023;EF;1369;=;1.3900;µg/L
NL89_WISSKKE;13/06/2023;EF;1369;=;1.2000;µg/L
NL89_WISSKKE;10/07/2023;EF;1369;=;1.9400;µg/L
NL89_WISSKKE;08/08/2023;EF;1369;=;1.8400;µg/L
NL89_WISSKKE;05/09/2023;EF;1369;=;1.7000;µg/L
NL89_WISSKKE;03/10/2023;EF;1369;=;1.7100;µg/L
NL89_WISSKKE;31/10/2023;EF;1369;=;1.4500;µg/L
NL89_WISSKKE;28/11/2023;EF;1369;=;1.3800;µg/L
NL89_WISSKKE;03/01/2023;EF;1379;=;0.0294;µg/L
NL89_WISSKKE;24/01/2023;EF;1379;=;0.0401;µg/L
NL89_WISSKKE;23/02/2023;EF;1379;=;0.0339;µg/L
NL89_WISSKKE;20/03/2023;EF;1379;=;0.0496;µg/L
NL89_WISSKKE;18/04/2023;EF;1379;=;0.0333;µg/L
NL89_WISSKKE;15/05/2023;EF;1379;=;0.0614;µg/L
NL89_WISSKKE;13/06/2023;EF;1379;=;0.0441;µg/L
NL89_WISSKKE;10/07/2023;EF;1379;=;0.0575;µg/L
NL89_WISSKKE;08/08/2023;EF;1379;=;0.0388;µg/L
NL89_WISSKKE;05/09/2023;EF;1379;=;0.0488;µg/L
NL89_WISSKKE;03/10/2023;EF;1379;=;0.0403;µg/L
NL89_WISSKKE;31/10/2023;EF;1379;=;0.0396;µg/L
NL89_WISSKKE;28/11/2023;EF;1379;=;0.0409;µg/L
NL89_WISSKKE;03/01/2023;EF;1382;<;0.0200;µg/L
NL89_WISSKKE;24/01/2023;EF;1382;<;0.0200;µg/L
NL89_WISSKKE;23/02/2023;EF;1382;=;0.0202;µg/L
NL89_WISSKKE;20/03/2023;EF;1382;<;0.0200;µg/L
NL89_WISSKKE;18/04/2023;EF;1382;=;0.0260;µg/L
NL89_WISSKKE;15/05/2023;EF;1382;<;0.0200;µg/L
NL89_WISSKKE;13/06/2023;EF;1382;<;0.0200;µg/L
NL89_WISSKKE;10/07/2023;EF;1382;<;0.0200;µg/L
NL89_WISSKKE;08/08/2023;EF;1382;<;0.0200;µg/L
NL89_WISSKKE;05/09/2023;EF;1382;<;0.0200;µg/L
NL89_WISSKKE;03/10/2023;EF;1382;<;0.0200;µg/L
NL89_WISSKKE;31/10/2023;EF;1382;=;0.0209;µg/L
NL89_WISSKKE;28/11/2023;EF;1382;<;0.0200;µg/L
NL89_WISSKKE;03/01/2023;EF;1383;=;2.5300;µg/L
NL89_WISSKKE;24/01/2023;EF;1383;=;5.4000;µg/L
NL89_WISSKKE;23/02/2023;EF;1383;=;2.6400;µg/L
NL89_WISSKKE;20/03/2023;EF;1383;=;16.5000;µg/L
NL89_WISSKKE;18/04/2023;EF;1383;=;3.3600;µg/L
NL89_WISSKKE;15/05/2023;EF;1383;=;0.6510;µg/L
NL89_WISSKKE;13/06/2023;EF;1383;=;1.0500;µg/L
NL89_WISSKKE;10/07/2023;EF;1383;=;1.2700;µg/L
NL89_WISSKKE;08/08/2023;EF;1383;=;1.7300;µg/L
NL89_WISSKKE;05/09/2023;EF;1383;=;0.9280;µg/L
NL89_WISSKKE;03/10/2023;EF;1383;<;0.5000;µg/L
NL89_WISSKKE;31/10/2023;EF;1383;=;0.7940;µg/L
NL89_WISSKKE;28/11/2023;EF;1383;=;1.0100;µg/L
NL89_WISSKKE;03/01/2023;EF;1385;=;0.0902;µg/L
NL89_WISSKKE;24/01/2023;EF;1385;=;0.1100;µg/L
NL89_WISSKKE;23/02/2023;EF;1385;=;0.0966;µg/L
NL89_WISSKKE;20/03/2023;EF;1385;=;0.1030;µg/L
NL89_WISSKKE;18/04/2023;EF;1385;=;0.0836;µg/L
NL89_WISSKKE;15/05/2023;EF;1385;=;0.1110;µg/L
NL89_WISSKKE;13/06/2023;EF;1385;=;0.0875;µg/L
NL89_WISSKKE;10/07/2023;EF;1385;=;0.1230;µg/L
NL89_WISSKKE;08/08/2023;EF;1385;=;0.0881;µg/L
NL89_WISSKKE;05/09/2023;EF;1385;=;0.0878;µg/L
NL89_WISSKKE;03/10/2023;EF;1385;=;0.0740;µg/L
NL89_WISSKKE;31/10/2023;EF;1385;=;0.0847;µg/L
NL89_WISSKKE;28/11/2023;EF;1385;=;0.0923;µg/L
NL89_WISSKKE;03/01/2023;EF;1386;=;0.9990;µg/L
NL89_WISSKKE;24/01/2023;EF;1386;=;0.4970;µg/L
NL89_WISSKKE;23/02/2023;EF;1386;=;0.4280;µg/L
NL89_WISSKKE;20/03/2023;EF;1386;=;0.7290;µg/L
NL89_WISSKKE;18/04/2023;EF;1386;=;0.4200;µg/L
NL89_WISSKKE;15/05/2023;EF;1386;=;0.4500;µg/L
NL89_WISSKKE;13/06/2023;EF;1386;=;0.4270;µg/L
NL89_WISSKKE;10/07/2023;EF;1386;=;0.4870;µg/L
NL89_WISSKKE;08/08/2023;EF;1386;=;0.4900;µg/L
NL89_WISSKKE;05/09/2023;EF;1386;=;0.4140;µg/L
NL89_WISSKKE;03/10/2023;EF;1386;=;0.3690;µg/L
NL89_WISSKKE;31/10/2023;EF;1386;=;0.4630;µg/L
NL89_WISSKKE;28/11/2023;EF;1386;=;0.5580;µg/L
NL89_WISSKKE;03/01/2023;EF;1387;=;0.0001;µg/L
NL89_WISSKKE;24/01/2023;EF;1387;=;0.0001;µg/L
NL89_WISSKKE;23/02/2023;EF;1387;<;0.0001;µg/L
NL89_WISSKKE;20/03/2023;EF;1387;=;0.0001;µg/L
NL89_WISSKKE;18/04/2023;EF;1387;=;0.0002;µg/L
NL89_WISSKKE;15/05/2023;EF;1387;=;0.0002;µg/L
NL89_WISSKKE;13/06/2023;EF;1387;=;0.0001;µg/L
NL89_WISSKKE;10/07/2023;EF;1387;=;0.0002;µg/L
NL89_WISSKKE;08/08/2023;EF;1387;=;0.0002;µg/L
NL89_WISSKKE;05/09/2023;EF;1387;=;0.0001;µg/L
NL89_WISSKKE;03/10/2023;EF;1387;<;0.0003;µg/L
NL89_WISSKKE;31/10/2023;EF;1387;<;0.0003;µg/L
NL89_WISSKKE;28/11/2023;EF;1387;<;0.0003;µg/L
NL89_WISSKKE;03/01/2023;EF;1388;=;0.0170;µg/L
NL89_WISSKKE;24/01/2023;EF;1388;=;0.0195;µg/L
NL89_WISSKKE;23/02/2023;EF;1388;=;0.0177;µg/L
NL89_WISSKKE;20/03/2023;EF;1388;=;0.0170;µg/L
NL89_WISSKKE;18/04/2023;EF;1388;=;0.0174;µg/L
NL89_WISSKKE;15/05/2023;EF;1388;=;0.0140;µg/L
NL89_WISSKKE;13/06/2023;EF;1388;=;0.0098;µg/L
NL89_WISSKKE;10/07/2023;EF;1388;=;0.0118;µg/L
NL89_WISSKKE;08/08/2023;EF;1388;=;0.0124;µg/L
NL89_WISSKKE;05/09/2023;EF;1388;=;0.0101;µg/L
NL89_WISSKKE;03/10/2023;EF;1388;=;0.0114;µg/L
NL89_WISSKKE;31/10/2023;EF;1388;=;0.0128;µg/L
NL89_WISSKKE;28/11/2023;EF;1388;=;0.0140;µg/L
NL89_WISSKKE;03/01/2023;EF;1392;=;0.6600;µg/L
NL89_WISSKKE;24/01/2023;EF;1392;=;0.6940;µg/L
NL89_WISSKKE;23/02/2023;EF;1392;=;0.5070;µg/L
NL89_WISSKKE;20/03/2023;EF;1392;=;0.9130;µg/L
NL89_WISSKKE;18/04/2023;EF;1392;=;0.4720;µg/L
NL89_WISSKKE;15/05/2023;EF;1392;=;0.5190;µg/L
NL89_WISSKKE;13/06/2023;EF;1392;=;0.8650;µg/L
NL89_WISSKKE;10/07/2023;EF;1392;=;0.6960;µg/L
NL89_WISSKKE;08/08/2023;EF;1392;=;0.9020;µg/L
NL89_WISSKKE;05/09/2023;EF;1392;=;0.5240;µg/L
NL89_WISSKKE;03/10/2023;EF;1392;=;0.5230;µg/L
NL89_WISSKKE;31/10/2023;EF;1392;=;0.4780;µg/L
NL89_WISSKKE;28/11/2023;EF;1392;=;0.5240;µg/L
NL89_WISSKKE;03/01/2023;EF;1433;=;0.0169;mg/L P
NL89_WISSKKE;24/01/2023;EF;1433;=;0.0304;mg/L P
NL89_WISSKKE;23/02/2023;EF;1433;=;0.0245;mg/L P
NL89_WISSKKE;20/03/2023;EF;1433;=;0.0489;mg/L P
NL89_WISSKKE;06/04/2023;EF;1433;=;0.0071;mg/L P
NL89_WISSKKE;18/04/2023;EF;1433;=;0.0051;mg/L P
NL89_WISSKKE;02/05/2023;EF;1433;=;0.0067;mg/L P
NL89_WISSKKE;15/05/2023;EF;1433;<;0.0010;mg/L P
NL89_WISSKKE;31/05/2023;EF;1433;=;0.0050;mg/L P
NL89_WISSKKE;13/06/2023;EF;1433;=;0.0067;mg/L P
NL89_WISSKKE;27/06/2023;EF;1433;=;0.0114;mg/L P
NL89_WISSKKE;10/07/2023;EF;1433;=;0.0160;mg/L P
NL89_WISSKKE;24/07/2023;EF;1433;=;0.0113;mg/L P
NL89_WISSKKE;08/08/2023;EF;1433;=;0.0185;mg/L P
NL89_WISSKKE;22/08/2023;EF;1433;=;0.0162;mg/L P
NL89_WISSKKE;05/09/2023;EF;1433;=;0.0402;mg/L P
NL89_WISSKKE;19/09/2023;EF;1433;=;0.0251;mg/L P
NL89_WISSKKE;03/10/2023;EF;1433;=;0.0260;mg/L P
NL89_WISSKKE;31/10/2023;EF;1433;=;0.0371;mg/L P
NL89_WISSKKE;28/11/2023;EF;1433;=;0.0368;mg/L P
NL89_WISSKKE;03/01/2023;EB;1439;=;0.5600;µg/L
NL89_WISSKKE;24/01/2023;EB;1439;=;0.7100;µg/L
NL89_WISSKKE;23/02/2023;EB;1439;=;2.0000;µg/L
NL89_WISSKKE;20/03/2023;EB;1439;=;2.2000;µg/L
NL89_WISSKKE;06/04/2023;EB;1439;=;1.7900;µg/L
NL89_WISSKKE;18/04/2023;EB;1439;=;1.1000;µg/L
NL89_WISSKKE;02/05/2023;EB;1439;=;2.1000;µg/L
NL89_WISSKKE;15/05/2023;EB;1439;=;NV;µg/L
NL89_WISSKKE;31/05/2023;EB;1439;=;1.0700;µg/L
NL89_WISSKKE;13/06/2023;EB;1439;=;0.9000;µg/L
NL89_WISSKKE;27/06/2023;EB;1439;=;3.9000;µg/L
NL89_WISSKKE;10/07/2023;EB;1439;=;1.3200;µg/L
NL89_WISSKKE;24/07/2023;EB;1439;=;3.7000;µg/L
NL89_WISSKKE;08/08/2023;EB;1439;=;1.8800;µg/L
NL89_WISSKKE;22/08/2023;EB;1439;=;1.4900;µg/L
NL89_WISSKKE;05/09/2023;EB;1439;=;NV;µg/L
NL89_WISSKKE;19/09/2023;EB;1439;=;1.3000;µg/L
NL89_WISSKKE;03/10/2023;EB;1439;=;NV;µg/L
NL89_WISSKKE;31/10/2023;EB;1439;=;1.5400;µg/L
NL89_WISSKKE;28/11/2023;EB;1439;=;1.3700;µg/L
NL89_WISSKKE;03/01/2023;EB;1458;<;0.0030;µg/L
NL89_WISSKKE;24/01/2023;EB;1458;<;0.0030;µg/L
NL89_WISSKKE;23/02/2023;EB;1458;<;0.0030;µg/L
NL89_WISSKKE;20/03/2023;EB;1458;<;0.0030;µg/L
NL89_WISSKKE;18/04/2023;EB;1458;<;0.0030;µg/L
NL89_WISSKKE;15/05/2023;EB;1458;<;0.0030;µg/L
NL89_WISSKKE;13/06/2023;EB;1458;<;0.0030;µg/L
NL89_WISSKKE;10/07/2023;EB;1458;<;0.0030;µg/L
NL89_WISSKKE;08/08/2023;EB;1458;<;0.0030;µg/L
NL89_WISSKKE;05/09/2023;EB;1458;<;0.0030;µg/L
NL89_WISSKKE;03/10/2023;EB;1458;<;0.0030;µg/L
NL89_WISSKKE;31/10/2023;EB;1458;<;0.0030;µg/L
NL89_WISSKKE;28/11/2023;EB;1458;<;0.0030;µg/L
NL89_WISSKKE;03/01/2023;EB;1464;<;0.0003;µg/L
NL89_WISSKKE;24/01/2023;EB;1464;<;0.0003;µg/L
NL89_WISSKKE;23/02/2023;EB;1464;<;0.0003;µg/L
NL89_WISSKKE;20/03/2023;EB;1464;<;0.0003;µg/L
NL89_WISSKKE;18/04/2023;EB;1464;<;0.0003;µg/L
NL89_WISSKKE;15/05/2023;EB;1464;<;0.0003;µg/L
NL89_WISSKKE;13/06/2023;EB;1464;<;0.0003;µg/L
NL89_WISSKKE;10/07/2023;EB;1464;<;0.0003;µg/L
NL89_WISSKKE;08/08/2023;EB;1464;<;0.0003;µg/L
NL89_WISSKKE;05/09/2023;EB;1464;<;0.0003;µg/L
NL89_WISSKKE;03/10/2023;EB;1464;<;0.0003;µg/L
NL89_WISSKKE;31/10/2023;EB;1464;<;0.0003;µg/L
NL89_WISSKKE;28/11/2023;EB;1464;<;0.0003;µg/L
NL89_WISSKKE;03/01/2023;EB;1517;=;0.0208;µg/L
NL89_WISSKKE;24/01/2023;EB;1517;<;0.0200;µg/L
NL89_WISSKKE;23/02/2023;EB;1517;=;0.0747;µg/L
NL89_WISSKKE;20/03/2023;EB;1517;<;0.0200;µg/L
NL89_WISSKKE;18/04/2023;EB;1517;<;0.0200;µg/L
NL89_WISSKKE;15/05/2023;EB;1517;<;0.0200;µg/L
NL89_WISSKKE;13/06/2023;EB;1517;<;0.0200;µg/L
NL89_WISSKKE;10/07/2023;EB;1517;<;0.0200;µg/L
NL89_WISSKKE;08/08/2023;EB;1517;<;0.0200;µg/L
NL89_WISSKKE;05/09/2023;EB;1517;<;0.0200;µg/L
NL89_WISSKKE;03/10/2023;EB;1517;<;0.0200;µg/L
NL89_WISSKKE;31/10/2023;EB;1517;<;0.0200;µg/L
NL89_WISSKKE;28/11/2023;EB;1517;<;0.0200;µg/L
NL89_WISSKKE;03/01/2023;EB;1551;=;0.3940;mg/L
NL89_WISSKKE;03/01/2023;EF;1551;=;0.2980;mg/L
NL89_WISSKKE;24/01/2023;EB;1551;=;0.6570;mg/L
NL89_WISSKKE;24/01/2023;EF;1551;=;0.5990;mg/L
NL89_WISSKKE;23/02/2023;EB;1551;=;0.7160;mg/L
NL89_WISSKKE;23/02/2023;EF;1551;=;0.6330;mg/L
NL89_WISSKKE;20/03/2023;EB;1551;=;0.6160;mg/L
NL89_WISSKKE;20/03/2023;EF;1551;=;0.5790;mg/L
NL89_WISSKKE;06/04/2023;EB;1551;=;0.5200;mg/L
NL89_WISSKKE;06/04/2023;EF;1551;=;0.4560;mg/L
NL89_WISSKKE;18/04/2023;EB;1551;=;0.4840;mg/L
NL89_WISSKKE;18/04/2023;EF;1551;=;0.4020;mg/L
NL89_WISSKKE;02/05/2023;EB;1551;=;0.5260;mg/L
NL89_WISSKKE;02/05/2023;EF;1551;=;0.4620;mg/L
NL89_WISSKKE;15/05/2023;EB;1551;=;0.3510;mg/L
NL89_WISSKKE;15/05/2023;EF;1551;=;0.2770;mg/L
NL89_WISSKKE;31/05/2023;EB;1551;=;0.4850;mg/L
NL89_WISSKKE;31/05/2023;EF;1551;=;0.4310;mg/L
NL89_WISSKKE;13/06/2023;EB;1551;=;0.3810;mg/L
NL89_WISSKKE;13/06/2023;EF;1551;=;0.3240;mg/L
NL89_WISSKKE;27/06/2023;EB;1551;=;0.2360;mg/L
NL89_WISSKKE;27/06/2023;EF;1551;=;0.1910;mg/L
NL89_WISSKKE;10/07/2023;EB;1551;=;0.2440;mg/L
NL89_WISSKKE;10/07/2023;EF;1551;=;0.1990;mg/L
NL89_WISSKKE;24/07/2023;EB;1551;=;0.3100;mg/L
NL89_WISSKKE;24/07/2023;EF;1551;=;0.2640;mg/L
NL89_WISSKKE;08/08/2023;EB;1551;=;0.4020;mg/L
NL89_WISSKKE;08/08/2023;EF;1551;=;0.3390;mg/L
NL89_WISSKKE;22/08/2023;EB;1551;=;0.2660;mg/L
NL89_WISSKKE;22/08/2023;EF;1551;=;0.2220;mg/L
NL89_WISSKKE;05/09/2023;EB;1551;=;0.2390;mg/L
NL89_WISSKKE;05/09/2023;EF;1551;=;0.1950;mg/L
NL89_WISSKKE;19/09/2023;EB;1551;=;0.2430;mg/L
NL89_WISSKKE;19/09/2023;EF;1551;=;0.2100;mg/L
NL89_WISSKKE;03/10/2023;EB;1551;=;0.3220;mg/L
NL89_WISSKKE;03/10/2023;EF;1551;=;0.2610;mg/L
NL89_WISSKKE;31/10/2023;EB;1551;=;0.5120;mg/L
NL89_WISSKKE;31/10/2023;EF;1551;=;0.4600;mg/L
NL89_WISSKKE;28/11/2023;EB;1551;=;0.8090;mg/L
NL89_WISSKKE;28/11/2023;EF;1551;=;0.7340;mg/L
NL89_WISSKKE;03/01/2023;EB;1629;<;0.0100;µg/L
NL89_WISSKKE;24/01/2023;EB;1629;<;0.0100;µg/L
NL89_WISSKKE;23/02/2023;EB;1629;<;0.0100;µg/L
NL89_WISSKKE;20/03/2023;EB;1629;<;0.0100;µg/L
NL89_WISSKKE;18/04/2023;EB;1629;<;0.0100;µg/L
NL89_WISSKKE;15/05/2023;EB;1629;<;0.0100;µg/L
NL89_WISSKKE;13/06/2023;EB;1629;<;0.0100;µg/L
NL89_WISSKKE;10/07/2023;EB;1629;<;0.0100;µg/L
NL89_WISSKKE;08/08/2023;EB;1629;<;0.0100;µg/L
NL89_WISSKKE;05/09/2023;EB;1629;<;0.0100;µg/L
NL89_WISSKKE;03/10/2023;EB;1629;<;0.0100;µg/L
NL89_WISSKKE;31/10/2023;EB;1629;<;0.0100;µg/L
NL89_WISSKKE;28/11/2023;EB;1629;<;0.0100;µg/L
NL89_WISSKKE;03/01/2023;EB;1630;<;0.0100;µg/L
NL89_WISSKKE;24/01/2023;EB;1630;<;0.0100;µg/L
NL89_WISSKKE;23/02/2023;EB;1630;<;0.0100;µg/L
NL89_WISSKKE;20/03/2023;EB;1630;<;0.0100;µg/L
NL89_WISSKKE;18/04/2023;EB;1630;<;0.0100;µg/L
NL89_WISSKKE;15/05/2023;EB;1630;<;0.0100;µg/L
NL89_WISSKKE;13/06/2023;EB;1630;<;0.0100;µg/L
NL89_WISSKKE;10/07/2023;EB;1630;<;0.0100;µg/L
NL89_WISSKKE;08/08/2023;EB;1630;<;0.0100;µg/L
NL89_WISSKKE;05/09/2023;EB;1630;<;0.0100;µg/L
NL89_WISSKKE;03/10/2023;EB;1630;<;0.0100;µg/L
NL89_WISSKKE;31/10/2023;EB;1630;<;0.0100;µg/L
NL89_WISSKKE;28/11/2023;EB;1630;<;0.0100;µg/L
NL89_WISSKKE;03/01/2023;EB;1652;<;0.0005;µg/L
NL89_WISSKKE;24/01/2023;EB;1652;<;0.0005;µg/L
NL89_WISSKKE;23/02/2023;EB;1652;<;0.0005;µg/L
NL89_WISSKKE;20/03/2023;EB;1652;<;0.0005;µg/L
NL89_WISSKKE;18/04/2023;EB;1652;<;0.0005;µg/L
NL89_WISSKKE;15/05/2023;EB;1652;<;0.0005;µg/L
NL89_WISSKKE;13/06/2023;EB;1652;<;0.0005;µg/L
NL89_WISSKKE;10/07/2023;EB;1652;<;0.0005;µg/L
NL89_WISSKKE;08/08/2023;EB;1652;<;0.0005;µg/L
NL89_WISSKKE;05/09/2023;EB;1652;<;0.0005;µg/L
NL89_WISSKKE;03/10/2023;EB;1652;<;0.0005;µg/L
NL89_WISSKKE;31/10/2023;EB;1652;<;0.0005;µg/L
NL89_WISSKKE;28/11/2023;EB;1652;<;0.0005;µg/L
NL89_WISSKKE;03/01/2023;EB;1688;<;0.0010;µg/L
NL89_WISSKKE;24/01/2023;EB;1688;<;0.0010;µg/L
NL89_WISSKKE;23/02/2023;EB;1688;<;0.0010;µg/L
NL89_WISSKKE;20/03/2023;EB;1688;<;0.0010;µg/L
NL89_WISSKKE;18/04/2023;EB;1688;<;0.0010;µg/L
NL89_WISSKKE;15/05/2023;EB;1688;<;0.0010;µg/L
NL89_WISSKKE;13/06/2023;EB;1688;<;0.0010;µg/L
NL89_WISSKKE;10/07/2023;EB;1688;<;0.0010;µg/L
NL89_WISSKKE;08/08/2023;EB;1688;<;0.0010;µg/L
NL89_WISSKKE;05/09/2023;EB;1688;<;0.0010;µg/L
NL89_WISSKKE;03/10/2023;EB;1688;<;0.0010;µg/L
NL89_WISSKKE;31/10/2023;EB;1688;<;0.0010;µg/L
NL89_WISSKKE;28/11/2023;EB;1688;<;0.0010;µg/L
NL89_WISSKKE;03/01/2023;EB;1877;<;0.0006;µg/L
NL89_WISSKKE;24/01/2023;EB;1877;<;0.0006;µg/L
NL89_WISSKKE;23/02/2023;EB;1877;<;0.0006;µg/L
NL89_WISSKKE;20/03/2023;EB;1877;<;0.0006;µg/L
NL89_WISSKKE;18/04/2023;EB;1877;<;0.0006;µg/L
NL89_WISSKKE;15/05/2023;EB;1877;<;0.0006;µg/L
NL89_WISSKKE;13/06/2023;EB;1877;=;0.0045;µg/L
NL89_WISSKKE;10/07/2023;EB;1877;<;0.0006;µg/L
NL89_WISSKKE;08/08/2023;EB;1877;<;0.0006;µg/L
NL89_WISSKKE;05/09/2023;EB;1877;<;0.0006;µg/L
NL89_WISSKKE;03/10/2023;EB;1877;<;0.0006;µg/L
NL89_WISSKKE;31/10/2023;EB;1877;<;0.0006;µg/L
NL89_WISSKKE;28/11/2023;EB;1877;<;0.0006;µg/L
NL89_WISSKKE;03/01/2023;EB;1888;<;0.0000;µg/L
NL89_WISSKKE;24/01/2023;EB;1888;<;0.0000;µg/L
NL89_WISSKKE;23/02/2023;EB;1888;<;0.0000;µg/L
NL89_WISSKKE;20/03/2023;EB;1888;<;0.0000;µg/L
NL89_WISSKKE;18/04/2023;EB;1888;<;0.0000;µg/L
NL89_WISSKKE;15/05/2023;EB;1888;<;0.0000;µg/L
NL89_WISSKKE;13/06/2023;EB;1888;=;0.0000;µg/L
NL89_WISSKKE;10/07/2023;EB;1888;<;0.0000;µg/L
NL89_WISSKKE;08/08/2023;EB;1888;<;0.0000;µg/L
NL89_WISSKKE;05/09/2023;EB;1888;<;0.0000;µg/L
NL89_WISSKKE;03/10/2023;EB;1888;<;0.0000;µg/L
NL89_WISSKKE;31/10/2023;EB;1888;<;0.0000;µg/L
NL89_WISSKKE;28/11/2023;EB;1888;<;0.0000;µg/L
NL89_WISSKKE;03/01/2023;EB;1935;<;0.0001;µg/L
NL89_WISSKKE;24/01/2023;EB;1935;<;0.0001;µg/L
NL89_WISSKKE;23/02/2023;EB;1935;<;0.0001;µg/L
NL89_WISSKKE;20/03/2023;EB;1935;<;0.0001;µg/L
NL89_WISSKKE;18/04/2023;EB;1935;<;0.0001;µg/L
NL89_WISSKKE;15/05/2023;EB;1935;<;0.0001;µg/L
NL89_WISSKKE;13/06/2023;EB;1935;<;0.0001;µg/L
NL89_WISSKKE;10/07/2023;EB;1935;<;0.0001;µg/L
NL89_WISSKKE;08/08/2023;EB;1935;<;0.0001;µg/L
NL89_WISSKKE;05/09/2023;EB;1935;<;0.0001;µg/L
NL89_WISSKKE;03/10/2023;EB;1935;<;0.0001;µg/L
NL89_WISSKKE;31/10/2023;EB;1935;<;0.0001;µg/L
NL89_WISSKKE;28/11/2023;EB;1935;<;0.0001;µg/L
NL89_WISSKKE;03/01/2023;EB;1959;<;0.0030;µg/L
NL89_WISSKKE;24/01/2023;EB;1959;<;0.0030;µg/L
NL89_WISSKKE;23/02/2023;EB;1959;<;0.0030;µg/L
NL89_WISSKKE;20/03/2023;EB;1959;<;0.0030;µg/L
NL89_WISSKKE;18/04/2023;EB;1959;=;0.0031;µg/L
NL89_WISSKKE;15/05/2023;EB;1959;<;0.0030;µg/L
NL89_WISSKKE;13/06/2023;EB;1959;<;0.0030;µg/L
NL89_WISSKKE;10/07/2023;EB;1959;<;0.0030;µg/L
NL89_WISSKKE;08/08/2023;EB;1959;<;0.0030;µg/L
NL89_WISSKKE;05/09/2023;EB;1959;<;0.0030;µg/L
NL89_WISSKKE;03/10/2023;EB;1959;<;0.0030;µg/L
NL89_WISSKKE;31/10/2023;EB;1959;<;0.0030;µg/L
NL89_WISSKKE;28/11/2023;EB;1959;<;0.0030;µg/L
NL89_WISSKKE;03/01/2023;EB;2028;<;0.0001;µg/L
NL89_WISSKKE;24/01/2023;EB;2028;<;0.0001;µg/L
NL89_WISSKKE;23/02/2023;EB;2028;<;0.0001;µg/L
NL89_WISSKKE;20/03/2023;EB;2028;<;0.0001;µg/L
NL89_WISSKKE;18/04/2023;EB;2028;<;0.0001;µg/L
NL89_WISSKKE;15/05/2023;EB;2028;<;0.0001;µg/L
NL89_WISSKKE;13/06/2023;EB;2028;<;0.0001;µg/L
NL89_WISSKKE;10/07/2023;EB;2028;<;0.0001;µg/L
NL89_WISSKKE;08/08/2023;EB;2028;<;0.0001;µg/L
NL89_WISSKKE;05/09/2023;EB;2028;<;0.0001;µg/L
NL89_WISSKKE;03/10/2023;EB;2028;<;0.0001;µg/L
NL89_WISSKKE;31/10/2023;EB;2028;<;0.0001;µg/L
NL89_WISSKKE;28/11/2023;EB;2028;<;0.0001;µg/L
NL89_WISSKKE;03/01/2023;EB;2879;=;0.0001;µg/L
NL89_WISSKKE;24/01/2023;EB;2879;=;0.0001;µg/L
NL89_WISSKKE;23/02/2023;EB;2879;=;0.0001;µg/L
NL89_WISSKKE;20/03/2023;EB;2879;<;0.0000;µg/L
NL89_WISSKKE;18/04/2023;EB;2879;=;0.0002;µg/L
NL89_WISSKKE;15/05/2023;EB;2879;<;0.0000;µg/L
NL89_WISSKKE;13/06/2023;EB;2879;<;0.0000;µg/L
NL89_WISSKKE;10/07/2023;EB;2879;<;0.0000;µg/L
NL89_WISSKKE;08/08/2023;EB;2879;<;0.0000;µg/L
NL89_WISSKKE;05/09/2023;EB;2879;<;0.0000;µg/L
NL89_WISSKKE;03/10/2023;EB;2879;<;0.0000;µg/L
NL89_WISSKKE;31/10/2023;EB;2879;<;0.0000;µg/L
NL89_WISSKKE;28/11/2023;EB;2879;=;0.0000;µg/L
NL89_WISSKKE;03/01/2023;EB;2911;<;0.0005;µg/L
NL89_WISSKKE;24/01/2023;EB;2911;<;0.0005;µg/L
NL89_WISSKKE;23/02/2023;EB;2911;<;0.0005;µg/L
NL89_WISSKKE;20/03/2023;EB;2911;<;0.0005;µg/L
NL89_WISSKKE;18/04/2023;EB;2911;<;0.0005;µg/L
NL89_WISSKKE;15/05/2023;EB;2911;<;0.0005;µg/L
NL89_WISSKKE;13/06/2023;EB;2911;<;0.0005;µg/L
NL89_WISSKKE;10/07/2023;EB;2911;<;0.0005;µg/L
NL89_WISSKKE;08/08/2023;EB;2911;<;0.0005;µg/L
NL89_WISSKKE;05/09/2023;EB;2911;<;0.0005;µg/L
NL89_WISSKKE;03/10/2023;EB;2911;<;0.0005;µg/L
NL89_WISSKKE;31/10/2023;EB;2911;<;0.0005;µg/L
NL89_WISSKKE;28/11/2023;EB;2911;<;0.0005;µg/L
NL89_WISSKKE;03/01/2023;EB;2912;<;0.0005;µg/L
NL89_WISSKKE;24/01/2023;EB;2912;<;0.0005;µg/L
NL89_WISSKKE;23/02/2023;EB;2912;<;0.0005;µg/L
NL89_WISSKKE;20/03/2023;EB;2912;<;0.0005;µg/L
NL89_WISSKKE;18/04/2023;EB;2912;<;0.0005;µg/L
NL89_WISSKKE;15/05/2023;EB;2912;<;0.0005;µg/L
NL89_WISSKKE;13/06/2023;EB;2912;<;0.0005;µg/L
NL89_WISSKKE;10/07/2023;EB;2912;<;0.0005;µg/L
NL89_WISSKKE;08/08/2023;EB;2912;<;0.0005;µg/L
NL89_WISSKKE;05/09/2023;EB;2912;<;0.0005;µg/L
NL89_WISSKKE;03/10/2023;EB;2912;<;0.0005;µg/L
NL89_WISSKKE;31/10/2023;EB;2912;<;0.0005;µg/L
NL89_WISSKKE;28/11/2023;EB;2912;<;0.0005;µg/L
NL89_WISSKKE;03/01/2023;EB;2915;<;0.0005;µg/L
NL89_WISSKKE;24/01/2023;EB;2915;<;0.0005;µg/L
NL89_WISSKKE;23/02/2023;EB;2915;<;0.0005;µg/L
NL89_WISSKKE;20/03/2023;EB;2915;<;0.0005;µg/L
NL89_WISSKKE;18/04/2023;EB;2915;<;0.0005;µg/L
NL89_WISSKKE;15/05/2023;EB;2915;<;0.0005;µg/L
NL89_WISSKKE;13/06/2023;EB;2915;<;0.0005;µg/L
NL89_WISSKKE;10/07/2023;EB;2915;<;0.0005;µg/L
NL89_WISSKKE;08/08/2023;EB;2915;<;0.0005;µg/L
NL89_WISSKKE;05/09/2023;EB;2915;<;0.0005;µg/L
NL89_WISSKKE;03/10/2023;EB;2915;<;0.0005;µg/L
NL89_WISSKKE;31/10/2023;EB;2915;<;0.0005;µg/L
NL89_WISSKKE;28/11/2023;EB;2915;<;0.0005;µg/L
NL89_WISSKKE;03/01/2023;EB;2916;<;0.0005;µg/L
NL89_WISSKKE;24/01/2023;EB;2916;<;0.0005;µg/L
NL89_WISSKKE;23/02/2023;EB;2916;<;0.0005;µg/L
NL89_WISSKKE;20/03/2023;EB;2916;<;0.0005;µg/L
NL89_WISSKKE;18/04/2023;EB;2916;<;0.0005;µg/L
NL89_WISSKKE;15/05/2023;EB;2916;<;0.0005;µg/L
NL89_WISSKKE;13/06/2023;EB;2916;<;0.0005;µg/L
NL89_WISSKKE;10/07/2023;EB;2916;<;0.0005;µg/L
NL89_WISSKKE;08/08/2023;EB;2916;<;0.0005;µg/L
NL89_WISSKKE;05/09/2023;EB;2916;<;0.0005;µg/L
NL89_WISSKKE;03/10/2023;EB;2916;<;0.0005;µg/L
NL89_WISSKKE;31/10/2023;EB;2916;<;0.0005;µg/L
NL89_WISSKKE;28/11/2023;EB;2916;<;0.0005;µg/L
NL89_WISSKKE;03/01/2023;EB;2919;<;0.0005;µg/L
NL89_WISSKKE;24/01/2023;EB;2919;<;0.0005;µg/L
NL89_WISSKKE;23/02/2023;EB;2919;<;0.0005;µg/L
NL89_WISSKKE;20/03/2023;EB;2919;<;0.0005;µg/L
NL89_WISSKKE;18/04/2023;EB;2919;<;0.0005;µg/L
NL89_WISSKKE;15/05/2023;EB;2919;<;0.0005;µg/L
NL89_WISSKKE;13/06/2023;EB;2919;<;0.0005;µg/L
NL89_WISSKKE;10/07/2023;EB;2919;<;0.0005;µg/L
NL89_WISSKKE;08/08/2023;EB;2919;<;0.0005;µg/L
NL89_WISSKKE;05/09/2023;EB;2919;<;0.0005;µg/L
NL89_WISSKKE;03/10/2023;EB;2919;<;0.0005;µg/L
NL89_WISSKKE;31/10/2023;EB;2919;<;0.0005;µg/L
NL89_WISSKKE;28/11/2023;EB;2919;<;0.0005;µg/L
NL89_WISSKKE;03/01/2023;EB;2920;<;0.0005;µg/L
NL89_WISSKKE;24/01/2023;EB;2920;<;0.0005;µg/L
NL89_WISSKKE;23/02/2023;EB;2920;<;0.0005;µg/L
NL89_WISSKKE;20/03/2023;EB;2920;<;0.0005;µg/L
NL89_WISSKKE;18/04/2023;EB;2920;<;0.0005;µg/L
NL89_WISSKKE;15/05/2023;EB;2920;<;0.0005;µg/L
NL89_WISSKKE;13/06/2023;EB;2920;<;0.0005;µg/L
NL89_WISSKKE;10/07/2023;EB;2920;<;0.0005;µg/L
NL89_WISSKKE;08/08/2023;EB;2920;<;0.0005;µg/L
NL89_WISSKKE;05/09/2023;EB;2920;<;0.0005;µg/L
NL89_WISSKKE;03/10/2023;EB;2920;<;0.0005;µg/L
NL89_WISSKKE;31/10/2023;EB;2920;<;0.0005;µg/L
NL89_WISSKKE;28/11/2023;EB;2920;<;0.0005;µg/L
NL89_WISSKKE;03/01/2023;EB;5347;=;0.0005;ng/L
NL89_WISSKKE;24/01/2023;EB;5347;=;0.0007;ng/L
NL89_WISSKKE;23/02/2023;EB;5347;=;0.0009;ng/L
NL89_WISSKKE;20/03/2023;EB;5347;=;0.0006;ng/L
NL89_WISSKKE;18/04/2023;EB;5347;=;0.0007;ng/L
NL89_WISSKKE;15/05/2023;EB;5347;=;0.0006;ng/L
NL89_WISSKKE;13/06/2023;EB;5347;=;0.0007;ng/L
NL89_WISSKKE;10/07/2023;EB;5347;=;0.0013;ng/L
NL89_WISSKKE;08/08/2023;EB;5347;=;0.0006;ng/L
NL89_WISSKKE;05/09/2023;EB;5347;=;0.0011;ng/L
NL89_WISSKKE;03/10/2023;EB;5347;=;0.0007;ng/L
NL89_WISSKKE;31/10/2023;EB;5347;=;0.0007;ng/L
NL89_WISSKKE;28/11/2023;EB;5347;=;0.0007;ng/L
NL89_WISSKKE;03/01/2023;EB;5474;<;0.1000;µg/L
NL89_WISSKKE;24/01/2023;EB;5474;<;0.1000;µg/L
NL89_WISSKKE;23/02/2023;EB;5474;<;0.1000;µg/L
NL89_WISSKKE;20/03/2023;EB;5474;<;0.1000;µg/L
NL89_WISSKKE;18/04/2023;EB;5474;<;0.1000;µg/L
NL89_WISSKKE;15/05/2023;EB;5474;<;0.1000;µg/L
NL89_WISSKKE;13/06/2023;EB;5474;<;0.1000;µg/L
NL89_WISSKKE;10/07/2023;EB;5474;<;0.1000;µg/L
NL89_WISSKKE;08/08/2023;EB;5474;<;0.1000;µg/L
NL89_WISSKKE;05/09/2023;EB;5474;<;0.1000;µg/L
NL89_WISSKKE;03/10/2023;EB;5474;<;0.1000;µg/L
NL89_WISSKKE;31/10/2023;EB;5474;<;0.1000;µg/L
NL89_WISSKKE;28/11/2023;EB;5474;<;0.1000;µg/L
NL89_WISSKKE;03/01/2023;EB;5977;=;0.2970;ng/L
NL89_WISSKKE;24/01/2023;EB;5977;=;0.4170;ng/L
NL89_WISSKKE;23/02/2023;EB;5977;=;0.2840;ng/L
NL89_WISSKKE;20/03/2023;EB;5977;=;0.2990;ng/L
NL89_WISSKKE;18/04/2023;EB;5977;=;0.3900;ng/L
NL89_WISSKKE;15/05/2023;EB;5977;=;0.3520;ng/L
NL89_WISSKKE;13/06/2023;EB;5977;=;0.3540;ng/L
NL89_WISSKKE;10/07/2023;EB;5977;=;0.3980;ng/L
NL89_WISSKKE;08/08/2023;EB;5977;=;0.3840;ng/L
NL89_WISSKKE;05/09/2023;EB;5977;=;0.3530;ng/L
NL89_WISSKKE;03/10/2023;EB;5977;=;0.4310;ng/L
NL89_WISSKKE;31/10/2023;EB;5977;=;0.3410;ng/L
NL89_WISSKKE;28/11/2023;EB;5977;=;0.3630;ng/L
NL89_WISSKKE;03/01/2023;EB;5978;=;0.5530;ng/L
NL89_WISSKKE;24/01/2023;EB;5978;=;0.6930;ng/L
NL89_WISSKKE;23/02/2023;EB;5978;=;0.4900;ng/L
NL89_WISSKKE;20/03/2023;EB;5978;=;0.5110;ng/L
NL89_WISSKKE;18/04/2023;EB;5978;=;0.6730;ng/L
NL89_WISSKKE;15/05/2023;EB;5978;=;0.5400;ng/L
NL89_WISSKKE;13/06/2023;EB;5978;=;0.5910;ng/L
NL89_WISSKKE;10/07/2023;EB;5978;=;0.5600;ng/L
NL89_WISSKKE;08/08/2023;EB;5978;=;0.6380;ng/L
NL89_WISSKKE;05/09/2023;EB;5978;=;0.5110;ng/L
NL89_WISSKKE;03/10/2023;EB;5978;=;0.6710;ng/L
NL89_WISSKKE;31/10/2023;EB;5978;=;0.5800;ng/L
NL89_WISSKKE;28/11/2023;EB;5978;=;0.6950;ng/L
NL89_WISSKKE;03/01/2023;EB;5979;=;0.6780;ng/L
NL89_WISSKKE;24/01/2023;EB;5979;=;0.8170;ng/L
NL89_WISSKKE;23/02/2023;EB;5979;=;0.5570;ng/L
NL89_WISSKKE;20/03/2023;EB;5979;=;0.5020;ng/L
NL89_WISSKKE;18/04/2023;EB;5979;=;0.7060;ng/L
NL89_WISSKKE;15/05/2023;EB;5979;=;0.6290;ng/L
NL89_WISSKKE;13/06/2023;EB;5979;=;0.6250;ng/L
NL89_WISSKKE;10/07/2023;EB;5979;=;0.5710;ng/L
NL89_WISSKKE;08/08/2023;EB;5979;=;0.6790;ng/L
NL89_WISSKKE;05/09/2023;EB;5979;=;0.5760;ng/L
NL89_WISSKKE;03/10/2023;EB;5979;=;0.7110;ng/L
NL89_WISSKKE;31/10/2023;EB;5979;=;0.5200;ng/L
NL89_WISSKKE;28/11/2023;EB;5979;=;0.7060;ng/L
NL89_WISSKKE;03/01/2023;EB;6616;<;1000.0000;µg/L
NL89_WISSKKE;24/01/2023;EB;6616;<;1000.0000;µg/L
NL89_WISSKKE;23/02/2023;EB;6616;<;1000.0000;µg/L
NL89_WISSKKE;20/03/2023;EB;6616;<;1000.0000;µg/L
NL89_WISSKKE;18/04/2023;EB;6616;<;1000.0000;µg/L
NL89_WISSKKE;15/05/2023;EB;6616;<;1000.0000;µg/L
NL89_WISSKKE;13/06/2023;EB;6616;<;1000.0000;µg/L
NL89_WISSKKE;10/07/2023;EB;6616;<;1000.0000;µg/L
NL89_WISSKKE;08/08/2023;EB;6616;<;1000.0000;µg/L
NL89_WISSKKE;05/09/2023;EB;6616;<;1000.0000;µg/L
NL89_WISSKKE;03/10/2023;EB;6616;<;1000.0000;µg/L
NL89_WISSKKE;31/10/2023;EB;6616;<;1000.0000;µg/L
NL89_WISSKKE;28/11/2023;EB;6616;<;1000.0000;µg/L
NL89_WISSKKE;03/01/2023;EB;6830;=;0.1800;ng/L
NL89_WISSKKE;24/01/2023;EB;6830;=;0.2550;ng/L
NL89_WISSKKE;23/02/2023;EB;6830;=;0.1650;ng/L
NL89_WISSKKE;20/03/2023;EB;6830;=;0.1840;ng/L
NL89_WISSKKE;18/04/2023;EB;6830;=;0.2320;ng/L
NL89_WISSKKE;15/05/2023;EB;6830;=;0.2090;ng/L
NL89_WISSKKE;13/06/2023;EB;6830;=;0.2160;ng/L
NL89_WISSKKE;10/07/2023;EB;6830;=;0.2090;ng/L
NL89_WISSKKE;08/08/2023;EB;6830;=;0.2290;ng/L
NL89_WISSKKE;05/09/2023;EB;6830;=;0.1820;ng/L
NL89_WISSKKE;03/10/2023;EB;6830;=;0.2450;ng/L
NL89_WISSKKE;31/10/2023;EB;6830;=;0.2090;ng/L
NL89_WISSKKE;28/11/2023;EB;6830;=;0.2340;ng/L
NL89_WISSKKE;03/01/2023;EB;7073;=;0.8140;mg/L
NL89_WISSKKE;20/03/2023;EB;7073;=;0.8660;mg/L
NL89_WISSKKE;13/06/2023;EB;7073;=;1.0500;mg/L
NL89_WISSKKE;05/09/2023;EB;7073;=;0.9960;mg/L
NL89_WISSKKE;28/11/2023;EB;7073;=;0.6820;mg/L
NL89_WISSKKE;03/01/2023;EB;1774;<;0.0300;µg/L
NL89_WISSKKE;24/01/2023;EB;1774;<;0.0300;µg/L
NL89_WISSKKE;23/02/2023;EB;1774;<;0.0300;µg/L
NL89_WISSKKE;20/03/2023;EB;1774;<;0.0300;µg/L
NL89_WISSKKE;18/04/2023;EB;1774;<;0.0300;µg/L
NL89_WISSKKE;15/05/2023;EB;1774;<;0.0300;µg/L
NL89_WISSKKE;13/06/2023;EB;1774;<;0.0300;µg/L
NL89_WISSKKE;10/07/2023;EB;1774;<;0.0300;µg/L
NL89_WISSKKE;08/08/2023;EB;1774;<;0.0300;µg/L
NL89_WISSKKE;05/09/2023;EB;1774;<;0.0300;µg/L
NL89_WISSKKE;03/10/2023;EB;1774;<;0.0300;µg/L
NL89_WISSKKE;31/10/2023;EB;1774;<;0.0300;µg/L
NL89_WISSKKE;28/11/2023;EB;1774;<;0.0300;µg/L
NL89_WISSKKE;03/01/2023;EB;5534;<;0.0018;µg/L
NL89_WISSKKE;24/01/2023;EB;5534;<;0.0018;µg/L
NL89_WISSKKE;23/02/2023;EB;5534;<;0.0018;µg/L
NL89_WISSKKE;20/03/2023;EB;5534;<;0.0018;µg/L
NL89_WISSKKE;18/04/2023;EB;5534;<;0.0018;µg/L
NL89_WISSKKE;15/05/2023;EB;5534;<;0.0018;µg/L
NL89_WISSKKE;13/06/2023;EB;5534;<;0.0018;µg/L
NL89_WISSKKE;10/07/2023;EB;5534;<;0.0018;µg/L
NL89_WISSKKE;08/08/2023;EB;5534;<;0.0018;µg/L
NL89_WISSKKE;05/09/2023;EB;5534;<;0.0018;µg/L
NL89_WISSKKE;03/10/2023;EB;5534;<;0.0018;µg/L
NL89_WISSKKE;31/10/2023;EB;5534;<;0.0018;µg/L
NL89_WISSKKE;28/11/2023;EB;5534;<;0.0018;µg/L
NL89_WISSKKE;03/01/2023;EB;6561;=;0.4890;ng/L
NL89_WISSKKE;24/01/2023;EB;6561;=;0.6690;ng/L
NL89_WISSKKE;23/02/2023;EB;6561;=;0.5640;ng/L
NL89_WISSKKE;20/03/2023;EB;6561;=;0.5760;ng/L
NL89_WISSKKE;18/04/2023;EB;6561;=;0.6650;ng/L
NL89_WISSKKE;15/05/2023;EB;6561;=;0.6550;ng/L
NL89_WISSKKE;13/06/2023;EB;6561;=;0.6810;ng/L
NL89_WISSKKE;10/07/2023;EB;6561;=;0.9530;ng/L
NL89_WISSKKE;08/08/2023;EB;6561;=;0.7500;ng/L
NL89_WISSKKE;05/09/2023;EB;6561;=;0.7390;ng/L
NL89_WISSKKE;03/10/2023;EB;6561;=;1.0020;ng/L
NL89_WISSKKE;31/10/2023;EB;6561;=;0.6060;ng/L
NL89_WISSKKE;28/11/2023;EB;6561;=;0.6620;ng/L
NL89_WISSKKE;03/01/2023;EF;COD;=;1.0900;mg/L
NL89_WISSKKE;24/01/2023;EF;COD;=;1.3600;mg/L
NL89_WISSKKE;23/02/2023;EF;COD;=;1.9300;mg/L
NL89_WISSKKE;20/03/2023;EF;COD;=;1.6200;mg/L
NL89_WISSKKE;06/04/2023;EF;COD;=;2.0200;mg/L
NL89_WISSKKE;18/04/2023;EF;COD;=;1.4900;mg/L
NL89_WISSKKE;02/05/2023;EF;COD;=;1.7800;mg/L
NL89_WISSKKE;15/05/2023;EF;COD;=;1.7500;mg/L
NL89_WISSKKE;31/05/2023;EF;COD;=;1.5500;mg/L
NL89_WISSKKE;13/06/2023;EF;COD;=;2.1200;mg/L
NL89_WISSKKE;27/06/2023;EF;COD;=;2.7500;mg/L
NL89_WISSKKE;10/07/2023;EF;COD;=;3.8700;mg/L
NL89_WISSKKE;24/07/2023;EF;COD;=;1.3100;mg/L
NL89_WISSKKE;08/08/2023;EF;COD;=;1.4900;mg/L
NL89_WISSKKE;22/08/2023;EF;COD;=;1.5000;mg/L
NL89_WISSKKE;05/09/2023;EF;COD;=;1.5700;mg/L
NL89_WISSKKE;19/09/2023;EF;COD;=;1.4600;mg/L
NL89_WISSKKE;03/10/2023;EF;COD;=;1.4700;mg/L
NL89_WISSKKE;31/10/2023;EF;COD;=;2.2100;mg/L
NL89_WISSKKE;28/11/2023;EF;COD;=;2.3100;mg/L
NL89_WISSKKE;03/01/2023;EB;COT;=;1.8100;mg/L
NL89_WISSKKE;24/01/2023;EB;COT;=;1.8700;mg/L
NL89_WISSKKE;23/02/2023;EB;COT;=;2.5900;mg/L
NL89_WISSKKE;20/03/2023;EB;COT;=;1.9400;mg/L
NL89_WISSKKE;18/04/2023;EB;COT;=;2.1300;mg/L
NL89_WISSKKE;15/05/2023;EB;COT;=;2.2100;mg/L
NL89_WISSKKE;13/06/2023;EB;COT;=;2.5300;mg/L
NL89_WISSKKE;10/07/2023;EB;COT;=;4.1700;mg/L
NL89_WISSKKE;08/08/2023;EB;COT;=;2.1900;mg/L
NL89_WISSKKE;05/09/2023;EB;COT;=;1.9000;mg/L
NL89_WISSKKE;03/10/2023;EB;COT;=;1.9400;mg/L
NL89_WISSKKE;31/10/2023;EB;COT;=;2.6500;mg/L
NL89_WISSKKE;28/11/2023;EB;COT;=;2.9500;mg/L
NL95_WALCRN2;18/01/2023;EB;1082;<;0.0030;µg/L
NL95_WALCRN2;15/02/2023;EB;1082;<;0.0030;µg/L
NL95_WALCRN2;22/03/2023;EB;1082;<;0.0030;µg/L
NL95_WALCRN2;19/04/2023;EB;1082;<;0.0030;µg/L
NL95_WALCRN2;05/06/2023;EB;1082;<;0.0030;µg/L
NL95_WALCRN2;19/07/2023;EB;1082;<;0.0030;µg/L
NL95_WALCRN2;31/08/2023;EB;1082;<;0.0030;µg/L
NL95_WALCRN2;27/09/2023;EB;1082;<;0.0030;µg/L
NL95_WALCRN2;11/10/2023;EB;1082;<;0.0030;µg/L
NL95_WALCRN2;25/10/2023;EB;1082;<;0.0030;µg/L
NL95_WALCRN2;14/11/2023;EB;1082;<;0.0030;µg/L
NL95_WALCRN2;05/12/2023;EB;1082;=;NV;µg/L
NL95_WALCRN2;13/12/2023;EB;1082;<;0.0030;µg/L
NL95_WALCRN2;18/01/2023;EB;1083;<;0.0002;µg/L
NL95_WALCRN2;15/02/2023;EB;1083;<;0.0002;µg/L
NL95_WALCRN2;22/03/2023;EB;1083;<;0.0002;µg/L
NL95_WALCRN2;19/04/2023;EB;1083;<;0.0002;µg/L
NL95_WALCRN2;05/06/2023;EB;1083;<;0.0002;µg/L
NL95_WALCRN2;19/07/2023;EB;1083;<;0.0002;µg/L
NL95_WALCRN2;31/08/2023;EB;1083;<;0.0002;µg/L
NL95_WALCRN2;27/09/2023;EB;1083;<;0.0002;µg/L
NL95_WALCRN2;11/10/2023;EB;1083;<;0.0002;µg/L
NL95_WALCRN2;25/10/2023;EB;1083;<;0.0002;µg/L
NL95_WALCRN2;14/11/2023;EB;1083;<;0.0002;µg/L
NL95_WALCRN2;05/12/2023;EB;1083;=;NV;µg/L
NL95_WALCRN2;13/12/2023;EB;1083;<;0.0002;µg/L
NL95_WALCRN2;18/01/2023;EB;1101;<;0.0006;µg/L
NL95_WALCRN2;15/02/2023;EB;1101;<;0.0006;µg/L
NL95_WALCRN2;22/03/2023;EB;1101;<;0.0006;µg/L
NL95_WALCRN2;19/04/2023;EB;1101;<;0.0006;µg/L
NL95_WALCRN2;05/06/2023;EB;1101;<;0.0006;µg/L
NL95_WALCRN2;19/07/2023;EB;1101;<;0.0006;µg/L
NL95_WALCRN2;31/08/2023;EB;1101;<;0.0006;µg/L
NL95_WALCRN2;27/09/2023;EB;1101;<;0.0006;µg/L
NL95_WALCRN2;11/10/2023;EB;1101;<;0.0006;µg/L
NL95_WALCRN2;25/10/2023;EB;1101;<;0.0006;µg/L
NL95_WALCRN2;14/11/2023;EB;1101;<;0.0006;µg/L
NL95_WALCRN2;05/12/2023;EB;1101;=;NV;µg/L
NL95_WALCRN2;13/12/2023;EB;1101;<;0.0006;µg/L
NL95_WALCRN2;18/01/2023;EB;1103;<;0.0003;µg/L
NL95_WALCRN2;15/02/2023;EB;1103;<;0.0003;µg/L
NL95_WALCRN2;22/03/2023;EB;1103;<;0.0003;µg/L
NL95_WALCRN2;19/04/2023;EB;1103;<;0.0003;µg/L
NL95_WALCRN2;05/06/2023;EB;1103;<;0.0003;µg/L
NL95_WALCRN2;19/07/2023;EB;1103;<;0.0003;µg/L
NL95_WALCRN2;31/08/2023;EB;1103;<;0.0003;µg/L
NL95_WALCRN2;27/09/2023;EB;1103;<;0.0003;µg/L
NL95_WALCRN2;11/10/2023;EB;1103;<;0.0003;µg/L
NL95_WALCRN2;25/10/2023;EB;1103;<;0.0003;µg/L
NL95_WALCRN2;14/11/2023;EB;1103;<;0.0003;µg/L
NL95_WALCRN2;05/12/2023;EB;1103;=;NV;µg/L
NL95_WALCRN2;13/12/2023;EB;1103;<;0.0003;µg/L
NL95_WALCRN2;18/01/2023;EB;1107;=;0.0006;µg/L
NL95_WALCRN2;15/02/2023;EB;1107;<;0.0006;µg/L
NL95_WALCRN2;22/03/2023;EB;1107;<;0.0006;µg/L
NL95_WALCRN2;19/04/2023;EB;1107;<;0.0006;µg/L
NL95_WALCRN2;05/06/2023;EB;1107;<;0.0006;µg/L
NL95_WALCRN2;19/07/2023;EB;1107;=;0.0012;µg/L
NL95_WALCRN2;31/08/2023;EB;1107;<;0.0006;µg/L
NL95_WALCRN2;27/09/2023;EB;1107;<;0.0006;µg/L
NL95_WALCRN2;11/10/2023;EB;1107;<;0.0006;µg/L
NL95_WALCRN2;25/10/2023;EB;1107;<;0.0006;µg/L
NL95_WALCRN2;14/11/2023;EB;1107;<;0.0006;µg/L
NL95_WALCRN2;05/12/2023;EB;1107;=;NV;µg/L
NL95_WALCRN2;13/12/2023;EB;1107;<;0.0006;µg/L
NL95_WALCRN2;18/01/2023;EB;1114;<;0.0100;µg/L
NL95_WALCRN2;15/02/2023;EB;1114;<;0.0100;µg/L
NL95_WALCRN2;22/03/2023;EB;1114;<;0.0100;µg/L
NL95_WALCRN2;19/04/2023;EB;1114;<;0.0100;µg/L
NL95_WALCRN2;05/06/2023;EB;1114;<;0.0100;µg/L
NL95_WALCRN2;19/07/2023;EB;1114;<;0.0100;µg/L
NL95_WALCRN2;31/08/2023;EB;1114;<;0.0100;µg/L
NL95_WALCRN2;27/09/2023;EB;1114;<;0.0100;µg/L
NL95_WALCRN2;11/10/2023;EB;1114;<;0.0100;µg/L
NL95_WALCRN2;25/10/2023;EB;1114;<;0.0100;µg/L
NL95_WALCRN2;14/11/2023;EB;1114;<;0.0100;µg/L
NL95_WALCRN2;05/12/2023;EB;1114;=;NV;µg/L
NL95_WALCRN2;13/12/2023;EB;1114;<;0.0100;µg/L
NL95_WALCRN2;18/01/2023;EB;1115;<;0.0020;µg/L
NL95_WALCRN2;15/02/2023;EB;1115;<;0.0020;µg/L
NL95_WALCRN2;22/03/2023;EB;1115;<;0.0020;µg/L
NL95_WALCRN2;19/04/2023;EB;1115;<;0.0020;µg/L
NL95_WALCRN2;05/06/2023;EB;1115;<;0.0020;µg/L
NL95_WALCRN2;19/07/2023;EB;1115;<;0.0020;µg/L
NL95_WALCRN2;31/08/2023;EB;1115;<;0.0020;µg/L
NL95_WALCRN2;27/09/2023;EB;1115;<;0.0020;µg/L
NL95_WALCRN2;11/10/2023;EB;1115;<;0.0020;µg/L
NL95_WALCRN2;25/10/2023;EB;1115;<;0.0020;µg/L
NL95_WALCRN2;14/11/2023;EB;1115;<;0.0020;µg/L
NL95_WALCRN2;05/12/2023;EB;1115;=;NV;µg/L
NL95_WALCRN2;13/12/2023;EB;1115;<;0.0020;µg/L
NL95_WALCRN2;18/01/2023;EB;1117;=;0.0012;µg/L
NL95_WALCRN2;15/02/2023;EB;1117;=;0.0002;µg/L
NL95_WALCRN2;22/03/2023;EB;1117;=;0.0003;µg/L
NL95_WALCRN2;19/04/2023;EB;1117;=;0.0003;µg/L
NL95_WALCRN2;05/06/2023;EB;1117;<;0.0001;µg/L
NL95_WALCRN2;19/07/2023;EB;1117;=;0.0003;µg/L
NL95_WALCRN2;31/08/2023;EB;1117;=;0.0001;µg/L
NL95_WALCRN2;27/09/2023;EB;1117;=;0.0003;µg/L
NL95_WALCRN2;11/10/2023;EB;1117;=;0.0002;µg/L
NL95_WALCRN2;25/10/2023;EB;1117;=;0.0008;µg/L
NL95_WALCRN2;14/11/2023;EB;1117;=;0.0013;µg/L
NL95_WALCRN2;05/12/2023;EB;1117;=;NV;µg/L
NL95_WALCRN2;13/12/2023;EB;1117;=;0.0011;µg/L
NL95_WALCRN2;18/01/2023;EB;1118;=;0.0017;µg/L
NL95_WALCRN2;15/02/2023;EB;1118;=;0.0004;µg/L
NL95_WALCRN2;22/03/2023;EB;1118;=;0.0005;µg/L
NL95_WALCRN2;19/04/2023;EB;1118;=;0.0006;µg/L
NL95_WALCRN2;05/06/2023;EB;1118;=;0.0001;µg/L
NL95_WALCRN2;19/07/2023;EB;1118;=;0.0006;µg/L
NL95_WALCRN2;31/08/2023;EB;1118;=;0.0001;µg/L
NL95_WALCRN2;27/09/2023;EB;1118;=;0.0004;µg/L
NL95_WALCRN2;11/10/2023;EB;1118;=;0.0003;µg/L
NL95_WALCRN2;25/10/2023;EB;1118;=;0.0011;µg/L
NL95_WALCRN2;14/11/2023;EB;1118;=;0.0018;µg/L
NL95_WALCRN2;05/12/2023;EB;1118;=;NV;µg/L
NL95_WALCRN2;13/12/2023;EB;1118;=;0.0016;µg/L
NL95_WALCRN2;18/01/2023;EB;1119;<;0.0004;µg/L
NL95_WALCRN2;15/02/2023;EB;1119;<;0.0004;µg/L
NL95_WALCRN2;22/03/2023;EB;1119;<;0.0004;µg/L
NL95_WALCRN2;19/04/2023;EB;1119;<;0.0004;µg/L
NL95_WALCRN2;05/06/2023;EB;1119;<;0.0004;µg/L
NL95_WALCRN2;19/07/2023;EB;1119;<;0.0004;µg/L
NL95_WALCRN2;31/08/2023;EB;1119;<;0.0004;µg/L
NL95_WALCRN2;27/09/2023;EB;1119;<;0.0004;µg/L
NL95_WALCRN2;11/10/2023;EB;1119;<;0.0004;µg/L
NL95_WALCRN2;25/10/2023;EB;1119;<;0.0004;µg/L
NL95_WALCRN2;14/11/2023;EB;1119;<;0.0004;µg/L
NL95_WALCRN2;05/12/2023;EB;1119;=;NV;µg/L
NL95_WALCRN2;13/12/2023;EB;1119;<;0.0004;µg/L
NL95_WALCRN2;18/01/2023;EB;1135;<;0.0100;µg/L
NL95_WALCRN2;15/02/2023;EB;1135;<;0.0100;µg/L
NL95_WALCRN2;22/03/2023;EB;1135;<;0.0100;µg/L
NL95_WALCRN2;19/04/2023;EB;1135;<;0.0100;µg/L
NL95_WALCRN2;05/06/2023;EB;1135;<;0.0100;µg/L
NL95_WALCRN2;19/07/2023;EB;1135;<;0.0100;µg/L
NL95_WALCRN2;31/08/2023;EB;1135;<;0.0100;µg/L
NL95_WALCRN2;27/09/2023;EB;1135;<;0.0100;µg/L
NL95_WALCRN2;11/10/2023;EB;1135;<;0.0100;µg/L
NL95_WALCRN2;25/10/2023;EB;1135;<;0.0100;µg/L
NL95_WALCRN2;14/11/2023;EB;1135;<;0.0100;µg/L
NL95_WALCRN2;05/12/2023;EB;1135;=;NV;µg/L
NL95_WALCRN2;13/12/2023;EB;1135;<;0.0100;µg/L
NL95_WALCRN2;18/01/2023;EB;1140;<;0.0007;µg/L
NL95_WALCRN2;15/02/2023;EB;1140;<;0.0007;µg/L
NL95_WALCRN2;22/03/2023;EB;1140;<;0.0007;µg/L
NL95_WALCRN2;19/04/2023;EB;1140;<;0.0007;µg/L
NL95_WALCRN2;05/06/2023;EB;1140;<;0.0007;µg/L
NL95_WALCRN2;19/07/2023;EB;1140;<;0.0007;µg/L
NL95_WALCRN2;31/08/2023;EB;1140;<;0.0007;µg/L
NL95_WALCRN2;27/09/2023;EB;1140;<;0.0007;µg/L
NL95_WALCRN2;11/10/2023;EB;1140;<;0.0007;µg/L
NL95_WALCRN2;25/10/2023;EB;1140;<;0.0007;µg/L
NL95_WALCRN2;14/11/2023;EB;1140;<;0.0007;µg/L
NL95_WALCRN2;05/12/2023;EB;1140;=;NV;µg/L
NL95_WALCRN2;13/12/2023;EB;1140;<;0.0007;µg/L
NL95_WALCRN2;18/01/2023;EB;1144;<;0.0003;µg/L
NL95_WALCRN2;15/02/2023;EB;1144;<;0.0003;µg/L
NL95_WALCRN2;22/03/2023;EB;1144;<;0.0003;µg/L
NL95_WALCRN2;19/04/2023;EB;1144;<;0.0003;µg/L
NL95_WALCRN2;05/06/2023;EB;1144;<;0.0003;µg/L
NL95_WALCRN2;19/07/2023;EB;1144;<;0.0003;µg/L
NL95_WALCRN2;31/08/2023;EB;1144;<;0.0003;µg/L
NL95_WALCRN2;27/09/2023;EB;1144;<;0.0003;µg/L
NL95_WALCRN2;11/10/2023;EB;1144;<;0.0003;µg/L
NL95_WALCRN2;25/10/2023;EB;1144;<;0.0003;µg/L
NL95_WALCRN2;14/11/2023;EB;1144;<;0.0003;µg/L
NL95_WALCRN2;05/12/2023;EB;1144;=;NV;µg/L
NL95_WALCRN2;13/12/2023;EB;1144;<;0.0003;µg/L
NL95_WALCRN2;18/01/2023;EB;1146;<;0.0002;µg/L
NL95_WALCRN2;15/02/2023;EB;1146;<;0.0002;µg/L
NL95_WALCRN2;22/03/2023;EB;1146;<;0.0002;µg/L
NL95_WALCRN2;19/04/2023;EB;1146;<;0.0002;µg/L
NL95_WALCRN2;05/06/2023;EB;1146;<;0.0002;µg/L
NL95_WALCRN2;19/07/2023;EB;1146;<;0.0002;µg/L
NL95_WALCRN2;31/08/2023;EB;1146;<;0.0002;µg/L
NL95_WALCRN2;27/09/2023;EB;1146;<;0.0002;µg/L
NL95_WALCRN2;11/10/2023;EB;1146;<;0.0002;µg/L
NL95_WALCRN2;25/10/2023;EB;1146;<;0.0002;µg/L
NL95_WALCRN2;14/11/2023;EB;1146;<;0.0002;µg/L
NL95_WALCRN2;05/12/2023;EB;1146;=;NV;µg/L
NL95_WALCRN2;13/12/2023;EB;1146;<;0.0002;µg/L
NL95_WALCRN2;18/01/2023;EB;1147;<;0.0006;µg/L
NL95_WALCRN2;15/02/2023;EB;1147;<;0.0006;µg/L
NL95_WALCRN2;22/03/2023;EB;1147;<;0.0006;µg/L
NL95_WALCRN2;19/04/2023;EB;1147;<;0.0006;µg/L
NL95_WALCRN2;05/06/2023;EB;1147;<;0.0006;µg/L
NL95_WALCRN2;19/07/2023;EB;1147;<;0.0006;µg/L
NL95_WALCRN2;31/08/2023;EB;1147;<;0.0006;µg/L
NL95_WALCRN2;27/09/2023;EB;1147;<;0.0006;µg/L
NL95_WALCRN2;11/10/2023;EB;1147;<;0.0006;µg/L
NL95_WALCRN2;25/10/2023;EB;1147;<;0.0006;µg/L
NL95_WALCRN2;14/11/2023;EB;1147;<;0.0006;µg/L
NL95_WALCRN2;05/12/2023;EB;1147;=;NV;µg/L
NL95_WALCRN2;13/12/2023;EB;1147;<;0.0006;µg/L
NL95_WALCRN2;18/01/2023;EB;1148;<;0.0002;µg/L
NL95_WALCRN2;15/02/2023;EB;1148;<;0.0002;µg/L
NL95_WALCRN2;22/03/2023;EB;1148;<;0.0002;µg/L
NL95_WALCRN2;19/04/2023;EB;1148;<;0.0002;µg/L
NL95_WALCRN2;05/06/2023;EB;1148;<;0.0002;µg/L
NL95_WALCRN2;19/07/2023;EB;1148;<;0.0002;µg/L
NL95_WALCRN2;31/08/2023;EB;1148;<;0.0002;µg/L
NL95_WALCRN2;27/09/2023;EB;1148;<;0.0002;µg/L
NL95_WALCRN2;11/10/2023;EB;1148;<;0.0002;µg/L
NL95_WALCRN2;25/10/2023;EB;1148;<;0.0002;µg/L
NL95_WALCRN2;14/11/2023;EB;1148;<;0.0002;µg/L
NL95_WALCRN2;05/12/2023;EB;1148;=;NV;µg/L
NL95_WALCRN2;13/12/2023;EB;1148;<;0.0002;µg/L
NL95_WALCRN2;18/01/2023;EB;1161;<;0.0100;µg/L
NL95_WALCRN2;15/02/2023;EB;1161;<;0.0100;µg/L
NL95_WALCRN2;22/03/2023;EB;1161;<;0.0100;µg/L
NL95_WALCRN2;19/04/2023;EB;1161;<;0.0100;µg/L
NL95_WALCRN2;05/06/2023;EB;1161;<;0.0100;µg/L
NL95_WALCRN2;19/07/2023;EB;1161;<;0.0100;µg/L
NL95_WALCRN2;31/08/2023;EB;1161;<;0.0100;µg/L
NL95_WALCRN2;27/09/2023;EB;1161;<;0.0100;µg/L
NL95_WALCRN2;11/10/2023;EB;1161;<;0.0100;µg/L
NL95_WALCRN2;25/10/2023;EB;1161;<;0.0100;µg/L
NL95_WALCRN2;14/11/2023;EB;1161;<;0.0100;µg/L
NL95_WALCRN2;05/12/2023;EB;1161;=;NV;µg/L
NL95_WALCRN2;13/12/2023;EB;1161;<;0.0100;µg/L
NL95_WALCRN2;18/01/2023;EB;1168;<;0.5000;µg/L
NL95_WALCRN2;15/02/2023;EB;1168;<;0.5000;µg/L
NL95_WALCRN2;22/03/2023;EB;1168;<;0.5000;µg/L
NL95_WALCRN2;19/04/2023;EB;1168;<;0.5000;µg/L
NL95_WALCRN2;05/06/2023;EB;1168;<;0.5000;µg/L
NL95_WALCRN2;19/07/2023;EB;1168;<;0.5000;µg/L
NL95_WALCRN2;31/08/2023;EB;1168;<;0.5000;µg/L
NL95_WALCRN2;27/09/2023;EB;1168;<;0.5000;µg/L
NL95_WALCRN2;11/10/2023;EB;1168;<;0.5000;µg/L
NL95_WALCRN2;25/10/2023;EB;1168;<;0.5000;µg/L
NL95_WALCRN2;14/11/2023;EB;1168;<;0.5000;µg/L
NL95_WALCRN2;05/12/2023;EB;1168;=;NV;µg/L
NL95_WALCRN2;13/12/2023;EB;1168;<;0.5000;µg/L
NL95_WALCRN2;18/01/2023;EB;1170;<;0.0003;µg/L
NL95_WALCRN2;15/02/2023;EB;1170;<;0.0003;µg/L
NL95_WALCRN2;22/03/2023;EB;1170;<;0.0003;µg/L
NL95_WALCRN2;19/04/2023;EB;1170;<;0.0003;µg/L
NL95_WALCRN2;05/06/2023;EB;1170;<;0.0003;µg/L
NL95_WALCRN2;19/07/2023;EB;1170;<;0.0003;µg/L
NL95_WALCRN2;31/08/2023;EB;1170;<;0.0003;µg/L
NL95_WALCRN2;27/09/2023;EB;1170;<;0.0003;µg/L
NL95_WALCRN2;11/10/2023;EB;1170;<;0.0003;µg/L
NL95_WALCRN2;25/10/2023;EB;1170;<;0.0003;µg/L
NL95_WALCRN2;14/11/2023;EB;1170;<;0.0003;µg/L
NL95_WALCRN2;05/12/2023;EB;1170;=;NV;µg/L
NL95_WALCRN2;13/12/2023;EB;1170;<;0.0003;µg/L
NL95_WALCRN2;18/01/2023;EB;1172;<;0.0001;µg/L
NL95_WALCRN2;15/02/2023;EB;1172;<;0.0001;µg/L
NL95_WALCRN2;22/03/2023;EB;1172;<;0.0001;µg/L
NL95_WALCRN2;19/04/2023;EB;1172;<;0.0001;µg/L
NL95_WALCRN2;05/06/2023;EB;1172;<;0.0001;µg/L
NL95_WALCRN2;19/07/2023;EB;1172;<;0.0001;µg/L
NL95_WALCRN2;31/08/2023;EB;1172;=;0.0001;µg/L
NL95_WALCRN2;27/09/2023;EB;1172;<;0.0001;µg/L
NL95_WALCRN2;11/10/2023;EB;1172;<;0.0001;µg/L
NL95_WALCRN2;25/10/2023;EB;1172;<;0.0001;µg/L
NL95_WALCRN2;14/11/2023;EB;1172;<;0.0001;µg/L
NL95_WALCRN2;05/12/2023;EB;1172;=;NV;µg/L
NL95_WALCRN2;13/12/2023;EB;1172;<;0.0001;µg/L
NL95_WALCRN2;18/01/2023;EB;1173;<;0.0002;µg/L
NL95_WALCRN2;15/02/2023;EB;1173;<;0.0002;µg/L
NL95_WALCRN2;22/03/2023;EB;1173;<;0.0002;µg/L
NL95_WALCRN2;19/04/2023;EB;1173;<;0.0002;µg/L
NL95_WALCRN2;05/06/2023;EB;1173;<;0.0002;µg/L
NL95_WALCRN2;19/07/2023;EB;1173;<;0.0002;µg/L
NL95_WALCRN2;31/08/2023;EB;1173;<;0.0002;µg/L
NL95_WALCRN2;27/09/2023;EB;1173;<;0.0002;µg/L
NL95_WALCRN2;11/10/2023;EB;1173;<;0.0002;µg/L
NL95_WALCRN2;25/10/2023;EB;1173;<;0.0002;µg/L
NL95_WALCRN2;14/11/2023;EB;1173;<;0.0002;µg/L
NL95_WALCRN2;05/12/2023;EB;1173;=;NV;µg/L
NL95_WALCRN2;13/12/2023;EB;1173;<;0.0002;µg/L
NL95_WALCRN2;18/01/2023;EB;1177;<;0.0009;µg/L
NL95_WALCRN2;15/02/2023;EB;1177;<;0.0009;µg/L
NL95_WALCRN2;22/03/2023;EB;1177;<;0.0009;µg/L
NL95_WALCRN2;19/04/2023;EB;1177;<;0.0009;µg/L
NL95_WALCRN2;05/06/2023;EB;1177;<;0.0009;µg/L
NL95_WALCRN2;19/07/2023;EB;1177;=;0.0032;µg/L
NL95_WALCRN2;31/08/2023;EB;1177;<;0.0009;µg/L
NL95_WALCRN2;27/09/2023;EB;1177;<;0.0009;µg/L
NL95_WALCRN2;11/10/2023;EB;1177;<;0.0009;µg/L
NL95_WALCRN2;25/10/2023;EB;1177;<;0.0009;µg/L
NL95_WALCRN2;14/11/2023;EB;1177;<;0.0009;µg/L
NL95_WALCRN2;05/12/2023;EB;1177;=;NV;µg/L
NL95_WALCRN2;13/12/2023;EB;1177;<;0.0009;µg/L
NL95_WALCRN2;18/01/2023;EB;1178;<;0.0004;µg/L
NL95_WALCRN2;15/02/2023;EB;1178;<;0.0004;µg/L
NL95_WALCRN2;22/03/2023;EB;1178;<;0.0004;µg/L
NL95_WALCRN2;19/04/2023;EB;1178;<;0.0004;µg/L
NL95_WALCRN2;05/06/2023;EB;1178;<;0.0004;µg/L
NL95_WALCRN2;19/07/2023;EB;1178;<;0.0004;µg/L
NL95_WALCRN2;31/08/2023;EB;1178;<;0.0004;µg/L
NL95_WALCRN2;27/09/2023;EB;1178;<;0.0004;µg/L
NL95_WALCRN2;11/10/2023;EB;1178;<;0.0004;µg/L
NL95_WALCRN2;25/10/2023;EB;1178;<;0.0004;µg/L
NL95_WALCRN2;14/11/2023;EB;1178;<;0.0004;µg/L
NL95_WALCRN2;05/12/2023;EB;1178;=;NV;µg/L
NL95_WALCRN2;13/12/2023;EB;1178;<;0.0004;µg/L
NL95_WALCRN2;18/01/2023;EB;1179;<;0.0003;µg/L
NL95_WALCRN2;15/02/2023;EB;1179;<;0.0003;µg/L
NL95_WALCRN2;22/03/2023;EB;1179;<;0.0003;µg/L
NL95_WALCRN2;19/04/2023;EB;1179;<;0.0003;µg/L
NL95_WALCRN2;05/06/2023;EB;1179;<;0.0003;µg/L
NL95_WALCRN2;19/07/2023;EB;1179;<;0.0003;µg/L
NL95_WALCRN2;31/08/2023;EB;1179;<;0.0003;µg/L
NL95_WALCRN2;27/09/2023;EB;1179;<;0.0003;µg/L
NL95_WALCRN2;11/10/2023;EB;1179;<;0.0003;µg/L
NL95_WALCRN2;25/10/2023;EB;1179;<;0.0003;µg/L
NL95_WALCRN2;14/11/2023;EB;1179;<;0.0003;µg/L
NL95_WALCRN2;05/12/2023;EB;1179;=;NV;µg/L
NL95_WALCRN2;13/12/2023;EB;1179;<;0.0003;µg/L
NL95_WALCRN2;18/01/2023;EB;1181;<;0.0010;µg/L
NL95_WALCRN2;15/02/2023;EB;1181;<;0.0010;µg/L
NL95_WALCRN2;22/03/2023;EB;1181;<;0.0010;µg/L
NL95_WALCRN2;19/04/2023;EB;1181;<;0.0010;µg/L
NL95_WALCRN2;05/06/2023;EB;1181;<;0.0010;µg/L
NL95_WALCRN2;19/07/2023;EB;1181;<;0.0010;µg/L
NL95_WALCRN2;31/08/2023;EB;1181;<;0.0010;µg/L
NL95_WALCRN2;27/09/2023;EB;1181;<;0.0010;µg/L
NL95_WALCRN2;11/10/2023;EB;1181;<;0.0010;µg/L
NL95_WALCRN2;25/10/2023;EB;1181;<;0.0010;µg/L
NL95_WALCRN2;14/11/2023;EB;1181;<;0.0010;µg/L
NL95_WALCRN2;05/12/2023;EB;1181;=;NV;µg/L
NL95_WALCRN2;13/12/2023;EB;1181;<;0.0010;µg/L
NL95_WALCRN2;18/01/2023;EB;1191;<;0.0040;µg/L
NL95_WALCRN2;15/02/2023;EB;1191;<;0.0040;µg/L
NL95_WALCRN2;22/03/2023;EB;1191;<;0.0040;µg/L
NL95_WALCRN2;19/04/2023;EB;1191;<;0.0040;µg/L
NL95_WALCRN2;05/06/2023;EB;1191;<;0.0040;µg/L
NL95_WALCRN2;19/07/2023;EB;1191;<;0.0040;µg/L
NL95_WALCRN2;31/08/2023;EB;1191;<;0.0040;µg/L
NL95_WALCRN2;27/09/2023;EB;1191;<;0.0040;µg/L
NL95_WALCRN2;11/10/2023;EB;1191;<;0.0040;µg/L
NL95_WALCRN2;25/10/2023;EB;1191;<;0.0040;µg/L
NL95_WALCRN2;14/11/2023;EB;1191;<;0.0040;µg/L
NL95_WALCRN2;05/12/2023;EB;1191;=;NV;µg/L
NL95_WALCRN2;13/12/2023;EB;1191;<;0.0040;µg/L
NL95_WALCRN2;18/01/2023;EB;1197;<;0.0001;µg/L
NL95_WALCRN2;15/02/2023;EB;1197;<;0.0001;µg/L
NL95_WALCRN2;22/03/2023;EB;1197;<;0.0001;µg/L
NL95_WALCRN2;19/04/2023;EB;1197;<;0.0001;µg/L
NL95_WALCRN2;05/06/2023;EB;1197;<;0.0001;µg/L
NL95_WALCRN2;19/07/2023;EB;1197;<;0.0001;µg/L
NL95_WALCRN2;31/08/2023;EB;1197;<;0.0001;µg/L
NL95_WALCRN2;27/09/2023;EB;1197;<;0.0001;µg/L
NL95_WALCRN2;11/10/2023;EB;1197;<;0.0001;µg/L
NL95_WALCRN2;25/10/2023;EB;1197;<;0.0001;µg/L
NL95_WALCRN2;14/11/2023;EB;1197;<;0.0001;µg/L
NL95_WALCRN2;05/12/2023;EB;1197;=;NV;µg/L
NL95_WALCRN2;13/12/2023;EB;1197;<;0.0001;µg/L
NL95_WALCRN2;18/01/2023;EB;1198;<;0.0001;µg/L
NL95_WALCRN2;15/02/2023;EB;1198;<;0.0001;µg/L
NL95_WALCRN2;22/03/2023;EB;1198;<;0.0001;µg/L
NL95_WALCRN2;19/04/2023;EB;1198;<;0.0001;µg/L
NL95_WALCRN2;05/06/2023;EB;1198;<;0.0001;µg/L
NL95_WALCRN2;19/07/2023;EB;1198;<;0.0001;µg/L
NL95_WALCRN2;31/08/2023;EB;1198;<;0.0001;µg/L
NL95_WALCRN2;27/09/2023;EB;1198;<;0.0001;µg/L
NL95_WALCRN2;11/10/2023;EB;1198;<;0.0001;µg/L
NL95_WALCRN2;25/10/2023;EB;1198;<;0.0001;µg/L
NL95_WALCRN2;14/11/2023;EB;1198;<;0.0001;µg/L
NL95_WALCRN2;05/12/2023;EB;1198;=;NV;µg/L
NL95_WALCRN2;13/12/2023;EB;1198;<;0.0001;µg/L
NL95_WALCRN2;18/01/2023;EB;1199;<;0.0002;µg/L
NL95_WALCRN2;15/02/2023;EB;1199;<;0.0002;µg/L
NL95_WALCRN2;22/03/2023;EB;1199;<;0.0002;µg/L
NL95_WALCRN2;19/04/2023;EB;1199;<;0.0002;µg/L
NL95_WALCRN2;05/06/2023;EB;1199;<;0.0002;µg/L
NL95_WALCRN2;19/07/2023;EB;1199;<;0.0002;µg/L
NL95_WALCRN2;31/08/2023;EB;1199;<;0.0002;µg/L
NL95_WALCRN2;27/09/2023;EB;1199;<;0.0002;µg/L
NL95_WALCRN2;11/10/2023;EB;1199;<;0.0002;µg/L
NL95_WALCRN2;25/10/2023;EB;1199;<;0.0002;µg/L
NL95_WALCRN2;14/11/2023;EB;1199;<;0.0002;µg/L
NL95_WALCRN2;05/12/2023;EB;1199;=;NV;µg/L
NL95_WALCRN2;13/12/2023;EB;1199;<;0.0002;µg/L
NL95_WALCRN2;18/01/2023;EB;1200;<;0.0001;µg/L
NL95_WALCRN2;15/02/2023;EB;1200;<;0.0001;µg/L
NL95_WALCRN2;22/03/2023;EB;1200;<;0.0001;µg/L
NL95_WALCRN2;19/04/2023;EB;1200;<;0.0001;µg/L
NL95_WALCRN2;05/06/2023;EB;1200;<;0.0001;µg/L
NL95_WALCRN2;19/07/2023;EB;1200;<;0.0001;µg/L
NL95_WALCRN2;31/08/2023;EB;1200;<;0.0001;µg/L
NL95_WALCRN2;27/09/2023;EB;1200;<;0.0001;µg/L
NL95_WALCRN2;11/10/2023;EB;1200;<;0.0001;µg/L
NL95_WALCRN2;25/10/2023;EB;1200;<;0.0001;µg/L
NL95_WALCRN2;14/11/2023;EB;1200;<;0.0001;µg/L
NL95_WALCRN2;05/12/2023;EB;1200;=;NV;µg/L
NL95_WALCRN2;13/12/2023;EB;1200;<;0.0001;µg/L
NL95_WALCRN2;18/01/2023;EB;1201;<;0.0001;µg/L
NL95_WALCRN2;15/02/2023;EB;1201;<;0.0001;µg/L
NL95_WALCRN2;22/03/2023;EB;1201;<;0.0001;µg/L
NL95_WALCRN2;19/04/2023;EB;1201;<;0.0001;µg/L
NL95_WALCRN2;05/06/2023;EB;1201;<;0.0001;µg/L
NL95_WALCRN2;19/07/2023;EB;1201;<;0.0001;µg/L
NL95_WALCRN2;31/08/2023;EB;1201;<;0.0001;µg/L
NL95_WALCRN2;27/09/2023;EB;1201;<;0.0001;µg/L
NL95_WALCRN2;11/10/2023;EB;1201;<;0.0001;µg/L
NL95_WALCRN2;25/10/2023;EB;1201;<;0.0001;µg/L
NL95_WALCRN2;14/11/2023;EB;1201;<;0.0001;µg/L
NL95_WALCRN2;05/12/2023;EB;1201;=;NV;µg/L
NL95_WALCRN2;13/12/2023;EB;1201;<;0.0001;µg/L
NL95_WALCRN2;18/01/2023;EB;1202;<;0.0001;µg/L
NL95_WALCRN2;15/02/2023;EB;1202;<;0.0001;µg/L
NL95_WALCRN2;22/03/2023;EB;1202;<;0.0001;µg/L
NL95_WALCRN2;19/04/2023;EB;1202;<;0.0001;µg/L
NL95_WALCRN2;05/06/2023;EB;1202;<;0.0001;µg/L
NL95_WALCRN2;19/07/2023;EB;1202;<;0.0001;µg/L
NL95_WALCRN2;31/08/2023;EB;1202;<;0.0001;µg/L
NL95_WALCRN2;27/09/2023;EB;1202;<;0.0001;µg/L
NL95_WALCRN2;11/10/2023;EB;1202;<;0.0001;µg/L
NL95_WALCRN2;25/10/2023;EB;1202;<;0.0001;µg/L
NL95_WALCRN2;14/11/2023;EB;1202;<;0.0001;µg/L
NL95_WALCRN2;05/12/2023;EB;1202;=;NV;µg/L
NL95_WALCRN2;13/12/2023;EB;1202;<;0.0001;µg/L
NL95_WALCRN2;18/01/2023;EB;1203;<;0.0001;µg/L
NL95_WALCRN2;15/02/2023;EB;1203;<;0.0001;µg/L
NL95_WALCRN2;22/03/2023;EB;1203;<;0.0001;µg/L
NL95_WALCRN2;19/04/2023;EB;1203;<;0.0001;µg/L
NL95_WALCRN2;05/06/2023;EB;1203;<;0.0001;µg/L
NL95_WALCRN2;19/07/2023;EB;1203;<;0.0001;µg/L
NL95_WALCRN2;31/08/2023;EB;1203;<;0.0001;µg/L
NL95_WALCRN2;27/09/2023;EB;1203;<;0.0001;µg/L
NL95_WALCRN2;11/10/2023;EB;1203;<;0.0001;µg/L
NL95_WALCRN2;25/10/2023;EB;1203;<;0.0001;µg/L
NL95_WALCRN2;14/11/2023;EB;1203;<;0.0001;µg/L
NL95_WALCRN2;05/12/2023;EB;1203;=;NV;µg/L
NL95_WALCRN2;13/12/2023;EB;1203;<;0.0001;µg/L
NL95_WALCRN2;18/01/2023;EB;1204;=;0.0018;µg/L
NL95_WALCRN2;15/02/2023;EB;1204;=;0.0003;µg/L
NL95_WALCRN2;22/03/2023;EB;1204;=;0.0004;µg/L
NL95_WALCRN2;19/04/2023;EB;1204;=;0.0004;µg/L
NL95_WALCRN2;05/06/2023;EB;1204;<;0.0002;µg/L
NL95_WALCRN2;19/07/2023;EB;1204;=;0.0005;µg/L
NL95_WALCRN2;31/08/2023;EB;1204;<;0.0002;µg/L
NL95_WALCRN2;27/09/2023;EB;1204;=;0.0004;µg/L
NL95_WALCRN2;11/10/2023;EB;1204;=;0.0003;µg/L
NL95_WALCRN2;25/10/2023;EB;1204;=;0.0011;µg/L
NL95_WALCRN2;14/11/2023;EB;1204;=;0.0019;µg/L
NL95_WALCRN2;05/12/2023;EB;1204;=;NV;µg/L
NL95_WALCRN2;13/12/2023;EB;1204;=;0.0015;µg/L
NL95_WALCRN2;18/01/2023;EB;1207;<;0.0003;µg/L
NL95_WALCRN2;15/02/2023;EB;1207;<;0.0003;µg/L
NL95_WALCRN2;22/03/2023;EB;1207;<;0.0003;µg/L
NL95_WALCRN2;19/04/2023;EB;1207;<;0.0003;µg/L
NL95_WALCRN2;05/06/2023;EB;1207;<;0.0003;µg/L
NL95_WALCRN2;19/07/2023;EB;1207;<;0.0003;µg/L
NL95_WALCRN2;31/08/2023;EB;1207;<;0.0003;µg/L
NL95_WALCRN2;27/09/2023;EB;1207;<;0.0003;µg/L
NL95_WALCRN2;11/10/2023;EB;1207;<;0.0003;µg/L
NL95_WALCRN2;25/10/2023;EB;1207;<;0.0003;µg/L
NL95_WALCRN2;14/11/2023;EB;1207;<;0.0003;µg/L
NL95_WALCRN2;05/12/2023;EB;1207;=;NV;µg/L
NL95_WALCRN2;13/12/2023;EB;1207;<;0.0003;µg/L
NL95_WALCRN2;18/01/2023;EB;1208;<;0.0002;µg/L
NL95_WALCRN2;15/02/2023;EB;1208;<;0.0002;µg/L
NL95_WALCRN2;22/03/2023;EB;1208;<;0.0002;µg/L
NL95_WALCRN2;19/04/2023;EB;1208;<;0.0002;µg/L
NL95_WALCRN2;05/06/2023;EB;1208;<;0.0002;µg/L
NL95_WALCRN2;19/07/2023;EB;1208;=;0.0005;µg/L
NL95_WALCRN2;31/08/2023;EB;1208;<;0.0002;µg/L
NL95_WALCRN2;27/09/2023;EB;1208;<;0.0002;µg/L
NL95_WALCRN2;11/10/2023;EB;1208;<;0.0002;µg/L
NL95_WALCRN2;25/10/2023;EB;1208;<;0.0002;µg/L
NL95_WALCRN2;14/11/2023;EB;1208;<;0.0002;µg/L
NL95_WALCRN2;05/12/2023;EB;1208;=;NV;µg/L
NL95_WALCRN2;13/12/2023;EB;1208;=;0.0002;µg/L
NL95_WALCRN2;18/01/2023;EB;1235;<;0.1000;µg/L
NL95_WALCRN2;15/02/2023;EB;1235;<;0.1000;µg/L
NL95_WALCRN2;22/03/2023;EB;1235;<;0.1000;µg/L
NL95_WALCRN2;19/04/2023;EB;1235;<;0.1000;µg/L
NL95_WALCRN2;05/06/2023;EB;1235;<;0.1000;µg/L
NL95_WALCRN2;19/07/2023;EB;1235;<;0.1000;µg/L
NL95_WALCRN2;31/08/2023;EB;1235;<;0.1000;µg/L
NL95_WALCRN2;27/09/2023;EB;1235;<;0.1000;µg/L
NL95_WALCRN2;11/10/2023;EB;1235;<;0.1000;µg/L
NL95_WALCRN2;25/10/2023;EB;1235;<;0.1000;µg/L
NL95_WALCRN2;14/11/2023;EB;1235;<;0.1000;µg/L
NL95_WALCRN2;05/12/2023;EB;1235;=;NV;µg/L
NL95_WALCRN2;13/12/2023;EB;1235;<;0.1000;µg/L
NL95_WALCRN2;18/01/2023;EB;1263;<;0.0005;µg/L
NL95_WALCRN2;15/02/2023;EB;1263;<;0.0005;µg/L
NL95_WALCRN2;22/03/2023;EB;1263;<;0.0005;µg/L
NL95_WALCRN2;19/04/2023;EB;1263;<;0.0005;µg/L
NL95_WALCRN2;05/06/2023;EB;1263;<;0.0005;µg/L
NL95_WALCRN2;19/07/2023;EB;1263;=;0.0007;µg/L
NL95_WALCRN2;31/08/2023;EB;1263;<;0.0005;µg/L
NL95_WALCRN2;27/09/2023;EB;1263;<;0.0005;µg/L
NL95_WALCRN2;11/10/2023;EB;1263;<;0.0005;µg/L
NL95_WALCRN2;25/10/2023;EB;1263;<;0.0005;µg/L
NL95_WALCRN2;14/11/2023;EB;1263;<;0.0005;µg/L
NL95_WALCRN2;05/12/2023;EB;1263;=;NV;µg/L
NL95_WALCRN2;13/12/2023;EB;1263;<;0.0005;µg/L
NL95_WALCRN2;18/01/2023;EB;1269;<;0.0006;µg/L
NL95_WALCRN2;15/02/2023;EB;1269;<;0.0006;µg/L
NL95_WALCRN2;22/03/2023;EB;1269;<;0.0006;µg/L
NL95_WALCRN2;19/04/2023;EB;1269;<;0.0006;µg/L
NL95_WALCRN2;05/06/2023;EB;1269;<;0.0006;µg/L
NL95_WALCRN2;19/07/2023;EB;1269;=;0.0008;µg/L
NL95_WALCRN2;31/08/2023;EB;1269;<;0.0006;µg/L
NL95_WALCRN2;27/09/2023;EB;1269;<;0.0006;µg/L
NL95_WALCRN2;11/10/2023;EB;1269;<;0.0006;µg/L
NL95_WALCRN2;25/10/2023;EB;1269;<;0.0006;µg/L
NL95_WALCRN2;14/11/2023;EB;1269;<;0.0006;µg/L
NL95_WALCRN2;05/12/2023;EB;1269;=;NV;µg/L
NL95_WALCRN2;13/12/2023;EB;1269;<;0.0006;µg/L
NL95_WALCRN2;18/01/2023;EB;1272;<;0.0100;µg/L
NL95_WALCRN2;15/02/2023;EB;1272;<;0.0100;µg/L
NL95_WALCRN2;22/03/2023;EB;1272;<;0.0100;µg/L
NL95_WALCRN2;19/04/2023;EB;1272;<;0.0100;µg/L
NL95_WALCRN2;05/06/2023;EB;1272;<;0.0100;µg/L
NL95_WALCRN2;19/07/2023;EB;1272;<;0.0100;µg/L
NL95_WALCRN2;31/08/2023;EB;1272;<;0.0100;µg/L
NL95_WALCRN2;27/09/2023;EB;1272;<;0.0100;µg/L
NL95_WALCRN2;11/10/2023;EB;1272;<;0.0100;µg/L
NL95_WALCRN2;25/10/2023;EB;1272;<;0.0100;µg/L
NL95_WALCRN2;14/11/2023;EB;1272;<;0.0100;µg/L
NL95_WALCRN2;05/12/2023;EB;1272;=;NV;µg/L
NL95_WALCRN2;13/12/2023;EB;1272;<;0.0100;µg/L
NL95_WALCRN2;18/01/2023;EB;1276;<;0.0100;µg/L
NL95_WALCRN2;15/02/2023;EB;1276;<;0.1000;µg/L
NL95_WALCRN2;22/03/2023;EB;1276;<;0.1000;µg/L
NL95_WALCRN2;19/04/2023;EB;1276;<;0.1000;µg/L
NL95_WALCRN2;05/06/2023;EB;1276;<;0.0100;µg/L
NL95_WALCRN2;19/07/2023;EB;1276;<;0.0100;µg/L
NL95_WALCRN2;31/08/2023;EB;1276;<;0.0100;µg/L
NL95_WALCRN2;27/09/2023;EB;1276;<;0.0100;µg/L
NL95_WALCRN2;11/10/2023;EB;1276;<;0.0100;µg/L
NL95_WALCRN2;25/10/2023;EB;1276;<;0.0100;µg/L
NL95_WALCRN2;14/11/2023;EB;1276;<;0.0100;µg/L
NL95_WALCRN2;05/12/2023;EB;1276;=;NV;µg/L
NL95_WALCRN2;13/12/2023;EB;1276;<;0.0100;µg/L
NL95_WALCRN2;18/01/2023;EB;1283;<;0.0100;µg/L
NL95_WALCRN2;15/02/2023;EB;1283;<;0.0100;µg/L
NL95_WALCRN2;22/03/2023;EB;1283;<;0.0100;µg/L
NL95_WALCRN2;19/04/2023;EB;1283;<;0.0100;µg/L
NL95_WALCRN2;05/06/2023;EB;1283;<;0.0100;µg/L
NL95_WALCRN2;19/07/2023;EB;1283;<;0.0100;µg/L
NL95_WALCRN2;31/08/2023;EB;1283;<;0.0100;µg/L
NL95_WALCRN2;27/09/2023;EB;1283;<;0.0100;µg/L
NL95_WALCRN2;11/10/2023;EB;1283;<;0.0100;µg/L
NL95_WALCRN2;25/10/2023;EB;1283;<;0.0100;µg/L
NL95_WALCRN2;14/11/2023;EB;1283;<;0.0100;µg/L
NL95_WALCRN2;05/12/2023;EB;1283;=;NV;µg/L
NL95_WALCRN2;13/12/2023;EB;1283;<;0.0100;µg/L
NL95_WALCRN2;18/01/2023;EB;1286;<;0.0100;µg/L
NL95_WALCRN2;15/02/2023;EB;1286;<;0.0100;µg/L
NL95_WALCRN2;22/03/2023;EB;1286;<;0.0100;µg/L
NL95_WALCRN2;19/04/2023;EB;1286;<;0.0100;µg/L
NL95_WALCRN2;05/06/2023;EB;1286;<;0.0100;µg/L
NL95_WALCRN2;19/07/2023;EB;1286;<;0.0100;µg/L
NL95_WALCRN2;31/08/2023;EB;1286;<;0.0100;µg/L
NL95_WALCRN2;27/09/2023;EB;1286;<;0.0100;µg/L
NL95_WALCRN2;11/10/2023;EB;1286;<;0.0100;µg/L
NL95_WALCRN2;25/10/2023;EB;1286;<;0.0100;µg/L
NL95_WALCRN2;14/11/2023;EB;1286;<;0.0100;µg/L
NL95_WALCRN2;05/12/2023;EB;1286;=;NV;µg/L
NL95_WALCRN2;13/12/2023;EB;1286;<;0.0100;µg/L
NL95_WALCRN2;18/01/2023;EB;1289;=;NV;µg/L
NL95_WALCRN2;15/02/2023;EB;1289;=;NV;µg/L
NL95_WALCRN2;22/03/2023;EB;1289;=;NV;µg/L
NL95_WALCRN2;19/04/2023;EB;1289;=;NV;µg/L
NL95_WALCRN2;05/06/2023;EB;1289;=;NV;µg/L
NL95_WALCRN2;19/07/2023;EB;1289;=;NV;µg/L
NL95_WALCRN2;31/08/2023;EB;1289;=;NV;µg/L
NL95_WALCRN2;25/10/2023;EB;1289;=;NV;µg/L
NL95_WALCRN2;05/12/2023;EB;1289;=;NV;µg/L
NL95_WALCRN2;18/01/2023;EB;1301;=;7.3300;°C
NL95_WALCRN2;15/02/2023;EB;1301;=;7.1700;°C
NL95_WALCRN2;22/03/2023;EB;1301;=;7.4900;°C
NL95_WALCRN2;19/04/2023;EB;1301;=;10.3000;°C
NL95_WALCRN2;05/06/2023;EB;1301;=;14.8000;°C
NL95_WALCRN2;19/07/2023;EB;1301;=;19.7000;°C
NL95_WALCRN2;31/08/2023;EB;1301;=;19.4000;°C
NL95_WALCRN2;27/09/2023;EB;1301;=;18.3000;°C
NL95_WALCRN2;11/10/2023;EB;1301;=;17.7000;°C
NL95_WALCRN2;25/10/2023;EB;1301;=;14.3000;°C
NL95_WALCRN2;14/11/2023;EB;1301;=;11.3000;°C
NL95_WALCRN2;05/12/2023;EB;1301;=;NV;°C
NL95_WALCRN2;13/12/2023;EB;1301;=;7.8900;°C
NL95_WALCRN2;18/01/2023;EB;1302;=;7.8600;u pH
NL95_WALCRN2;15/02/2023;EB;1302;=;7.9500;u pH
NL95_WALCRN2;22/03/2023;EB;1302;=;8.0400;u pH
NL95_WALCRN2;19/04/2023;EB;1302;=;8.1200;u pH
NL95_WALCRN2;05/06/2023;EB;1302;=;7.9900;u pH
NL95_WALCRN2;19/07/2023;EB;1302;=;8.0900;u pH
NL95_WALCRN2;31/08/2023;EB;1302;=;8.0400;u pH
NL95_WALCRN2;27/09/2023;EB;1302;=;8.0100;u pH
NL95_WALCRN2;11/10/2023;EB;1302;=;7.9600;u pH
NL95_WALCRN2;25/10/2023;EB;1302;=;7.9500;u pH
NL95_WALCRN2;14/11/2023;EB;1302;=;7.8400;u pH
NL95_WALCRN2;05/12/2023;EB;1302;=;NV;u pH
NL95_WALCRN2;13/12/2023;EB;1302;=;7.8900;u pH
NL95_WALCRN2;05/12/2023;EB;1303;=;NV;µS/cm (à/bij 25°C)
NL95_WALCRN2;18/01/2023;EB;1305;=;53.1000;mg/L
NL95_WALCRN2;15/02/2023;EB;1305;=;9.3300;mg/L
NL95_WALCRN2;22/03/2023;EB;1305;=;35.2000;mg/L
NL95_WALCRN2;19/04/2023;EB;1305;=;27.1000;mg/L
NL95_WALCRN2;05/06/2023;EB;1305;=;6.0300;mg/L
NL95_WALCRN2;19/07/2023;EB;1305;=;47.1000;mg/L
NL95_WALCRN2;31/08/2023;EB;1305;=;19.3000;mg/L
NL95_WALCRN2;27/09/2023;EB;1305;=;28.8000;mg/L
NL95_WALCRN2;11/10/2023;EB;1305;=;14.4000;mg/L
NL95_WALCRN2;25/10/2023;EB;1305;=;75.8000;mg/L
NL95_WALCRN2;14/11/2023;EB;1305;=;59.4000;mg/L
NL95_WALCRN2;05/12/2023;EB;1305;=;NV;mg/L
NL95_WALCRN2;13/12/2023;EB;1305;=;61.2000;mg/L
NL95_WALCRN2;18/01/2023;EB;1311;=;88.9000;%
NL95_WALCRN2;18/01/2023;EB;1311;=;8.6600;mg/L
NL95_WALCRN2;15/02/2023;EB;1311;=;104.0000;%
NL95_WALCRN2;15/02/2023;EB;1311;=;10.1000;mg/L
NL95_WALCRN2;22/03/2023;EB;1311;=;122.0000;%
NL95_WALCRN2;22/03/2023;EB;1311;=;11.8000;mg/L
NL95_WALCRN2;19/04/2023;EB;1311;=;114.0000;%
NL95_WALCRN2;19/04/2023;EB;1311;=;10.4000;mg/L
NL95_WALCRN2;05/06/2023;EB;1311;=;114.0000;%
NL95_WALCRN2;05/06/2023;EB;1311;=;9.5700;mg/L
NL95_WALCRN2;19/07/2023;EB;1311;=;129.0000;%
NL95_WALCRN2;19/07/2023;EB;1311;=;9.7700;mg/L
NL95_WALCRN2;31/08/2023;EB;1311;=;113.0000;%
NL95_WALCRN2;31/08/2023;EB;1311;=;8.3800;mg/L
NL95_WALCRN2;27/09/2023;EB;1311;=;87.1000;%
NL95_WALCRN2;27/09/2023;EB;1311;=;6.6300;mg/L
NL95_WALCRN2;11/10/2023;EB;1311;=;90.2000;%
NL95_WALCRN2;11/10/2023;EB;1311;=;6.9400;mg/L
NL95_WALCRN2;25/10/2023;EB;1311;=;85.6000;%
NL95_WALCRN2;25/10/2023;EB;1311;=;7.0600;mg/L
NL95_WALCRN2;14/11/2023;EB;1311;=;86.7000;%
NL95_WALCRN2;14/11/2023;EB;1311;=;7.6300;mg/L
NL95_WALCRN2;05/12/2023;EB;1311;=;NV;%
NL95_WALCRN2;05/12/2023;EB;1311;=;NV;mg/L
NL95_WALCRN2;13/12/2023;EB;1311;=;96.8000;%
NL95_WALCRN2;13/12/2023;EB;1311;=;9.4000;mg/L
NL95_WALCRN2;18/01/2023;EF;1335;=;0.0835;mg/L N
NL95_WALCRN2;15/02/2023;EF;1335;=;0.0124;mg/L N
NL95_WALCRN2;22/03/2023;EF;1335;=;0.0128;mg/L N
NL95_WALCRN2;19/04/2023;EF;1335;=;0.0698;mg/L N
NL95_WALCRN2;05/06/2023;EF;1335;=;0.0458;mg/L N
NL95_WALCRN2;19/07/2023;EF;1335;=;0.0121;mg/L N
NL95_WALCRN2;31/08/2023;EF;1335;=;0.0093;mg/L N
NL95_WALCRN2;27/09/2023;EF;1335;=;0.0471;mg/L N
NL95_WALCRN2;11/10/2023;EF;1335;=;0.0316;mg/L N
NL95_WALCRN2;25/10/2023;EF;1335;=;0.0524;mg/L N
NL95_WALCRN2;14/11/2023;EF;1335;=;0.0879;mg/L N
NL95_WALCRN2;05/12/2023;EF;1335;=;NV;mg/L N
NL95_WALCRN2;13/12/2023;EF;1335;=;0.0795;mg/L N
NL95_WALCRN2;18/01/2023;EF;1337;=;19000.0000;mg/L
NL95_WALCRN2;15/02/2023;EF;1337;=;18000.0000;mg/L
NL95_WALCRN2;22/03/2023;EF;1337;=;18000.0000;mg/L
NL95_WALCRN2;19/04/2023;EF;1337;=;18000.0000;mg/L
NL95_WALCRN2;05/06/2023;EF;1337;=;17000.0000;mg/L
NL95_WALCRN2;19/07/2023;EF;1337;=;18000.0000;mg/L
NL95_WALCRN2;31/08/2023;EF;1337;=;19000.0000;mg/L
NL95_WALCRN2;27/09/2023;EF;1337;=;18000.0000;mg/L
NL95_WALCRN2;11/10/2023;EF;1337;=;19000.0000;mg/L
NL95_WALCRN2;25/10/2023;EF;1337;=;24000.0000;mg/L
NL95_WALCRN2;14/11/2023;EF;1337;=;17000.0000;mg/L
NL95_WALCRN2;05/12/2023;EF;1337;=;NV;mg/L
NL95_WALCRN2;13/12/2023;EF;1337;=;17000.0000;mg/L
NL95_WALCRN2;18/01/2023;EF;1338;=;2600.0000;mg/L
NL95_WALCRN2;15/02/2023;EF;1338;=;2500.0000;mg/L
NL95_WALCRN2;22/03/2023;EF;1338;=;2500.0000;mg/L
NL95_WALCRN2;19/04/2023;EF;1338;=;2500.0000;mg/L
NL95_WALCRN2;05/06/2023;EF;1338;=;2600.0000;mg/L
NL95_WALCRN2;19/07/2023;EF;1338;=;2500.0000;mg/L
NL95_WALCRN2;31/08/2023;EF;1338;=;2500.0000;mg/L
NL95_WALCRN2;27/09/2023;EF;1338;=;2700.0000;mg/L
NL95_WALCRN2;11/10/2023;EF;1338;=;2700.0000;mg/L
NL95_WALCRN2;25/10/2023;EF;1338;=;2600.0000;mg/L
NL95_WALCRN2;14/11/2023;EF;1338;=;2500.0000;mg/L
NL95_WALCRN2;05/12/2023;EF;1338;=;NV;mg/L
NL95_WALCRN2;13/12/2023;EF;1338;=;2400.0000;mg/L
NL95_WALCRN2;18/01/2023;EF;1339;=;0.0131;mg/L N
NL95_WALCRN2;15/02/2023;EF;1339;=;0.0066;mg/L N
NL95_WALCRN2;22/03/2023;EF;1339;=;0.0022;mg/L N
NL95_WALCRN2;19/04/2023;EF;1339;=;0.0041;mg/L N
NL95_WALCRN2;05/06/2023;EF;1339;=;0.0036;mg/L N
NL95_WALCRN2;19/07/2023;EF;1339;=;0.0022;mg/L N
NL95_WALCRN2;31/08/2023;EF;1339;<;0.0010;mg/L N
NL95_WALCRN2;27/09/2023;EF;1339;=;0.0063;mg/L N
NL95_WALCRN2;11/10/2023;EF;1339;=;0.0122;mg/L N
NL95_WALCRN2;25/10/2023;EF;1339;=;0.0208;mg/L N
NL95_WALCRN2;14/11/2023;EF;1339;=;0.0134;mg/L N
NL95_WALCRN2;05/12/2023;EF;1339;=;NV;mg/L N
NL95_WALCRN2;13/12/2023;EF;1339;=;0.0225;mg/L N
NL95_WALCRN2;18/01/2023;EF;1340;=;0.3950;mg/L N
NL95_WALCRN2;15/02/2023;EF;1340;=;0.3540;mg/L N
NL95_WALCRN2;22/03/2023;EF;1340;=;0.2550;mg/L N
NL95_WALCRN2;19/04/2023;EF;1340;=;0.1830;mg/L N
NL95_WALCRN2;05/06/2023;EF;1340;=;0.1590;mg/L N
NL95_WALCRN2;19/07/2023;EF;1340;<;0.0100;mg/L N
NL95_WALCRN2;31/08/2023;EF;1340;<;0.0100;mg/L N
NL95_WALCRN2;27/09/2023;EF;1340;=;0.0616;mg/L N
NL95_WALCRN2;11/10/2023;EF;1340;=;0.0992;mg/L N
NL95_WALCRN2;25/10/2023;EF;1340;=;0.2350;mg/L N
NL95_WALCRN2;14/11/2023;EF;1340;=;0.3810;mg/L N
NL95_WALCRN2;05/12/2023;EF;1340;=;NV;mg/L N
NL95_WALCRN2;13/12/2023;EF;1340;=;0.4950;mg/L N
NL95_WALCRN2;18/01/2023;EB;1345;=;NV;°f (degré français/Franse graden)
NL95_WALCRN2;15/02/2023;EB;1345;=;NV;°f (degré français/Franse graden)
NL95_WALCRN2;22/03/2023;EB;1345;=;NV;°f (degré français/Franse graden)
NL95_WALCRN2;19/04/2023;EB;1345;=;NV;°f (degré français/Franse graden)
NL95_WALCRN2;05/06/2023;EB;1345;=;NV;°f (degré français/Franse graden)
NL95_WALCRN2;19/07/2023;EB;1345;=;NV;°f (degré français/Franse graden)
NL95_WALCRN2;31/08/2023;EB;1345;=;NV;°f (degré français/Franse graden)
NL95_WALCRN2;27/09/2023;EB;1345;=;NV;°f (degré français/Franse graden)
NL95_WALCRN2;11/10/2023;EB;1345;=;NV;°f (degré français/Franse graden)
NL95_WALCRN2;25/10/2023;EB;1345;=;NV;°f (degré français/Franse graden)
NL95_WALCRN2;14/11/2023;EB;1345;=;NV;°f (degré français/Franse graden)
NL95_WALCRN2;05/12/2023;EB;1345;=;NV;°f (degré français/Franse graden)
NL95_WALCRN2;13/12/2023;EB;1345;=;NV;°f (degré français/Franse graden)
NL95_WALCRN2;18/01/2023;EB;1350;=;0.0729;mg/L
NL95_WALCRN2;18/01/2023;EF;1350;=;0.0297;mg/L
NL95_WALCRN2;15/02/2023;EB;1350;=;0.0276;mg/L
NL95_WALCRN2;15/02/2023;EF;1350;=;0.0169;mg/L
NL95_WALCRN2;22/03/2023;EB;1350;=;0.0323;mg/L
NL95_WALCRN2;22/03/2023;EF;1350;=;0.0112;mg/L
NL95_WALCRN2;19/04/2023;EB;1350;=;0.0334;mg/L
NL95_WALCRN2;19/04/2023;EF;1350;=;0.0131;mg/L
NL95_WALCRN2;05/06/2023;EB;1350;=;0.0206;mg/L
NL95_WALCRN2;05/06/2023;EF;1350;=;0.0128;mg/L
NL95_WALCRN2;19/07/2023;EB;1350;=;0.0465;mg/L
NL95_WALCRN2;19/07/2023;EF;1350;=;0.0166;mg/L
NL95_WALCRN2;31/08/2023;EB;1350;=;0.0259;mg/L
NL95_WALCRN2;31/08/2023;EF;1350;=;0.0101;mg/L
NL95_WALCRN2;27/09/2023;EB;1350;=;0.0420;mg/L
NL95_WALCRN2;27/09/2023;EF;1350;=;0.0183;mg/L
NL95_WALCRN2;11/10/2023;EB;1350;=;0.0420;mg/L
NL95_WALCRN2;11/10/2023;EF;1350;=;0.0230;mg/L
NL95_WALCRN2;25/10/2023;EB;1350;=;0.0865;mg/L
NL95_WALCRN2;25/10/2023;EF;1350;=;0.0305;mg/L
NL95_WALCRN2;14/11/2023;EB;1350;=;0.0757;mg/L
NL95_WALCRN2;14/11/2023;EF;1350;=;0.0281;mg/L
NL95_WALCRN2;05/12/2023;EB;1350;=;NV;mg/L
NL95_WALCRN2;05/12/2023;EF;1350;=;NV;mg/L
NL95_WALCRN2;13/12/2023;EB;1350;=;0.1190;mg/L
NL95_WALCRN2;13/12/2023;EF;1350;=;0.0682;mg/L
NL95_WALCRN2;18/01/2023;EF;1361;=;3.1800;µg/L
NL95_WALCRN2;15/02/2023;EF;1361;=;1.7600;µg/L
NL95_WALCRN2;22/03/2023;EF;1361;=;2.1300;µg/L
NL95_WALCRN2;19/04/2023;EF;1361;=;3.1100;µg/L
NL95_WALCRN2;05/06/2023;EF;1361;=;3.1200;µg/L
NL95_WALCRN2;19/07/2023;EF;1361;=;3.2200;µg/L
NL95_WALCRN2;31/08/2023;EF;1361;=;1.8200;µg/L
NL95_WALCRN2;27/09/2023;EF;1361;=;2.9900;µg/L
NL95_WALCRN2;11/10/2023;EF;1361;=;1.6800;µg/L
NL95_WALCRN2;25/10/2023;EF;1361;=;3.1400;µg/L
NL95_WALCRN2;14/11/2023;EF;1361;=;2.0800;µg/L
NL95_WALCRN2;05/12/2023;EF;1361;=;NV;µg/L
NL95_WALCRN2;13/12/2023;EF;1361;=;2.3400;µg/L
NL95_WALCRN2;18/01/2023;EF;1368;=;0.0048;µg/L
NL95_WALCRN2;15/02/2023;EF;1368;<;0.0030;µg/L
NL95_WALCRN2;22/03/2023;EF;1368;<;0.0030;µg/L
NL95_WALCRN2;19/04/2023;EF;1368;=;0.0045;µg/L
NL95_WALCRN2;05/06/2023;EF;1368;=;0.0031;µg/L
NL95_WALCRN2;19/07/2023;EF;1368;=;0.0041;µg/L
NL95_WALCRN2;31/08/2023;EF;1368;<;0.0030;µg/L
NL95_WALCRN2;27/09/2023;EF;1368;=;0.0043;µg/L
NL95_WALCRN2;11/10/2023;EF;1368;=;0.0031;µg/L
NL95_WALCRN2;25/10/2023;EF;1368;=;0.0072;µg/L
NL95_WALCRN2;14/11/2023;EF;1368;<;0.0030;µg/L
NL95_WALCRN2;05/12/2023;EF;1368;=;NV;µg/L
NL95_WALCRN2;13/12/2023;EF;1368;=;0.0046;µg/L
NL95_WALCRN2;18/01/2023;EF;1369;=;1.4900;µg/L
NL95_WALCRN2;15/02/2023;EF;1369;=;1.0600;µg/L
NL95_WALCRN2;22/03/2023;EF;1369;=;0.9760;µg/L
NL95_WALCRN2;19/04/2023;EF;1369;=;1.4000;µg/L
NL95_WALCRN2;05/06/2023;EF;1369;=;1.3900;µg/L
NL95_WALCRN2;19/07/2023;EF;1369;=;2.1300;µg/L
NL95_WALCRN2;31/08/2023;EF;1369;=;1.3500;µg/L
NL95_WALCRN2;27/09/2023;EF;1369;=;2.0200;µg/L
NL95_WALCRN2;11/10/2023;EF;1369;=;1.6500;µg/L
NL95_WALCRN2;25/10/2023;EF;1369;=;2.0600;µg/L
NL95_WALCRN2;14/11/2023;EF;1369;=;1.3100;µg/L
NL95_WALCRN2;05/12/2023;EF;1369;=;NV;µg/L
NL95_WALCRN2;13/12/2023;EF;1369;=;1.1300;µg/L
NL95_WALCRN2;18/01/2023;EF;1379;=;0.0469;µg/L
NL95_WALCRN2;15/02/2023;EF;1379;=;0.0181;µg/L
NL95_WALCRN2;22/03/2023;EF;1379;=;0.0258;µg/L
NL95_WALCRN2;19/04/2023;EF;1379;=;0.0418;µg/L
NL95_WALCRN2;05/06/2023;EF;1379;=;0.0580;µg/L
NL95_WALCRN2;19/07/2023;EF;1379;=;0.0538;µg/L
NL95_WALCRN2;31/08/2023;EF;1379;=;0.0282;µg/L
NL95_WALCRN2;27/09/2023;EF;1379;=;0.0403;µg/L
NL95_WALCRN2;11/10/2023;EF;1379;=;0.0226;µg/L
NL95_WALCRN2;25/10/2023;EF;1379;=;0.0363;µg/L
NL95_WALCRN2;14/11/2023;EF;1379;=;0.0340;µg/L
NL95_WALCRN2;05/12/2023;EF;1379;=;NV;µg/L
NL95_WALCRN2;13/12/2023;EF;1379;=;0.0279;µg/L
NL95_WALCRN2;18/01/2023;EF;1382;=;0.0273;µg/L
NL95_WALCRN2;15/02/2023;EF;1382;<;0.0200;µg/L
NL95_WALCRN2;22/03/2023;EF;1382;=;0.0282;µg/L
NL95_WALCRN2;19/04/2023;EF;1382;=;0.0429;µg/L
NL95_WALCRN2;05/06/2023;EF;1382;=;0.0328;µg/L
NL95_WALCRN2;19/07/2023;EF;1382;=;0.2540;µg/L
NL95_WALCRN2;31/08/2023;EF;1382;<;0.0200;µg/L
NL95_WALCRN2;27/09/2023;EF;1382;<;0.0200;µg/L
NL95_WALCRN2;11/10/2023;EF;1382;<;0.0200;µg/L
NL95_WALCRN2;25/10/2023;EF;1382;<;0.0200;µg/L
NL95_WALCRN2;14/11/2023;EF;1382;<;0.0200;µg/L
NL95_WALCRN2;05/12/2023;EF;1382;=;NV;µg/L
NL95_WALCRN2;13/12/2023;EF;1382;<;0.0200;µg/L
NL95_WALCRN2;18/01/2023;EF;1383;=;1.7500;µg/L
NL95_WALCRN2;15/02/2023;EF;1383;=;2.6400;µg/L
NL95_WALCRN2;22/03/2023;EF;1383;=;1.9500;µg/L
NL95_WALCRN2;19/04/2023;EF;1383;=;2.3800;µg/L
NL95_WALCRN2;05/06/2023;EF;1383;=;1.3100;µg/L
NL95_WALCRN2;19/07/2023;EF;1383;=;3.1000;µg/L
NL95_WALCRN2;31/08/2023;EF;1383;=;0.8430;µg/L
NL95_WALCRN2;27/09/2023;EF;1383;=;0.7080;µg/L
NL95_WALCRN2;11/10/2023;EF;1383;=;1.0600;µg/L
NL95_WALCRN2;25/10/2023;EF;1383;=;1.7800;µg/L
NL95_WALCRN2;14/11/2023;EF;1383;=;0.8400;µg/L
NL95_WALCRN2;05/12/2023;EF;1383;=;NV;µg/L
NL95_WALCRN2;13/12/2023;EF;1383;=;1.4100;µg/L
NL95_WALCRN2;18/01/2023;EF;1385;=;0.1340;µg/L
NL95_WALCRN2;15/02/2023;EF;1385;=;0.0675;µg/L
NL95_WALCRN2;22/03/2023;EF;1385;=;0.0762;µg/L
NL95_WALCRN2;19/04/2023;EF;1385;=;0.0948;µg/L
NL95_WALCRN2;05/06/2023;EF;1385;=;0.0934;µg/L
NL95_WALCRN2;19/07/2023;EF;1385;=;0.1070;µg/L
NL95_WALCRN2;31/08/2023;EF;1385;=;0.0568;µg/L
NL95_WALCRN2;27/09/2023;EF;1385;=;0.0993;µg/L
NL95_WALCRN2;11/10/2023;EF;1385;=;0.0634;µg/L
NL95_WALCRN2;25/10/2023;EF;1385;=;0.1470;µg/L
NL95_WALCRN2;14/11/2023;EF;1385;=;0.0884;µg/L
NL95_WALCRN2;05/12/2023;EF;1385;=;NV;µg/L
NL95_WALCRN2;13/12/2023;EF;1385;=;0.1050;µg/L
NL95_WALCRN2;18/01/2023;EF;1386;=;0.5200;µg/L
NL95_WALCRN2;15/02/2023;EF;1386;=;0.2420;µg/L
NL95_WALCRN2;22/03/2023;EF;1386;=;0.2960;µg/L
NL95_WALCRN2;19/04/2023;EF;1386;=;0.4330;µg/L
NL95_WALCRN2;05/06/2023;EF;1386;=;0.4060;µg/L
NL95_WALCRN2;19/07/2023;EF;1386;=;0.5340;µg/L
NL95_WALCRN2;31/08/2023;EF;1386;=;0.2620;µg/L
NL95_WALCRN2;27/09/2023;EF;1386;=;0.4340;µg/L
NL95_WALCRN2;11/10/2023;EF;1386;=;0.3620;µg/L
NL95_WALCRN2;25/10/2023;EF;1386;=;0.6170;µg/L
NL95_WALCRN2;14/11/2023;EF;1386;=;0.4050;µg/L
NL95_WALCRN2;05/12/2023;EF;1386;=;NV;µg/L
NL95_WALCRN2;13/12/2023;EF;1386;=;0.4420;µg/L
NL95_WALCRN2;18/01/2023;EF;1387;=;0.0003;µg/L
NL95_WALCRN2;15/02/2023;EF;1387;=;0.0003;µg/L
NL95_WALCRN2;22/03/2023;EF;1387;=;0.0003;µg/L
NL95_WALCRN2;19/04/2023;EF;1387;=;0.0006;µg/L
NL95_WALCRN2;05/06/2023;EF;1387;=;NV;µg/L
NL95_WALCRN2;19/07/2023;EF;1387;=;0.0006;µg/L
NL95_WALCRN2;31/08/2023;EF;1387;=;0.0003;µg/L
NL95_WALCRN2;27/09/2023;EF;1387;=;0.0005;µg/L
NL95_WALCRN2;11/10/2023;EF;1387;<;0.0003;µg/L
NL95_WALCRN2;25/10/2023;EF;1387;<;0.0003;µg/L
NL95_WALCRN2;14/11/2023;EF;1387;<;0.0003;µg/L
NL95_WALCRN2;05/12/2023;EF;1387;=;NV;µg/L
NL95_WALCRN2;13/12/2023;EF;1387;=;0.0005;µg/L
NL95_WALCRN2;18/01/2023;EF;1388;=;0.0261;µg/L
NL95_WALCRN2;15/02/2023;EF;1388;=;0.0109;µg/L
NL95_WALCRN2;22/03/2023;EF;1388;=;0.0153;µg/L
NL95_WALCRN2;19/04/2023;EF;1388;=;0.0209;µg/L
NL95_WALCRN2;05/06/2023;EF;1388;=;0.0151;µg/L
NL95_WALCRN2;19/07/2023;EF;1388;=;0.0198;µg/L
NL95_WALCRN2;31/08/2023;EF;1388;=;0.0106;µg/L
NL95_WALCRN2;27/09/2023;EF;1388;=;0.0185;µg/L
NL95_WALCRN2;11/10/2023;EF;1388;=;0.0149;µg/L
NL95_WALCRN2;25/10/2023;EF;1388;=;0.0376;µg/L
NL95_WALCRN2;14/11/2023;EF;1388;=;0.0174;µg/L
NL95_WALCRN2;05/12/2023;EF;1388;=;NV;µg/L
NL95_WALCRN2;13/12/2023;EF;1388;=;0.0226;µg/L
NL95_WALCRN2;18/01/2023;EF;1392;=;0.6720;µg/L
NL95_WALCRN2;15/02/2023;EF;1392;=;0.6220;µg/L
NL95_WALCRN2;22/03/2023;EF;1392;=;0.4090;µg/L
NL95_WALCRN2;19/04/2023;EF;1392;=;0.6780;µg/L
NL95_WALCRN2;05/06/2023;EF;1392;=;0.7310;µg/L
NL95_WALCRN2;19/07/2023;EF;1392;=;2.1500;µg/L
NL95_WALCRN2;31/08/2023;EF;1392;=;0.9590;µg/L
NL95_WALCRN2;27/09/2023;EF;1392;=;0.8990;µg/L
NL95_WALCRN2;11/10/2023;EF;1392;=;0.6510;µg/L
NL95_WALCRN2;25/10/2023;EF;1392;=;0.9310;µg/L
NL95_WALCRN2;14/11/2023;EF;1392;=;0.4830;µg/L
NL95_WALCRN2;05/12/2023;EF;1392;=;NV;µg/L
NL95_WALCRN2;13/12/2023;EF;1392;=;0.7060;µg/L
NL95_WALCRN2;18/01/2023;EF;1433;=;0.0246;mg/L P
NL95_WALCRN2;15/02/2023;EF;1433;=;0.0102;mg/L P
NL95_WALCRN2;22/03/2023;EF;1433;=;0.0110;mg/L P
NL95_WALCRN2;19/04/2023;EF;1433;=;0.0079;mg/L P
NL95_WALCRN2;05/06/2023;EF;1433;=;0.0048;mg/L P
NL95_WALCRN2;19/07/2023;EF;1433;=;0.0127;mg/L P
NL95_WALCRN2;31/08/2023;EF;1433;=;0.0064;mg/L P
NL95_WALCRN2;27/09/2023;EF;1433;=;0.0120;mg/L P
NL95_WALCRN2;11/10/2023;EF;1433;=;0.0152;mg/L P
NL95_WALCRN2;25/10/2023;EF;1433;=;0.0254;mg/L P
NL95_WALCRN2;14/11/2023;EF;1433;=;0.0316;mg/L P
NL95_WALCRN2;05/12/2023;EF;1433;=;NV;mg/L P
NL95_WALCRN2;13/12/2023;EF;1433;=;0.0504;mg/L P
NL95_WALCRN2;18/01/2023;EB;1439;=;1.1100;µg/L
NL95_WALCRN2;15/02/2023;EB;1439;=;5.9000;µg/L
NL95_WALCRN2;22/03/2023;EB;1439;=;5.7000;µg/L
NL95_WALCRN2;19/04/2023;EB;1439;=;2.4000;µg/L
NL95_WALCRN2;05/06/2023;EB;1439;=;1.0100;µg/L
NL95_WALCRN2;19/07/2023;EB;1439;=;15.1000;µg/L
NL95_WALCRN2;31/08/2023;EB;1439;=;4.4000;µg/L
NL95_WALCRN2;27/09/2023;EB;1439;=;3.5000;µg/L
NL95_WALCRN2;11/10/2023;EB;1439;=;3.7000;µg/L
NL95_WALCRN2;25/10/2023;EB;1439;=;3.6000;µg/L
NL95_WALCRN2;14/11/2023;EB;1439;=;2.9000;µg/L
NL95_WALCRN2;05/12/2023;EB;1439;=;NV;µg/L
NL95_WALCRN2;13/12/2023;EB;1439;=;1.0700;µg/L
NL95_WALCRN2;18/01/2023;EB;1458;<;0.0030;µg/L
NL95_WALCRN2;15/02/2023;EB;1458;<;0.0030;µg/L
NL95_WALCRN2;22/03/2023;EB;1458;<;0.0030;µg/L
NL95_WALCRN2;19/04/2023;EB;1458;<;0.0030;µg/L
NL95_WALCRN2;05/06/2023;EB;1458;<;0.0030;µg/L
NL95_WALCRN2;19/07/2023;EB;1458;<;0.0030;µg/L
NL95_WALCRN2;31/08/2023;EB;1458;<;0.0030;µg/L
NL95_WALCRN2;27/09/2023;EB;1458;<;0.0030;µg/L
NL95_WALCRN2;11/10/2023;EB;1458;<;0.0030;µg/L
NL95_WALCRN2;25/10/2023;EB;1458;<;0.0030;µg/L
NL95_WALCRN2;14/11/2023;EB;1458;<;0.0030;µg/L
NL95_WALCRN2;05/12/2023;EB;1458;=;NV;µg/L
NL95_WALCRN2;13/12/2023;EB;1458;<;0.0030;µg/L
NL95_WALCRN2;18/01/2023;EB;1464;<;0.0003;µg/L
NL95_WALCRN2;15/02/2023;EB;1464;<;0.0003;µg/L
NL95_WALCRN2;22/03/2023;EB;1464;<;0.0003;µg/L
NL95_WALCRN2;19/04/2023;EB;1464;<;0.0003;µg/L
NL95_WALCRN2;05/06/2023;EB;1464;<;0.0003;µg/L
NL95_WALCRN2;19/07/2023;EB;1464;<;0.0003;µg/L
NL95_WALCRN2;31/08/2023;EB;1464;<;0.0003;µg/L
NL95_WALCRN2;27/09/2023;EB;1464;<;0.0003;µg/L
NL95_WALCRN2;11/10/2023;EB;1464;<;0.0003;µg/L
NL95_WALCRN2;25/10/2023;EB;1464;<;0.0003;µg/L
NL95_WALCRN2;14/11/2023;EB;1464;<;0.0003;µg/L
NL95_WALCRN2;05/12/2023;EB;1464;=;NV;µg/L
NL95_WALCRN2;13/12/2023;EB;1464;<;0.0003;µg/L
NL95_WALCRN2;18/01/2023;EB;1517;<;0.0200;µg/L
NL95_WALCRN2;15/02/2023;EB;1517;<;0.0200;µg/L
NL95_WALCRN2;22/03/2023;EB;1517;<;0.0200;µg/L
NL95_WALCRN2;19/04/2023;EB;1517;<;0.0200;µg/L
NL95_WALCRN2;05/06/2023;EB;1517;<;0.0200;µg/L
NL95_WALCRN2;19/07/2023;EB;1517;<;0.0200;µg/L
NL95_WALCRN2;31/08/2023;EB;1517;<;0.0200;µg/L
NL95_WALCRN2;27/09/2023;EB;1517;<;0.0200;µg/L
NL95_WALCRN2;11/10/2023;EB;1517;<;0.0200;µg/L
NL95_WALCRN2;25/10/2023;EB;1517;<;0.0200;µg/L
NL95_WALCRN2;14/11/2023;EB;1517;<;0.0200;µg/L
NL95_WALCRN2;05/12/2023;EB;1517;=;NV;µg/L
NL95_WALCRN2;13/12/2023;EB;1517;<;0.0200;µg/L
NL95_WALCRN2;18/01/2023;EB;1551;=;0.7040;mg/L
NL95_WALCRN2;18/01/2023;EF;1551;=;0.5470;mg/L
NL95_WALCRN2;15/02/2023;EB;1551;=;0.5030;mg/L
NL95_WALCRN2;15/02/2023;EF;1551;=;0.4380;mg/L
NL95_WALCRN2;22/03/2023;EB;1551;=;0.4610;mg/L
NL95_WALCRN2;22/03/2023;EF;1551;=;0.3410;mg/L
NL95_WALCRN2;19/04/2023;EB;1551;=;0.5390;mg/L
NL95_WALCRN2;19/04/2023;EF;1551;=;0.4480;mg/L
NL95_WALCRN2;05/06/2023;EB;1551;=;0.4310;mg/L
NL95_WALCRN2;05/06/2023;EF;1551;=;0.3750;mg/L
NL95_WALCRN2;19/07/2023;EB;1551;=;0.4260;mg/L
NL95_WALCRN2;19/07/2023;EF;1551;=;0.2360;mg/L
NL95_WALCRN2;31/08/2023;EB;1551;=;0.3230;mg/L
NL95_WALCRN2;31/08/2023;EF;1551;=;0.2460;mg/L
NL95_WALCRN2;27/09/2023;EB;1551;=;0.4220;mg/L
NL95_WALCRN2;27/09/2023;EF;1551;=;0.2900;mg/L
NL95_WALCRN2;11/10/2023;EB;1551;=;0.3820;mg/L
NL95_WALCRN2;11/10/2023;EF;1551;=;0.2980;mg/L
NL95_WALCRN2;25/10/2023;EB;1551;=;0.6330;mg/L
NL95_WALCRN2;25/10/2023;EF;1551;=;0.4110;mg/L
NL95_WALCRN2;14/11/2023;EB;1551;=;0.2100;mg/L
NL95_WALCRN2;14/11/2023;EF;1551;=;0.0416;mg/L
NL95_WALCRN2;05/12/2023;EB;1551;=;NV;mg/L
NL95_WALCRN2;05/12/2023;EF;1551;=;NV;mg/L
NL95_WALCRN2;13/12/2023;EB;1551;=;0.9310;mg/L
NL95_WALCRN2;13/12/2023;EF;1551;=;0.7000;mg/L
NL95_WALCRN2;18/01/2023;EB;1629;<;0.0100;µg/L
NL95_WALCRN2;15/02/2023;EB;1629;<;0.0100;µg/L
NL95_WALCRN2;22/03/2023;EB;1629;<;0.0100;µg/L
NL95_WALCRN2;19/04/2023;EB;1629;<;0.0100;µg/L
NL95_WALCRN2;05/06/2023;EB;1629;<;0.0100;µg/L
NL95_WALCRN2;19/07/2023;EB;1629;<;0.0100;µg/L
NL95_WALCRN2;31/08/2023;EB;1629;<;0.0100;µg/L
NL95_WALCRN2;27/09/2023;EB;1629;<;0.0100;µg/L
NL95_WALCRN2;11/10/2023;EB;1629;<;0.0100;µg/L
NL95_WALCRN2;25/10/2023;EB;1629;<;0.0100;µg/L
NL95_WALCRN2;14/11/2023;EB;1629;<;0.0100;µg/L
NL95_WALCRN2;05/12/2023;EB;1629;=;NV;µg/L
NL95_WALCRN2;13/12/2023;EB;1629;<;0.0100;µg/L
NL95_WALCRN2;18/01/2023;EB;1630;<;0.0100;µg/L
NL95_WALCRN2;15/02/2023;EB;1630;<;0.0100;µg/L
NL95_WALCRN2;22/03/2023;EB;1630;<;0.0100;µg/L
NL95_WALCRN2;19/04/2023;EB;1630;<;0.0100;µg/L
NL95_WALCRN2;05/06/2023;EB;1630;<;0.0100;µg/L
NL95_WALCRN2;19/07/2023;EB;1630;<;0.0100;µg/L
NL95_WALCRN2;31/08/2023;EB;1630;<;0.0100;µg/L
NL95_WALCRN2;27/09/2023;EB;1630;<;0.0100;µg/L
NL95_WALCRN2;11/10/2023;EB;1630;<;0.0100;µg/L
NL95_WALCRN2;25/10/2023;EB;1630;<;0.0100;µg/L
NL95_WALCRN2;14/11/2023;EB;1630;<;0.0100;µg/L
NL95_WALCRN2;05/12/2023;EB;1630;=;NV;µg/L
NL95_WALCRN2;13/12/2023;EB;1630;<;0.0100;µg/L
NL95_WALCRN2;18/01/2023;EB;1652;<;0.0005;µg/L
NL95_WALCRN2;15/02/2023;EB;1652;<;0.0005;µg/L
NL95_WALCRN2;22/03/2023;EB;1652;<;0.0005;µg/L
NL95_WALCRN2;19/04/2023;EB;1652;<;0.0005;µg/L
NL95_WALCRN2;05/06/2023;EB;1652;<;0.0005;µg/L
NL95_WALCRN2;19/07/2023;EB;1652;<;0.0005;µg/L
NL95_WALCRN2;31/08/2023;EB;1652;<;0.0005;µg/L
NL95_WALCRN2;27/09/2023;EB;1652;<;0.0005;µg/L
NL95_WALCRN2;11/10/2023;EB;1652;<;0.0005;µg/L
NL95_WALCRN2;25/10/2023;EB;1652;<;0.0005;µg/L
NL95_WALCRN2;14/11/2023;EB;1652;<;0.0005;µg/L
NL95_WALCRN2;05/12/2023;EB;1652;=;NV;µg/L
NL95_WALCRN2;13/12/2023;EB;1652;<;0.0005;µg/L
NL95_WALCRN2;18/01/2023;EB;1688;<;0.0010;µg/L
NL95_WALCRN2;15/02/2023;EB;1688;<;0.0010;µg/L
NL95_WALCRN2;22/03/2023;EB;1688;<;0.0010;µg/L
NL95_WALCRN2;19/04/2023;EB;1688;<;0.0010;µg/L
NL95_WALCRN2;05/06/2023;EB;1688;<;0.0010;µg/L
NL95_WALCRN2;19/07/2023;EB;1688;<;0.0010;µg/L
NL95_WALCRN2;31/08/2023;EB;1688;<;0.0010;µg/L
NL95_WALCRN2;27/09/2023;EB;1688;<;0.0010;µg/L
NL95_WALCRN2;11/10/2023;EB;1688;<;0.0010;µg/L
NL95_WALCRN2;25/10/2023;EB;1688;<;0.0010;µg/L
NL95_WALCRN2;14/11/2023;EB;1688;<;0.0010;µg/L
NL95_WALCRN2;05/12/2023;EB;1688;=;NV;µg/L
NL95_WALCRN2;13/12/2023;EB;1688;<;0.0010;µg/L
NL95_WALCRN2;18/01/2023;EB;1877;<;0.0006;µg/L
NL95_WALCRN2;15/02/2023;EB;1877;<;0.0006;µg/L
NL95_WALCRN2;22/03/2023;EB;1877;<;0.0006;µg/L
NL95_WALCRN2;19/04/2023;EB;1877;<;0.0006;µg/L
NL95_WALCRN2;05/06/2023;EB;1877;<;0.0006;µg/L
NL95_WALCRN2;19/07/2023;EB;1877;<;0.0006;µg/L
NL95_WALCRN2;31/08/2023;EB;1877;<;0.0006;µg/L
NL95_WALCRN2;27/09/2023;EB;1877;<;0.0006;µg/L
NL95_WALCRN2;11/10/2023;EB;1877;<;0.0006;µg/L
NL95_WALCRN2;25/10/2023;EB;1877;<;0.0006;µg/L
NL95_WALCRN2;14/11/2023;EB;1877;<;0.0006;µg/L
NL95_WALCRN2;05/12/2023;EB;1877;=;NV;µg/L
NL95_WALCRN2;13/12/2023;EB;1877;<;0.0006;µg/L
NL95_WALCRN2;18/01/2023;EB;1888;<;0.0000;µg/L
NL95_WALCRN2;15/02/2023;EB;1888;<;0.0000;µg/L
NL95_WALCRN2;22/03/2023;EB;1888;<;0.0000;µg/L
NL95_WALCRN2;19/04/2023;EB;1888;<;0.0000;µg/L
NL95_WALCRN2;05/06/2023;EB;1888;<;0.0000;µg/L
NL95_WALCRN2;19/07/2023;EB;1888;<;0.0000;µg/L
NL95_WALCRN2;31/08/2023;EB;1888;<;0.0000;µg/L
NL95_WALCRN2;27/09/2023;EB;1888;<;0.0000;µg/L
NL95_WALCRN2;11/10/2023;EB;1888;<;0.0000;µg/L
NL95_WALCRN2;25/10/2023;EB;1888;<;0.0000;µg/L
NL95_WALCRN2;14/11/2023;EB;1888;=;0.0000;µg/L
NL95_WALCRN2;05/12/2023;EB;1888;=;NV;µg/L
NL95_WALCRN2;13/12/2023;EB;1888;=;0.0000;µg/L
NL95_WALCRN2;18/01/2023;EB;1935;<;0.0001;µg/L
NL95_WALCRN2;15/02/2023;EB;1935;<;0.0001;µg/L
NL95_WALCRN2;22/03/2023;EB;1935;<;0.0001;µg/L
NL95_WALCRN2;19/04/2023;EB;1935;<;0.0001;µg/L
NL95_WALCRN2;05/06/2023;EB;1935;<;0.0001;µg/L
NL95_WALCRN2;19/07/2023;EB;1935;=;0.0001;µg/L
NL95_WALCRN2;31/08/2023;EB;1935;<;0.0001;µg/L
NL95_WALCRN2;27/09/2023;EB;1935;<;0.0001;µg/L
NL95_WALCRN2;11/10/2023;EB;1935;<;0.0001;µg/L
NL95_WALCRN2;25/10/2023;EB;1935;<;0.0001;µg/L
NL95_WALCRN2;14/11/2023;EB;1935;<;0.0001;µg/L
NL95_WALCRN2;05/12/2023;EB;1935;=;NV;µg/L
NL95_WALCRN2;13/12/2023;EB;1935;<;0.0001;µg/L
NL95_WALCRN2;18/01/2023;EB;1959;<;0.0030;µg/L
NL95_WALCRN2;15/02/2023;EB;1959;<;0.0030;µg/L
NL95_WALCRN2;22/03/2023;EB;1959;<;0.0030;µg/L
NL95_WALCRN2;19/04/2023;EB;1959;<;0.0030;µg/L
NL95_WALCRN2;05/06/2023;EB;1959;<;0.0030;µg/L
NL95_WALCRN2;19/07/2023;EB;1959;<;0.0030;µg/L
NL95_WALCRN2;31/08/2023;EB;1959;<;0.0030;µg/L
NL95_WALCRN2;27/09/2023;EB;1959;<;0.0030;µg/L
NL95_WALCRN2;11/10/2023;EB;1959;<;0.0030;µg/L
NL95_WALCRN2;25/10/2023;EB;1959;<;0.0030;µg/L
NL95_WALCRN2;14/11/2023;EB;1959;<;0.0030;µg/L
NL95_WALCRN2;05/12/2023;EB;1959;=;NV;µg/L
NL95_WALCRN2;13/12/2023;EB;1959;<;0.0030;µg/L
NL95_WALCRN2;18/01/2023;EB;2028;<;0.0001;µg/L
NL95_WALCRN2;15/02/2023;EB;2028;<;0.0001;µg/L
NL95_WALCRN2;22/03/2023;EB;2028;<;0.0001;µg/L
NL95_WALCRN2;19/04/2023;EB;2028;<;0.0001;µg/L
NL95_WALCRN2;05/06/2023;EB;2028;<;0.0001;µg/L
NL95_WALCRN2;19/07/2023;EB;2028;<;0.0001;µg/L
NL95_WALCRN2;31/08/2023;EB;2028;<;0.0001;µg/L
NL95_WALCRN2;27/09/2023;EB;2028;<;0.0001;µg/L
NL95_WALCRN2;11/10/2023;EB;2028;<;0.0001;µg/L
NL95_WALCRN2;25/10/2023;EB;2028;<;0.0001;µg/L
NL95_WALCRN2;14/11/2023;EB;2028;<;0.0001;µg/L
NL95_WALCRN2;05/12/2023;EB;2028;=;NV;µg/L
NL95_WALCRN2;13/12/2023;EB;2028;<;0.0001;µg/L
NL95_WALCRN2;18/01/2023;EB;2879;=;0.0001;µg/L
NL95_WALCRN2;15/02/2023;EB;2879;<;0.0000;µg/L
NL95_WALCRN2;22/03/2023;EB;2879;=;0.0000;µg/L
NL95_WALCRN2;19/04/2023;EB;2879;=;0.0001;µg/L
NL95_WALCRN2;05/06/2023;EB;2879;<;0.0000;µg/L
NL95_WALCRN2;19/07/2023;EB;2879;=;0.0001;µg/L
NL95_WALCRN2;31/08/2023;EB;2879;<;0.0000;µg/L
NL95_WALCRN2;27/09/2023;EB;2879;<;0.0000;µg/L
NL95_WALCRN2;11/10/2023;EB;2879;<;0.0000;µg/L
NL95_WALCRN2;25/10/2023;EB;2879;=;0.0001;µg/L
NL95_WALCRN2;14/11/2023;EB;2879;=;0.0001;µg/L
NL95_WALCRN2;05/12/2023;EB;2879;=;NV;µg/L
NL95_WALCRN2;13/12/2023;EB;2879;=;0.0001;µg/L
NL95_WALCRN2;18/01/2023;EB;2911;<;0.0005;µg/L
NL95_WALCRN2;15/02/2023;EB;2911;<;0.0005;µg/L
NL95_WALCRN2;22/03/2023;EB;2911;<;0.0005;µg/L
NL95_WALCRN2;19/04/2023;EB;2911;<;0.0005;µg/L
NL95_WALCRN2;05/06/2023;EB;2911;<;0.0005;µg/L
NL95_WALCRN2;19/07/2023;EB;2911;<;0.0005;µg/L
NL95_WALCRN2;31/08/2023;EB;2911;<;0.0005;µg/L
NL95_WALCRN2;27/09/2023;EB;2911;<;0.0005;µg/L
NL95_WALCRN2;11/10/2023;EB;2911;<;0.0005;µg/L
NL95_WALCRN2;25/10/2023;EB;2911;<;0.0005;µg/L
NL95_WALCRN2;14/11/2023;EB;2911;<;0.0005;µg/L
NL95_WALCRN2;05/12/2023;EB;2911;=;NV;µg/L
NL95_WALCRN2;13/12/2023;EB;2911;<;0.0005;µg/L
NL95_WALCRN2;18/01/2023;EB;2912;<;0.0005;µg/L
NL95_WALCRN2;15/02/2023;EB;2912;<;0.0005;µg/L
NL95_WALCRN2;22/03/2023;EB;2912;<;0.0005;µg/L
NL95_WALCRN2;19/04/2023;EB;2912;<;0.0005;µg/L
NL95_WALCRN2;05/06/2023;EB;2912;<;0.0005;µg/L
NL95_WALCRN2;19/07/2023;EB;2912;<;0.0005;µg/L
NL95_WALCRN2;31/08/2023;EB;2912;<;0.0005;µg/L
NL95_WALCRN2;27/09/2023;EB;2912;<;0.0005;µg/L
NL95_WALCRN2;11/10/2023;EB;2912;<;0.0005;µg/L
NL95_WALCRN2;25/10/2023;EB;2912;<;0.0005;µg/L
NL95_WALCRN2;14/11/2023;EB;2912;<;0.0005;µg/L
NL95_WALCRN2;05/12/2023;EB;2912;=;NV;µg/L
NL95_WALCRN2;13/12/2023;EB;2912;<;0.0005;µg/L
NL95_WALCRN2;18/01/2023;EB;2915;<;0.0005;µg/L
NL95_WALCRN2;15/02/2023;EB;2915;<;0.0005;µg/L
NL95_WALCRN2;22/03/2023;EB;2915;<;0.0005;µg/L
NL95_WALCRN2;19/04/2023;EB;2915;<;0.0005;µg/L
NL95_WALCRN2;05/06/2023;EB;2915;<;0.0005;µg/L
NL95_WALCRN2;19/07/2023;EB;2915;<;0.0005;µg/L
NL95_WALCRN2;31/08/2023;EB;2915;<;0.0005;µg/L
NL95_WALCRN2;27/09/2023;EB;2915;<;0.0005;µg/L
NL95_WALCRN2;11/10/2023;EB;2915;<;0.0005;µg/L
NL95_WALCRN2;25/10/2023;EB;2915;<;0.0005;µg/L
NL95_WALCRN2;14/11/2023;EB;2915;<;0.0005;µg/L
NL95_WALCRN2;05/12/2023;EB;2915;=;NV;µg/L
NL95_WALCRN2;13/12/2023;EB;2915;<;0.0005;µg/L
NL95_WALCRN2;18/01/2023;EB;2916;<;0.0005;µg/L
NL95_WALCRN2;15/02/2023;EB;2916;<;0.0005;µg/L
NL95_WALCRN2;22/03/2023;EB;2916;<;0.0005;µg/L
NL95_WALCRN2;19/04/2023;EB;2916;<;0.0005;µg/L
NL95_WALCRN2;05/06/2023;EB;2916;<;0.0005;µg/L
NL95_WALCRN2;19/07/2023;EB;2916;<;0.0005;µg/L
NL95_WALCRN2;31/08/2023;EB;2916;<;0.0005;µg/L
NL95_WALCRN2;27/09/2023;EB;2916;<;0.0005;µg/L
NL95_WALCRN2;11/10/2023;EB;2916;<;0.0005;µg/L
NL95_WALCRN2;25/10/2023;EB;2916;<;0.0005;µg/L
NL95_WALCRN2;14/11/2023;EB;2916;<;0.0005;µg/L
NL95_WALCRN2;05/12/2023;EB;2916;=;NV;µg/L
NL95_WALCRN2;13/12/2023;EB;2916;<;0.0005;µg/L
NL95_WALCRN2;18/01/2023;EB;2919;<;0.0005;µg/L
NL95_WALCRN2;15/02/2023;EB;2919;<;0.0005;µg/L
NL95_WALCRN2;22/03/2023;EB;2919;<;0.0005;µg/L
NL95_WALCRN2;19/04/2023;EB;2919;<;0.0005;µg/L
NL95_WALCRN2;05/06/2023;EB;2919;<;0.0005;µg/L
NL95_WALCRN2;19/07/2023;EB;2919;<;0.0005;µg/L
NL95_WALCRN2;31/08/2023;EB;2919;<;0.0005;µg/L
NL95_WALCRN2;27/09/2023;EB;2919;<;0.0005;µg/L
NL95_WALCRN2;11/10/2023;EB;2919;<;0.0005;µg/L
NL95_WALCRN2;25/10/2023;EB;2919;<;0.0005;µg/L
NL95_WALCRN2;14/11/2023;EB;2919;<;0.0005;µg/L
NL95_WALCRN2;05/12/2023;EB;2919;=;NV;µg/L
NL95_WALCRN2;13/12/2023;EB;2919;<;0.0005;µg/L
NL95_WALCRN2;18/01/2023;EB;2920;<;0.0005;µg/L
NL95_WALCRN2;15/02/2023;EB;2920;<;0.0005;µg/L
NL95_WALCRN2;22/03/2023;EB;2920;<;0.0005;µg/L
NL95_WALCRN2;19/04/2023;EB;2920;<;0.0005;µg/L
NL95_WALCRN2;05/06/2023;EB;2920;<;0.0005;µg/L
NL95_WALCRN2;19/07/2023;EB;2920;<;0.0005;µg/L
NL95_WALCRN2;31/08/2023;EB;2920;<;0.0005;µg/L
NL95_WALCRN2;27/09/2023;EB;2920;<;0.0005;µg/L
NL95_WALCRN2;11/10/2023;EB;2920;<;0.0005;µg/L
NL95_WALCRN2;25/10/2023;EB;2920;<;0.0005;µg/L
NL95_WALCRN2;14/11/2023;EB;2920;<;0.0005;µg/L
NL95_WALCRN2;05/12/2023;EB;2920;=;NV;µg/L
NL95_WALCRN2;13/12/2023;EB;2920;<;0.0005;µg/L
NL95_WALCRN2;18/01/2023;EB;5347;=;0.0006;ng/L
NL95_WALCRN2;15/02/2023;EB;5347;=;0.0007;ng/L
NL95_WALCRN2;22/03/2023;EB;5347;=;0.0006;ng/L
NL95_WALCRN2;19/04/2023;EB;5347;=;0.0006;ng/L
NL95_WALCRN2;05/06/2023;EB;5347;=;0.0005;ng/L
NL95_WALCRN2;19/07/2023;EB;5347;=;0.0014;ng/L
NL95_WALCRN2;31/08/2023;EB;5347;=;0.0006;ng/L
NL95_WALCRN2;27/09/2023;EB;5347;=;0.0006;ng/L
NL95_WALCRN2;11/10/2023;EB;5347;=;0.0006;ng/L
NL95_WALCRN2;25/10/2023;EB;5347;=;0.0009;ng/L
NL95_WALCRN2;14/11/2023;EB;5347;=;0.0005;ng/L
NL95_WALCRN2;05/12/2023;EB;5347;=;NV;ng/L
NL95_WALCRN2;13/12/2023;EB;5347;=;0.0006;ng/L
NL95_WALCRN2;18/01/2023;EB;5474;<;0.1000;µg/L
NL95_WALCRN2;15/02/2023;EB;5474;<;0.1000;µg/L
NL95_WALCRN2;22/03/2023;EB;5474;<;0.1000;µg/L
NL95_WALCRN2;19/04/2023;EB;5474;<;0.1000;µg/L
NL95_WALCRN2;05/06/2023;EB;5474;<;0.1000;µg/L
NL95_WALCRN2;19/07/2023;EB;5474;<;0.1000;µg/L
NL95_WALCRN2;31/08/2023;EB;5474;<;0.1000;µg/L
NL95_WALCRN2;27/09/2023;EB;5474;<;0.1000;µg/L
NL95_WALCRN2;11/10/2023;EB;5474;<;0.1000;µg/L
NL95_WALCRN2;25/10/2023;EB;5474;<;0.1000;µg/L
NL95_WALCRN2;14/11/2023;EB;5474;<;0.1000;µg/L
NL95_WALCRN2;05/12/2023;EB;5474;=;NV;µg/L
NL95_WALCRN2;13/12/2023;EB;5474;<;0.1000;µg/L
NL95_WALCRN2;18/01/2023;EB;5977;=;0.3360;ng/L
NL95_WALCRN2;15/02/2023;EB;5977;=;0.2070;ng/L
NL95_WALCRN2;22/03/2023;EB;5977;=;0.3110;ng/L
NL95_WALCRN2;19/04/2023;EB;5977;=;0.4110;ng/L
NL95_WALCRN2;05/06/2023;EB;5977;=;0.2650;ng/L
NL95_WALCRN2;19/07/2023;EB;5977;=;0.6790;ng/L
NL95_WALCRN2;31/08/2023;EB;5977;=;0.3060;ng/L
NL95_WALCRN2;27/09/2023;EB;5977;=;0.3900;ng/L
NL95_WALCRN2;11/10/2023;EB;5977;=;0.3740;ng/L
NL95_WALCRN2;25/10/2023;EB;5977;=;0.4340;ng/L
NL95_WALCRN2;14/11/2023;EB;5977;=;0.3530;ng/L
NL95_WALCRN2;05/12/2023;EB;5977;=;NV;ng/L
NL95_WALCRN2;13/12/2023;EB;5977;=;0.4540;ng/L
NL95_WALCRN2;18/01/2023;EB;5978;=;0.6940;ng/L
NL95_WALCRN2;15/02/2023;EB;5978;=;0.4050;ng/L
NL95_WALCRN2;22/03/2023;EB;5978;=;0.5660;ng/L
NL95_WALCRN2;19/04/2023;EB;5978;=;0.7330;ng/L
NL95_WALCRN2;05/06/2023;EB;5978;=;0.4910;ng/L
NL95_WALCRN2;19/07/2023;EB;5978;=;0.9790;ng/L
NL95_WALCRN2;31/08/2023;EB;5978;=;0.4430;ng/L
NL95_WALCRN2;27/09/2023;EB;5978;=;0.6480;ng/L
NL95_WALCRN2;11/10/2023;EB;5978;=;0.7530;ng/L
NL95_WALCRN2;25/10/2023;EB;5978;=;0.8750;ng/L
NL95_WALCRN2;14/11/2023;EB;5978;=;0.7600;ng/L
NL95_WALCRN2;05/12/2023;EB;5978;=;NV;ng/L
NL95_WALCRN2;13/12/2023;EB;5978;=;0.9000;ng/L
NL95_WALCRN2;18/01/2023;EB;5979;=;0.8140;ng/L
NL95_WALCRN2;15/02/2023;EB;5979;=;0.4650;ng/L
NL95_WALCRN2;22/03/2023;EB;5979;=;0.6180;ng/L
NL95_WALCRN2;19/04/2023;EB;5979;=;0.5720;ng/L
NL95_WALCRN2;05/06/2023;EB;5979;=;0.5040;ng/L
NL95_WALCRN2;19/07/2023;EB;5979;=;0.9200;ng/L
NL95_WALCRN2;31/08/2023;EB;5979;=;0.5120;ng/L
NL95_WALCRN2;27/09/2023;EB;5979;=;0.6990;ng/L
NL95_WALCRN2;11/10/2023;EB;5979;=;0.5970;ng/L
NL95_WALCRN2;25/10/2023;EB;5979;=;0.7350;ng/L
NL95_WALCRN2;14/11/2023;EB;5979;=;0.8030;ng/L
NL95_WALCRN2;05/12/2023;EB;5979;=;NV;ng/L
NL95_WALCRN2;13/12/2023;EB;5979;=;0.8570;ng/L
NL95_WALCRN2;18/01/2023;EB;6616;<;1000.0000;µg/L
NL95_WALCRN2;15/02/2023;EB;6616;<;1000.0000;µg/L
NL95_WALCRN2;22/03/2023;EB;6616;<;1000.0000;µg/L
NL95_WALCRN2;19/04/2023;EB;6616;<;1000.0000;µg/L
NL95_WALCRN2;05/06/2023;EB;6616;<;1000.0000;µg/L
NL95_WALCRN2;19/07/2023;EB;6616;<;1000.0000;µg/L
NL95_WALCRN2;31/08/2023;EB;6616;<;1000.0000;µg/L
NL95_WALCRN2;27/09/2023;EB;6616;<;1000.0000;µg/L
NL95_WALCRN2;11/10/2023;EB;6616;<;1000.0000;µg/L
NL95_WALCRN2;25/10/2023;EB;6616;<;1000.0000;µg/L
NL95_WALCRN2;14/11/2023;EB;6616;<;1000.0000;µg/L
NL95_WALCRN2;05/12/2023;EB;6616;=;NV;µg/L
NL95_WALCRN2;13/12/2023;EB;6616;<;1000.0000;µg/L
NL95_WALCRN2;18/01/2023;EB;6830;=;0.2430;ng/L
NL95_WALCRN2;15/02/2023;EB;6830;=;0.1230;ng/L
NL95_WALCRN2;22/03/2023;EB;6830;=;0.1920;ng/L
NL95_WALCRN2;19/04/2023;EB;6830;=;0.2470;ng/L
NL95_WALCRN2;05/06/2023;EB;6830;=;0.1710;ng/L
NL95_WALCRN2;19/07/2023;EB;6830;=;0.3650;ng/L
NL95_WALCRN2;31/08/2023;EB;6830;=;0.1540;ng/L
NL95_WALCRN2;27/09/2023;EB;6830;=;0.2560;ng/L
NL95_WALCRN2;11/10/2023;EB;6830;=;0.3140;ng/L
NL95_WALCRN2;25/10/2023;EB;6830;=;0.3630;ng/L
NL95_WALCRN2;14/11/2023;EB;6830;=;0.2920;ng/L
NL95_WALCRN2;05/12/2023;EB;6830;=;NV;ng/L
NL95_WALCRN2;13/12/2023;EB;6830;=;0.3300;ng/L
NL95_WALCRN2;15/02/2023;EB;7073;=;1.0200;mg/L
NL95_WALCRN2;05/06/2023;EB;7073;=;1.0600;mg/L
NL95_WALCRN2;31/08/2023;EB;7073;=;1.4600;mg/L
NL95_WALCRN2;14/11/2023;EB;7073;=;0.8020;mg/L
NL95_WALCRN2;18/01/2023;EB;1774;<;0.0300;µg/L
NL95_WALCRN2;15/02/2023;EB;1774;<;0.0300;µg/L
NL95_WALCRN2;22/03/2023;EB;1774;<;0.0300;µg/L
NL95_WALCRN2;19/04/2023;EB;1774;<;0.0300;µg/L
NL95_WALCRN2;05/06/2023;EB;1774;<;0.0300;µg/L
NL95_WALCRN2;19/07/2023;EB;1774;<;0.0300;µg/L
NL95_WALCRN2;31/08/2023;EB;1774;<;0.0300;µg/L
NL95_WALCRN2;27/09/2023;EB;1774;<;0.0300;µg/L
NL95_WALCRN2;11/10/2023;EB;1774;<;0.0300;µg/L
NL95_WALCRN2;25/10/2023;EB;1774;<;0.0300;µg/L
NL95_WALCRN2;14/11/2023;EB;1774;<;0.0300;µg/L
NL95_WALCRN2;05/12/2023;EB;1774;=;NV;µg/L
NL95_WALCRN2;13/12/2023;EB;1774;<;0.0300;µg/L
NL95_WALCRN2;18/01/2023;EB;5534;<;0.0018;µg/L
NL95_WALCRN2;15/02/2023;EB;5534;<;0.0018;µg/L
NL95_WALCRN2;22/03/2023;EB;5534;<;0.0018;µg/L
NL95_WALCRN2;19/04/2023;EB;5534;<;0.0018;µg/L
NL95_WALCRN2;05/06/2023;EB;5534;<;0.0018;µg/L
NL95_WALCRN2;19/07/2023;EB;5534;<;0.0018;µg/L
NL95_WALCRN2;31/08/2023;EB;5534;<;0.0018;µg/L
NL95_WALCRN2;27/09/2023;EB;5534;<;0.0018;µg/L
NL95_WALCRN2;11/10/2023;EB;5534;<;0.0018;µg/L
NL95_WALCRN2;25/10/2023;EB;5534;<;0.0018;µg/L
NL95_WALCRN2;14/11/2023;EB;5534;<;0.0018;µg/L
NL95_WALCRN2;05/12/2023;EB;5534;=;NV;µg/L
NL95_WALCRN2;13/12/2023;EB;5534;<;0.0018;µg/L
NL95_WALCRN2;18/01/2023;EB;6561;=;0.6160;ng/L
NL95_WALCRN2;15/02/2023;EB;6561;=;0.6400;ng/L
NL95_WALCRN2;22/03/2023;EB;6561;=;0.5720;ng/L
NL95_WALCRN2;19/04/2023;EB;6561;=;0.6200;ng/L
NL95_WALCRN2;05/06/2023;EB;6561;=;0.4990;ng/L
NL95_WALCRN2;19/07/2023;EB;6561;=;1.2910;ng/L
NL95_WALCRN2;31/08/2023;EB;6561;=;0.5880;ng/L
NL95_WALCRN2;27/09/2023;EB;6561;=;0.7220;ng/L
NL95_WALCRN2;11/10/2023;EB;6561;=;0.9010;ng/L
NL95_WALCRN2;25/10/2023;EB;6561;=;0.9410;ng/L
NL95_WALCRN2;14/11/2023;EB;6561;=;0.7540;ng/L
NL95_WALCRN2;05/12/2023;EB;6561;=;NV;ng/L
NL95_WALCRN2;13/12/2023;EB;6561;=;0.9580;ng/L
NL95_WALCRN2;18/01/2023;EF;COD;=;1.3100;mg/L
NL95_WALCRN2;15/02/2023;EF;COD;=;1.1400;mg/L
NL95_WALCRN2;22/03/2023;EF;COD;=;1.1000;mg/L
NL95_WALCRN2;19/04/2023;EF;COD;=;1.5700;mg/L
NL95_WALCRN2;05/06/2023;EF;COD;=;1.4800;mg/L
NL95_WALCRN2;19/07/2023;EF;COD;=;1.5800;mg/L
NL95_WALCRN2;31/08/2023;EF;COD;=;0.9300;mg/L
NL95_WALCRN2;27/09/2023;EF;COD;=;1.3500;mg/L
NL95_WALCRN2;11/10/2023;EF;COD;=;1.9700;mg/L
NL95_WALCRN2;25/10/2023;EF;COD;=;1.1600;mg/L
NL95_WALCRN2;14/11/2023;EF;COD;=;1.8600;mg/L
NL95_WALCRN2;05/12/2023;EF;COD;=;NV;mg/L
NL95_WALCRN2;13/12/2023;EF;COD;=;2.0300;mg/L
NL95_WALCRN2;18/01/2023;EB;COT;=;2.4400;mg/L
NL95_WALCRN2;15/02/2023;EB;COT;=;1.5900;mg/L
NL95_WALCRN2;22/03/2023;EB;COT;=;1.9600;mg/L
NL95_WALCRN2;19/04/2023;EB;COT;=;2.3000;mg/L
NL95_WALCRN2;05/06/2023;EB;COT;=;1.8400;mg/L
NL95_WALCRN2;19/07/2023;EB;COT;=;2.8500;mg/L
NL95_WALCRN2;31/08/2023;EB;COT;=;1.4300;mg/L
NL95_WALCRN2;27/09/2023;EB;COT;=;2.1800;mg/L
NL95_WALCRN2;11/10/2023;EB;COT;=;2.5200;mg/L
NL95_WALCRN2;25/10/2023;EB;COT;=;2.8900;mg/L
NL95_WALCRN2;14/11/2023;EB;COT;=;3.1100;mg/L
NL95_WALCRN2;05/12/2023;EB;COT;=;NV;mg/L
NL95_WALCRN2;13/12/2023;EB;COT;=;3.7700;mg/L
NL89_SCHAARVODDL;04/01/2023;EB;1439;<;2.0000;µg/L
NL89_SCHAARVODDL;18/01/2023;EB;1439;<;2.0000;µg/L
NL89_SCHAARVODDL;01/02/2023;EB;1439;<;2.0000;µg/L
NL89_SCHAARVODDL;15/02/2023;EB;1439;=;2.4000;µg/L
NL89_SCHAARVODDL;15/03/2023;EB;1439;=;4.0000;µg/L
NL89_SCHAARVODDL;29/03/2023;EB;1439;<;2.0000;µg/L
NL89_SCHAARVODDL;12/04/2023;EB;1439;<;2.0000;µg/L
NL89_SCHAARVODDL;26/04/2023;EB;1439;=;2.0000;µg/L
NL89_SCHAARVODDL;10/05/2023;EB;1439;=;54.0000;µg/L
NL89_SCHAARVODDL;24/05/2023;EB;1439;;NV;µg/L
NL89_SCHAARVODDL;07/06/2023;EB;1439;=;2.1000;µg/L
NL89_SCHAARVODDL;21/06/2023;EB;1439;=;3.7000;µg/L
NL89_SCHAARVODDL;05/07/2023;EB;1439;<;2.0000;µg/L
NL89_SCHAARVODDL;19/07/2023;EB;1439;=;2.9000;µg/L
NL89_SCHAARVODDL;02/08/2023;EB;1439;=;2.6000;µg/L
NL89_SCHAARVODDL;16/08/2023;EB;1439;=;4.6000;µg/L
NL89_SCHAARVODDL;30/08/2023;EB;1439;=;2.5000;µg/L
NL89_SCHAARVODDL;13/09/2023;EB;1439;=;3.0000;µg/L
NL89_SCHAARVODDL;27/09/2023;EB;1439;=;3.0000;µg/L
NL89_SCHAARVODDL;11/10/2023;EB;1439;<;2.0000;µg/L
NL89_SCHAARVODDL;25/10/2023;EB;1439;<;2.0000;µg/L
NL89_SCHAARVODDL;08/11/2023;EB;1439;<;2.0000;µg/L
NL89_SCHAARVODDL;22/11/2023;EB;1439;=;3.0000;µg/L
NL89_SCHAARVODDL;20/12/2023;EB;1439;<;2.0000;µg/L
NL89_SASVGT;01/11/2023;EB;1439;<;2.0000;µg/L
NL89_SASVGT;02/08/2023;EB;1439;<;2.0000;µg/L
NL89_SASVGT;03/08/2023;EB;1439;=;2.3000;µg/L
NL89_SASVGT;04/05/2023;EB;1439;<;2.0000;µg/L
NL89_SASVGT;05/03/2023;EB;1439;=;9.2000;µg/L
NL89_SASVGT;31/05/2023;EB;1439;=;12.0000;µg/L
NL89_SASVGT;28/06/2023;EB;1439;=;24.0000;µg/L
NL89_SASVGT;26/07/2023;EB;1439;=;12.0000;µg/L
NL89_SASVGT;23/08/2023;EB;1439;=;10.0000;µg/L
NL89_SASVGT;20/09/2023;EB;1439;=;8.9000;µg/L
NL89_SASVGT;18/10/2023;EB;1439;=;6.7000;µg/L
NL89_SASVGT;15/11/2023;EB;1439;=;4.4000;µg/L
NL89_SASVGT;13/12/2023;EB;1439;<;2.0000;µg/L
NL89_SASVGT;31/12/2023;;IBGN;;Goed (Bon);/
NL89_SASVGT;31/12/2023;;IBD;;Goed (Bon);/
NL89_SASVGT;31/12/2023;;FISH;;Goed (Bon);/
NL89_WISSKKE;31/12/2023;;IBGN;;Goed (Bon);/
NL89_WISSKKE;31/12/2023;;IBD;;Matig (Moyen);/
NL89_TERNZBI20;31/12/2023;;IBGN;;Goed (Bon);/
NL89_TERNZBI20;31/12/2023;;IBD;;Goed (Bon);/
NL89_TERNZBI20;31/12/2023;;FISH;;Matig (Moyen);/
NL89_HANSWGL;31/12/2023;;IBGN;;Goed (Bon);/
NL89_HANSWGL;31/12/2023;;IBD;;Goed (Bon);/
NL89_HANSWGL;31/12/2023;;FISH;;Matig (Moyen);/
NL89_SCHAARVODDL;31/12/2023;;IBGN;;Goed (Bon);/
NL89_SCHAARVODDL;31/12/2023;;IBD;;Goed (Bon);/
NL89_SCHAARVODDL;31/12/2023;;FISH;;Matig (Moyen);/
NL89_VLISSGBISSVH;31/12/2023;;IBGN;;Goed (Bon);/
NL89_VLISSGBISSVH;31/12/2023;;IBD;;Goed (Bon);/
NL89_VLISSGBISSVH;31/12/2023;;FISH;;Matig (Moyen);/
NL95_WALCRN2;31/12/2023;;IBGN;;Goed (Bon);/
NL89_HANSWGL;;;1116;=;NM;µg/L
NL89_SASVGT;;;1116;=;NM;µg/L
NL89_SCHAARVODDL;;;1116;=;NM;µg/L
NL89_TERNZBI20;;;1116;=;NM;µg/L
NL89_VLISSGBISSVH;;;1116;=;NM;µg/L
NL89_WISSKKE;;;1116;=;NM;µg/L
NL95_WALCRN2;;;1116;=;NM;µg/L
NL89_HANSWGL;;;1143;=;NM;µg/L
NL89_SASVGT;;;1143;=;NM;µg/L
NL89_SCHAARVODDL;;;1143;=;NM;µg/L
NL89_TERNZBI20;;;1143;=;NM;µg/L
NL89_VLISSGBISSVH;;;1143;=;NM;µg/L
NL89_WISSKKE;;;1143;=;NM;µg/L
NL95_WALCRN2;;;1143;=;NM;µg/L
NL89_HANSWGL;;;1145;=;NM;µg/L
NL89_SASVGT;;;1145;=;NM;µg/L
NL89_SCHAARVODDL;;;1145;=;NM;µg/L
NL89_TERNZBI20;;;1145;=;NM;µg/L
NL89_VLISSGBISSVH;;;1145;=;NM;µg/L
NL89_WISSKKE;;;1145;=;NM;µg/L
NL95_WALCRN2;;;1145;=;NM;µg/L
NL89_HANSWGL;;;1314;=;NM;mg/L O2
NL89_SASVGT;;;1314;=;NM;mg/L O2
NL89_SCHAARVODDL;;;1314;=;NM;mg/L O2
NL89_TERNZBI20;;;1314;=;NM;mg/L O2
NL89_VLISSGBISSVH;;;1314;=;NM;mg/L O2
NL89_WISSKKE;;;1314;=;NM;mg/L O2
NL95_WALCRN2;;;1314;=;NM;mg/L O2
NL89_HANSWGL;;;1319;=;NM;mg/L
NL89_SASVGT;;;1319;=;NM;mg/L
NL89_SCHAARVODDL;;;1319;=;NM;mg/L
NL89_TERNZBI20;;;1319;=;NM;mg/L
NL89_VLISSGBISSVH;;;1319;=;NM;mg/L
NL89_WISSKKE;;;1319;=;NM;mg/L
NL95_WALCRN2;;;1319;=;NM;mg/L
NL89_HANSWGL;;;1743;=;NM;µg/L
NL89_SASVGT;;;1743;=;NM;µg/L
NL89_SCHAARVODDL;;;1743;=;NM;µg/L
NL89_TERNZBI20;;;1743;=;NM;µg/L
NL89_VLISSGBISSVH;;;1743;=;NM;µg/L
NL89_WISSKKE;;;1743;=;NM;µg/L
NL95_WALCRN2;;;1743;=;NM;µg/L
NL89_HANSWGL;;;1920;=;NM;µg/L
NL89_SASVGT;;;1920;=;NM;µg/L
NL89_SCHAARVODDL;;;1920;=;NM;µg/L
NL89_TERNZBI20;;;1920;=;NM;µg/L
NL89_VLISSGBISSVH;;;1920;=;NM;µg/L
NL89_WISSKKE;;;1920;=;NM;µg/L
NL95_WALCRN2;;;1920;=;NM;µg/L
NL89_HANSWGL;;;1955;=;NM;µg/L
NL89_SASVGT;;;1955;=;NM;µg/L
NL89_SCHAARVODDL;;;1955;=;NM;µg/L
NL89_TERNZBI20;;;1955;=;NM;µg/L
NL89_VLISSGBISSVH;;;1955;=;NM;µg/L
NL89_WISSKKE;;;1955;=;NM;µg/L
NL95_WALCRN2;;;1955;=;NM;µg/L
NL89_HANSWGL;;;1958;=;NM;µg/L
NL89_SASVGT;;;1958;=;NM;µg/L
NL89_SCHAARVODDL;;;1958;=;NM;µg/L
NL89_TERNZBI20;;;1958;=;NM;µg/L
NL89_VLISSGBISSVH;;;1958;=;NM;µg/L
NL89_WISSKKE;;;1958;=;NM;µg/L
NL95_WALCRN2;;;1958;=;NM;µg/L
NL89_HANSWGL;;;5537;=;NM;µg/L
NL89_SASVGT;;;5537;=;NM;µg/L
NL89_SCHAARVODDL;;;5537;=;NM;µg/L
NL89_TERNZBI20;;;5537;=;NM;µg/L
NL89_VLISSGBISSVH;;;5537;=;NM;µg/L
NL89_WISSKKE;;;5537;=;NM;µg/L
NL95_WALCRN2;;;5537;=;NM;µg/L
NL89_HANSWGL;;;6678;=;NM;µg/L
NL89_SASVGT;;;6678;=;NM;µg/L
NL89_SCHAARVODDL;;;6678;=;NM;µg/L
NL89_TERNZBI20;;;6678;=;NM;µg/L
NL89_VLISSGBISSVH;;;6678;=;NM;µg/L
NL89_WISSKKE;;;6678;=;NM;µg/L
NL95_WALCRN2;;;6678;=;NM;µg/L
NL89_HANSWGL;;;7128;=;NM;µg/L
NL89_SASVGT;;;7128;=;NM;µg/L
NL89_SCHAARVODDL;;;7128;=;NM;µg/L
NL89_TERNZBI20;;;7128;=;NM;µg/L
NL89_VLISSGBISSVH;;;7128;=;NM;µg/L
NL89_WISSKKE;;;7128;=;NM;µg/L
NL95_WALCRN2;;;7128;=;NM;µg/L
NL89_HANSWGL;;;7170;=;NM;µg/L
NL89_SASVGT;;;7170;=;NM;µg/L
NL89_SCHAARVODDL;;;7170;=;NM;µg/L
NL89_TERNZBI20;;;7170;=;NM;µg/L
NL89_VLISSGBISSVH;;;7170;=;NM;µg/L
NL89_WISSKKE;;;7170;=;NM;µg/L
NL95_WALCRN2;;;7170;=;NM;µg/L
NL89_HANSWGL;;;7706;=;NM;µg/L
NL89_SASVGT;;;7706;=;NM;µg/L
NL89_SCHAARVODDL;;;7706;=;NM;µg/L
NL89_TERNZBI20;;;7706;=;NM;µg/L
NL89_VLISSGBISSVH;;;7706;=;NM;µg/L
NL89_WISSKKE;;;7706;=;NM;µg/L
NL95_WALCRN2;;;7706;=;NM;µg/L
NL89_HANSWGL;;EB;1313;=;NM;mg/L O2
NL89_SASVGT;;EF;1350;=;NM;mg/L
NL89_SASVGT;;EF;1551;=;NM;mg/L
NL89_SCHAARVODDL;;EF;1350;=;NM;mg/L
NL89_SCHAARVODDL;;EF;1551;=;NM;mg/L
NL89_TERNZBI20;;EB;5347;=;NM;ng/L
NL89_TERNZBI20;;EB;5977;=;NM;ng/L
NL89_TERNZBI20;;EB;5978;=;NM;ng/L
NL89_TERNZBI20;;EB;5979;=;NM;ng/L
NL89_TERNZBI20;;EB;6561;=;NM;ng/L
NL89_TERNZBI20;;EB;6830;=;NM;ng/L
NL89_WISSKKE;;EB;1313;=;NM;mg/L O2
NL89_WISSKKE;;;FISH;=;NM;/
NL95_WALCRN2;;EB;1313;=;NM;mg/L O2
NL95_WALCRN2;;;FISH;=;NM;/
NL95_WALCRN2;;;IBD;=;NM;/
